Date (YYYY-MM-DD),NAV
2008-03-31,0
2008-04-01,0
2008-04-02,0
2008-04-03,0
2008-04-04,0
2008-04-05,0
2008-04-06,0
2008-04-07,0
2008-04-08,0
2008-04-09,0
2008-04-10,0
2008-04-11,0
2008-04-12,0
2008-04-13,0
2008-04-14,0
2008-04-15,0
2008-04-16,0
2008-04-17,0
2008-04-18,0
2008-04-19,0
2008-04-20,0
2008-04-21,0
2008-04-22,0
2008-04-23,0
2008-04-24,0
2008-04-25,0
2008-04-26,0
2008-04-27,0
2008-04-28,0
2008-04-29,0
2008-04-30,0
2008-05-01,0
2008-05-02,0
2008-05-03,0
2008-05-04,0
2008-05-05,0
2008-05-06,0
2008-05-07,0
2008-05-08,0
2008-05-09,0
2008-05-10,0
2008-05-11,0
2008-05-12,0
2008-05-13,0
2008-05-14,0
2008-05-15,0
2008-05-16,0
2008-05-17,0
2008-05-18,0
2008-05-19,0
2008-05-20,0
2008-05-21,0
2008-05-22,0
2008-05-23,0
2008-05-24,0
2008-05-25,0
2008-05-26,0
2008-05-27,0
2008-05-28,0
2008-05-29,0
2008-05-30,0
2008-05-31,0
2008-06-01,0
2008-06-02,0
2008-06-03,0
2008-06-04,0
2008-06-05,0
2008-06-06,0
2008-06-07,0
2008-06-08,0
2008-06-09,0
2008-06-10,0
2008-06-11,0
2008-06-12,0
2008-06-13,0
2008-06-14,0
2008-06-15,0
2008-06-16,0
2008-06-17,0
2008-06-18,0
2008-06-19,0
2008-06-20,0
2008-06-21,0
2008-06-22,0
2008-06-23,0
2008-06-24,0
2008-06-25,0
2008-06-26,0
2008-06-27,0
2008-06-28,0
2008-06-29,0
2008-06-30,0
2008-07-01,0
2008-07-02,0
2008-07-03,0
2008-07-04,0
2008-07-05,0
2008-07-06,0
2008-07-07,0
2008-07-08,0
2008-07-09,0
2008-07-10,0
2008-07-11,0
2008-07-12,0
2008-07-13,0
2008-07-14,0
2008-07-15,0
2008-07-16,0
2008-07-17,0
2008-07-18,0
2008-07-19,0
2008-07-20,0
2008-07-21,0
2008-07-22,0
2008-07-23,0
2008-07-24,0
2008-07-25,0
2008-07-26,0
2008-07-27,0
2008-07-28,0
2008-07-29,0
2008-07-30,0
2008-07-31,0
2008-08-01,0
2008-08-02,0
2008-08-03,0
2008-08-04,0
2008-08-05,0
2008-08-06,0
2008-08-07,0
2008-08-08,0
2008-08-09,0
2008-08-10,0
2008-08-11,0
2008-08-12,0
2008-08-13,0
2008-08-14,0
2008-08-15,0
2008-08-16,0
2008-08-17,0
2008-08-18,0
2008-08-19,0
2008-08-20,0
2008-08-21,0
2008-08-22,0
2008-08-23,0
2008-08-24,0
2008-08-25,0
2008-08-26,0
2008-08-27,0
2008-08-28,0
2008-08-29,0
2008-08-30,0
2008-08-31,0
2008-09-01,0
2008-09-02,0
2008-09-03,0
2008-09-04,0
2008-09-05,0
2008-09-06,0
2008-09-07,0
2008-09-08,0
2008-09-09,0
2008-09-10,0
2008-09-11,0
2008-09-12,0
2008-09-13,0
2008-09-14,0
2008-09-15,0
2008-09-16,0
2008-09-17,0
2008-09-18,0
2008-09-19,0
2008-09-20,0
2008-09-21,0
2008-09-22,0
2008-09-23,0
2008-09-24,0
2008-09-25,0
2008-09-26,0
2008-09-27,0
2008-09-28,0
2008-09-29,0
2008-09-30,0
2008-10-01,0
2008-10-02,0
2008-10-03,0
2008-10-04,0
2008-10-05,0
2008-10-06,0
2008-10-07,0
2008-10-08,0
2008-10-09,0
2008-10-10,0
2008-10-11,0
2008-10-12,0
2008-10-13,0
2008-10-14,0
2008-10-15,0
2008-10-16,0
2008-10-17,0
2008-10-18,0
2008-10-19,0
2008-10-20,0
2008-10-21,0
2008-10-22,0
2008-10-23,0
2008-10-24,0
2008-10-25,0
2008-10-26,0
2008-10-27,0
2008-10-28,0
2008-10-29,0
2008-10-30,0
2008-10-31,0
2008-11-01,0
2008-11-02,0
2008-11-03,0
2008-11-04,0
2008-11-05,0
2008-11-06,0
2008-11-07,0
2008-11-08,0
2008-11-09,0
2008-11-10,0
2008-11-11,0
2008-11-12,0
2008-11-13,0
2008-11-14,0
2008-11-15,0
2008-11-16,0
2008-11-17,0
2008-11-18,0
2008-11-19,0
2008-11-20,0
2008-11-21,0
2008-11-22,0
2008-11-23,0
2008-11-24,0
2008-11-25,0
2008-11-26,0
2008-11-27,0
2008-11-28,0
2008-11-29,0
2008-11-30,0
2008-12-01,0
2008-12-02,0
2008-12-03,0
2008-12-04,0
2008-12-05,0
2008-12-06,0
2008-12-07,0
2008-12-08,0
2008-12-09,0
2008-12-10,0
2008-12-11,0
2008-12-12,0
2008-12-13,0
2008-12-14,0
2008-12-15,0
2008-12-16,0
2008-12-17,0
2008-12-18,0
2008-12-19,0
2008-12-20,0
2008-12-21,0
2008-12-22,0
2008-12-23,0
2008-12-24,0
2008-12-25,0
2008-12-26,0
2008-12-27,0
2008-12-28,0
2008-12-29,0
2008-12-30,0
2008-12-31,0
2009-01-01,0
2009-01-02,0
2009-01-03,0
2009-01-04,0
2009-01-05,0
2009-01-06,0
2009-01-07,0
2009-01-08,0
2009-01-09,0
2009-01-10,0
2009-01-11,0
2009-01-12,0
2009-01-13,0
2009-01-14,0
2009-01-15,0
2009-01-16,0
2009-01-17,0
2009-01-18,0
2009-01-19,0
2009-01-20,0
2009-01-21,0
2009-01-22,0
2009-01-23,0
2009-01-24,0
2009-01-25,0
2009-01-26,0
2009-01-27,0
2009-01-28,0
2009-01-29,0
2009-01-30,0
2009-01-31,0
2009-02-01,0
2009-02-02,0
2009-02-03,0
2009-02-04,0
2009-02-05,0
2009-02-06,0
2009-02-07,0
2009-02-08,0
2009-02-09,0
2009-02-10,0
2009-02-11,0
2009-02-12,0
2009-02-13,0
2009-02-14,0
2009-02-15,0
2009-02-16,0
2009-02-17,0
2009-02-18,0
2009-02-19,0
2009-02-20,0
2009-02-21,0
2009-02-22,0
2009-02-23,0
2009-02-24,0
2009-02-25,0
2009-02-26,0
2009-02-27,0
2009-02-28,0
2009-03-01,0
2009-03-02,0
2009-03-03,0
2009-03-04,0
2009-03-05,0
2009-03-06,0
2009-03-07,0
2009-03-08,0
2009-03-09,0
2009-03-10,0
2009-03-11,0
2009-03-12,0
2009-03-13,0
2009-03-14,0
2009-03-15,0
2009-03-16,0
2009-03-17,0
2009-03-18,0
2009-03-19,0
2009-03-20,0
2009-03-21,0
2009-03-22,0
2009-03-23,0
2009-03-24,0
2009-03-25,0
2009-03-26,0
2009-03-27,0
2009-03-28,0
2009-03-29,0
2009-03-30,0
2009-03-31,0
2009-04-01,0
2009-04-02,0
2009-04-03,0
2009-04-04,0
2009-04-05,0
2009-04-06,0
2009-04-07,0
2009-04-08,0
2009-04-09,0
2009-04-10,0
2009-04-11,0
2009-04-12,0
2009-04-13,0
2009-04-14,0
2009-04-15,0
2009-04-16,0
2009-04-17,0
2009-04-18,0
2009-04-19,0
2009-04-20,0
2009-04-21,0
2009-04-22,0
2009-04-23,0
2009-04-24,0
2009-04-25,0
2009-04-26,0
2009-04-27,0
2009-04-28,0
2009-04-29,0
2009-04-30,0
2009-05-01,0
2009-05-02,0
2009-05-03,0
2009-05-04,0
2009-05-05,0
2009-05-06,0
2009-05-07,0
2009-05-08,0
2009-05-09,0
2009-05-10,0
2009-05-11,0
2009-05-12,0
2009-05-13,0
2009-05-14,0
2009-05-15,0
2009-05-16,0
2009-05-17,0
2009-05-18,0
2009-05-19,0
2009-05-20,0
2009-05-21,0
2009-05-22,0
2009-05-23,0
2009-05-24,0
2009-05-25,0
2009-05-26,0
2009-05-27,0
2009-05-28,0
2009-05-29,0
2009-05-30,0
2009-05-31,0
2009-06-01,0
2009-06-02,0
2009-06-03,0
2009-06-04,0
2009-06-05,0
2009-06-06,0
2009-06-07,0
2009-06-08,0
2009-06-09,0
2009-06-10,0
2009-06-11,0
2009-06-12,0
2009-06-13,0
2009-06-14,0
2009-06-15,0
2009-06-16,0
2009-06-17,0
2009-06-18,0
2009-06-19,0
2009-06-20,0
2009-06-21,0
2009-06-22,0
2009-06-23,0
2009-06-24,0
2009-06-25,0
2009-06-26,0
2009-06-27,0
2009-06-28,0
2009-06-29,0
2009-06-30,0
2009-07-01,0
2009-07-02,0
2009-07-03,0
2009-07-04,0
2009-07-05,0
2009-07-06,0
2009-07-07,0
2009-07-08,0
2009-07-09,0
2009-07-10,0
2009-07-11,0
2009-07-12,0
2009-07-13,0
2009-07-14,0
2009-07-15,0
2009-07-16,0
2009-07-17,0
2009-07-18,0
2009-07-19,0
2009-07-20,0
2009-07-21,0
2009-07-22,0
2009-07-23,0
2009-07-24,0
2009-07-25,0
2009-07-26,0
2009-07-27,0
2009-07-28,0
2009-07-29,0
2009-07-30,0
2009-07-31,0
2009-08-01,0
2009-08-02,0
2009-08-03,0
2009-08-04,0
2009-08-05,0
2009-08-06,0
2009-08-07,0
2009-08-08,0
2009-08-09,0
2009-08-10,0
2009-08-11,0
2009-08-12,0
2009-08-13,0
2009-08-14,0
2009-08-15,0
2009-08-16,0
2009-08-17,0
2009-08-18,0
2009-08-19,0
2009-08-20,0
2009-08-21,0
2009-08-22,0
2009-08-23,0
2009-08-24,0
2009-08-25,0
2009-08-26,0
2009-08-27,0
2009-08-28,0
2009-08-29,0
2009-08-30,0
2009-08-31,0
2009-09-01,0
2009-09-02,0
2009-09-03,0
2009-09-04,0
2009-09-05,0
2009-09-06,0
2009-09-07,0
2009-09-08,0
2009-09-09,0
2009-09-10,0
2009-09-11,0
2009-09-12,0
2009-09-13,0
2009-09-14,0
2009-09-15,0
2009-09-16,0
2009-09-17,0
2009-09-18,0
2009-09-19,0
2009-09-20,0
2009-09-21,0
2009-09-22,0
2009-09-23,0
2009-09-24,0
2009-09-25,0
2009-09-26,0
2009-09-27,0
2009-09-28,0
2009-09-29,0
2009-09-30,0
2009-10-01,0
2009-10-02,0
2009-10-03,0
2009-10-04,0
2009-10-05,0
2009-10-06,0
2009-10-07,0
2009-10-08,0
2009-10-09,0
2009-10-10,0
2009-10-11,0
2009-10-12,0
2009-10-13,0
2009-10-14,0
2009-10-15,0
2009-10-16,0
2009-10-17,0
2009-10-18,0
2009-10-19,0
2009-10-20,0
2009-10-21,0
2009-10-22,0
2009-10-23,0
2009-10-24,0
2009-10-25,0
2009-10-26,0
2009-10-27,0
2009-10-28,0
2009-10-29,0
2009-10-30,0
2009-10-31,0
2009-11-01,0
2009-11-02,0
2009-11-03,0
2009-11-04,0
2009-11-05,0
2009-11-06,0
2009-11-07,0
2009-11-08,0
2009-11-09,0
2009-11-10,0
2009-11-11,0
2009-11-12,0
2009-11-13,0
2009-11-14,0
2009-11-15,0
2009-11-16,0
2009-11-17,0
2009-11-18,0
2009-11-19,0
2009-11-20,0
2009-11-21,0
2009-11-22,0
2009-11-23,0
2009-11-24,0
2009-11-25,0
2009-11-26,0
2009-11-27,0
2009-11-28,0
2009-11-29,0
2009-11-30,0
2009-12-01,0
2009-12-02,0
2009-12-03,0
2009-12-04,0
2009-12-05,0
2009-12-06,0
2009-12-07,0
2009-12-08,0
2009-12-09,0
2009-12-10,0
2009-12-11,0
2009-12-12,0
2009-12-13,0
2009-12-14,10
2009-12-15,10
2009-12-16,10
2009-12-17,10
2009-12-18,10
2009-12-19,10
2009-12-20,10
2009-12-21,10
2009-12-22,10
2009-12-23,10
2009-12-24,10
2009-12-25,10
2009-12-26,10
2009-12-27,10
2009-12-28,10
2009-12-29,10
2009-12-30,10
2009-12-31,10
2010-01-01,10
2010-01-02,10
2010-01-03,10
2010-01-04,10
2010-01-05,10
2010-01-06,10
2010-01-07,10
2010-01-08,10
2010-01-09,10
2010-01-10,10
2010-01-11,10
2010-01-12,10
2010-01-13,10
2010-01-14,10
2010-01-15,10
2010-01-16,10
2010-01-17,10
2010-01-18,10
2010-01-19,10.0072
2010-01-20,10.011
2010-01-21,9.9223
2010-01-22,9.7819
2010-01-23,9.7819
2010-01-24,9.7819
2010-01-25,9.6302
2010-01-26,9.6302
2010-01-27,9.4415
2010-01-28,9.4984
2010-01-29,9.6278
2010-01-30,9.6278
2010-01-31,9.6278
2010-02-01,9.5299
2010-02-02,9.4406
2010-02-03,9.5679
2010-02-04,9.4666
2010-02-05,9.2381
2010-02-06,9.4428
2010-02-07,9.4428
2010-02-08,9.2771
2010-02-09,9.3801
2010-02-10,9.2498
2010-02-11,9.3989
2010-02-12,9.3989
2010-02-13,9.3989
2010-02-14,9.3989
2010-02-15,9.3892
2010-02-16,9.4295
2010-02-17,9.4636
2010-02-18,9.4496
2010-02-19,9.4201
2010-02-20,9.3924
2010-02-21,9.3924
2010-02-22,9.3914
2010-02-23,9.4044
2010-02-24,9.4201
2010-02-25,9.3971
2010-02-26,9.4588
2010-02-27,9.5196
2010-02-28,9.5196
2010-03-01,9.5196
2010-03-02,9.5851
2010-03-03,9.7239
2010-03-04,9.7858
2010-03-05,9.7838
2010-03-06,9.7912
2010-03-07,9.7912
2010-03-08,9.8111
2010-03-09,9.8293
2010-03-10,9.8296
2010-03-11,9.8478
2010-03-12,9.8654
2010-03-13,9.8681
2010-03-14,9.8681
2010-03-15,9.8662
2010-03-16,9.8662
2010-03-17,9.9622
2010-03-18,9.9865
2010-03-19,10.0209
2010-03-20,10.0331
2010-03-21,10.0331
2010-03-22,10.0049
2010-03-23,9.9654
2010-03-24,9.9794
2010-03-25,9.9985
2010-03-26,10.0353
2010-03-27,10.0499
2010-03-28,10.0499
2010-03-29,10.0517
2010-03-30,10.0519
2010-03-31,10.0195
2010-04-01,10.0306
2010-04-02,10.0306
2010-04-03,10.0306
2010-04-04,10.0306
2010-04-05,10.1195
2010-04-06,10.1957
2010-04-07,10.2054
2010-04-08,10.1774
2010-04-09,10.1338
2010-04-10,10.2079
2010-04-11,10.2079
2010-04-12,10.1944
2010-04-13,10.1566
2010-04-14,10.1397
2010-04-15,10.1279
2010-04-16,10.0505
2010-04-17,10.034
2010-04-18,10.034
2010-04-19,10.0134
2010-04-20,9.9303
2010-04-21,9.9769
2010-04-22,10.0035
2010-04-23,10.0586
2010-04-24,10.1097
2010-04-25,10.1097
2010-04-26,10.1118
2010-04-27,10.1299
2010-04-28,10.0706
2010-04-29,9.9533
2010-04-30,10.0176
2010-05-01,10.0518
2010-05-02,10.0518
2010-05-03,10.0383
2010-05-04,9.9364
2010-05-05,9.8227
2010-05-06,9.7776
2010-05-07,9.6967
2010-05-08,9.588
2010-05-09,9.588
2010-05-10,9.6477
2010-05-11,9.8915
2010-05-12,9.8043
2010-05-13,9.8497
2010-05-14,9.8433
2010-05-15,9.7243
2010-05-16,9.7243
2010-05-17,9.727
2010-05-18,9.6753
2010-05-19,9.6205
2010-05-20,9.4524
2010-05-21,9.4735
2010-05-22,9.453
2010-05-23,9.453
2010-05-24,9.4601
2010-05-25,9.3934
2010-05-26,9.2714
2010-05-27,9.4427
2010-05-28,9.5746
2010-05-29,9.6474
2010-05-30,9.6474
2010-05-31,9.666
2010-06-01,9.6515
2010-06-02,9.529
2010-06-03,9.6457
2010-06-04,9.7781
2010-06-05,9.806
2010-06-06,9.806
2010-06-07,9.7391
2010-06-08,9.5984
2010-06-09,9.5631
2010-06-10,9.6448
2010-06-11,9.736
2010-06-12,9.7765
2010-06-13,9.7765
2010-06-14,9.8375
2010-06-15,9.9313
2010-06-16,9.9531
2010-06-17,9.9872
2010-06-18,10.0192
2010-06-19,10.0076
2010-06-20,10.0076
2010-06-21,10.0512
2010-06-22,10.1254
2010-06-23,10.0956
2010-06-24,10.0877
2010-06-25,10.0881
2010-06-26,10.0485
2010-06-27,10.0485
2010-06-28,10.0507
2010-06-29,10.0897
2010-06-30,10.0464
2010-07-01,10.0719
2010-07-02,10.0104
2010-07-03,10.0063
2010-07-04,10.0063
2010-07-05,10.0098
2010-07-06,10.0287
2010-07-07,10.0426
2010-07-08,10.036
2010-07-09,10.0861
2010-07-10,10.1264
2010-07-11,10.1264
2010-07-12,10.1291
2010-07-13,10.1613
2010-07-14,10.1783
2010-07-15,10.1676
2010-07-16,10.156
2010-07-17,10.1654
2010-07-18,10.1654
2010-07-19,10.1685
2010-07-20,10.1457
2010-07-21,10.1532
2010-07-22,10.1897
2010-07-23,10.2158
2010-07-24,10.2203
2010-07-25,10.2203
2010-07-26,10.2173
2010-07-27,10.2062
2010-07-28,10.1983
2010-07-29,10.1784
2010-07-30,10.1829
2010-07-31,10.1623
2010-08-01,10.1623
2010-08-02,10.1796
2010-08-03,10.2149
2010-08-04,10.2166
2010-08-05,10.2406
2010-08-06,10.2212
2010-08-07,10.2166
2010-08-08,10.2166
2010-08-09,10.2238
2010-08-10,10.2458
2010-08-11,10.2225
2010-08-12,10.199
2010-08-13,10.2031
2010-08-14,10.2348
2010-08-15,10.2348
2010-08-16,10.2188
2010-08-17,10.1997
2010-08-18,10.2091
2010-08-19,10.2906
2010-08-20,10.3471
2010-08-21,10.3392
2010-08-22,10.3392
2010-08-23,10.3643
2010-08-24,10.3549
2010-08-25,10.2947
2010-08-26,10.2562
2010-08-27,10.2494
2010-08-28,10.1739
2010-08-29,10.1739
2010-08-30,10.176
2010-08-31,10.1804
2010-09-01,10.1842
2010-09-02,10.29
2010-09-03,10.3102
2010-09-04,10.3007
2010-09-05,10.3007
2010-09-06,10.3308
2010-09-07,10.472
2010-09-08,10.51
2010-09-09,10.5319
2010-09-10,10.5788
2010-09-11,10.5788
2010-09-12,10.5788
2010-09-13,10.6198
2010-09-14,10.7913
2010-09-15,10.8602
2010-09-16,10.9358
2010-09-17,10.9144
2010-09-18,10.9973
2010-09-19,10.9973
2010-09-20,11.0259
2010-09-21,11.162
2010-09-22,11.1987
2010-09-23,11.1695
2010-09-24,11.1355
2010-09-25,11.22
2010-09-26,11.22
2010-09-27,11.2365
2010-09-28,11.2534
2010-09-29,11.2414
2010-09-30,11.1796
2010-10-01,11.2846
2010-10-02,11.4427
2010-10-03,11.4427
2010-10-04,11.456
2010-10-05,11.4779
2010-10-06,11.46
2010-10-07,11.5012
2010-10-08,11.3916
2010-10-09,11.369
2010-10-10,11.369
2010-10-11,11.3938
2010-10-12,11.4182
2010-10-13,11.4051
2010-10-14,11.5864
2010-10-15,11.4365
2010-10-16,11.279
2010-10-17,11.279
2010-10-18,11.2961
2010-10-19,11.2934
2010-10-20,11.2079
2010-10-21,11.1962
2010-10-22,11.3538
2010-10-23,11.3022
2010-10-24,11.3022
2010-10-25,11.3317
2010-10-26,11.3818
2010-10-27,11.3192
2010-10-28,11.224
2010-10-29,11.1821
2010-10-30,11.2171
2010-10-31,11.2171
2010-11-01,11.2609
2010-11-02,11.4086
2010-11-03,11.4204
2010-11-04,11.5051
2010-11-05,11.6925
2010-11-06,11.6925
2010-11-07,11.6925
2010-11-08,11.6915
2010-11-09,11.6934
2010-11-10,11.719
2010-11-11,11.6604
2010-11-12,11.494
2010-11-13,11.3193
2010-11-14,11.3193
2010-11-15,11.3451
2010-11-16,11.3673
2010-11-17,11.1703
2010-11-18,11.1689
2010-11-19,11.1447
2010-11-20,10.986
2010-11-21,10.986
2010-11-22,11.0359
2010-11-23,11.1757
2010-11-24,11.0436
2010-11-25,10.9173
2010-11-26,10.7993
2010-11-27,10.7301
2010-11-28,10.7301
2010-11-29,10.7689
2010-11-30,10.887
2010-12-01,10.9466
2010-12-02,11.1216
2010-12-03,11.1881
2010-12-04,11.1617
2010-12-05,11.1617
2010-12-06,11.1508
2010-12-07,11.1562
2010-12-08,11.096
2010-12-09,10.9429
2010-12-10,10.7862
2010-12-11,10.9162
2010-12-12,10.9162
2010-12-13,10.9402
2010-12-14,11.0266
2010-12-15,11.0481
2010-12-16,10.9956
2010-12-17,11.0778
2010-12-18,11.0778
2010-12-19,11.0778
2010-12-20,11.0784
2010-12-21,11.0915
2010-12-22,11.1604
2010-12-23,11.144
2010-12-24,11.1447
2010-12-25,11.192
2010-12-26,11.192
2010-12-27,11.1955
2010-12-28,11.1741
2010-12-29,11.1823
2010-12-30,11.2726
2010-12-31,11.3514
2011-01-01,11.3991
2011-01-02,11.3991
2011-01-03,11.4065
2011-01-04,11.429
2011-01-05,11.4023
2011-01-06,11.2799
2011-01-07,11.2095
2011-01-08,10.9851
2011-01-09,10.9851
2011-01-10,10.9475
2011-01-11,10.7069
2011-01-12,10.7415
2011-01-13,10.8769
2011-01-14,10.6811
2011-01-15,10.5336
2011-01-16,10.5336
2011-01-17,10.5273
2011-01-18,10.5529
2011-01-19,10.6502
2011-01-20,10.6067
2011-01-21,10.6328
2011-01-22,10.6328
2011-01-23,10.61
2011-01-24,10.623
2011-01-25,10.6777
2011-01-26,10.592
2011-01-27,10.5689
2011-01-28,10.4088
2011-01-29,10.2706
2011-01-30,10.2706
2011-01-31,10.2587
2011-02-01,10.2194
2011-02-02,10.0877
2011-02-03,10.154
2011-02-04,10.2495
2011-02-05,10.0586
2011-02-06,10.0586
2011-02-07,10.0861
2011-02-08,10.0455
2011-02-09,9.9156
2011-02-10,9.8333
2011-02-11,9.8402
2011-02-12,9.9446
2011-02-13,9.9446
2011-02-14,10.0202
2011-02-15,10.1917
2011-02-16,10.2355
2011-02-17,10.2479
2011-02-18,10.2988
2011-02-19,10.1946
2011-02-20,10.1946
2011-02-21,10.2201
2011-02-22,10.2774
2011-02-23,10.1834
2011-02-24,10.0769
2011-02-25,9.9022
2011-02-26,9.9464
2011-02-27,9.9464
2011-02-28,9.972
2011-03-01,10.1167
2011-03-02,10.3226
2011-03-03,10.3304
2011-03-04,10.3648
2011-03-05,10.3667
2011-03-06,10.3667
2011-03-07,10.3082
2011-03-08,10.2633
2011-03-09,10.3379
2011-03-10,10.3317
2011-03-11,10.2561
2011-03-12,10.2036
2011-03-13,10.2036
2011-03-14,10.2574
2011-03-15,10.2942
2011-03-16,10.239
2011-03-17,10.265
2011-03-18,10.153
2011-03-19,10.077
2011-03-20,10.077
2011-03-21,10.0672
2011-03-22,10.0938
2011-03-23,10.1744
2011-03-24,10.2921
2011-03-25,10.3924
2011-03-26,10.5236
2011-03-27,10.5236
2011-03-28,10.6024
2011-03-29,10.656
2011-03-30,10.7679
2011-03-31,10.807
2011-04-01,10.8978
2011-04-02,10.8905
2011-04-03,10.8905
2011-04-04,10.9417
2011-04-05,11.0072
2011-04-06,10.9944
2011-04-07,10.9675
2011-04-08,10.9439
2011-04-09,10.9033
2011-04-10,10.9033
2011-04-11,10.8664
2011-04-12,10.8162
2011-04-13,10.8984
2011-04-14,11.0131
2011-04-15,10.9474
2011-04-16,10.8668
2011-04-17,10.8668
2011-04-18,10.7819
2011-04-19,10.6991
2011-04-20,10.8413
2011-04-21,10.9705
2011-04-22,11.0003
2011-04-23,11.0003
2011-04-24,11.0003
2011-04-25,11.0037
2011-04-26,10.9677
2011-04-27,10.972
2011-04-28,10.8573
2011-04-29,10.7598
2011-04-30,10.7279
2011-05-01,10.7279
2011-05-02,10.6973
2011-05-03,10.5519
2011-05-04,10.4053
2011-05-05,10.3127
2011-05-06,10.3427
2011-05-07,10.4146
2011-05-08,10.4146
2011-05-09,10.4116
2011-05-10,10.3702
2011-05-11,10.3864
2011-05-12,10.329
2011-05-13,10.3364
2011-05-14,10.3836
2011-05-15,10.3836
2011-05-16,10.351
2011-05-17,10.2269
2011-05-18,10.1825
2011-05-19,10.2044
2011-05-20,10.2435
2011-05-21,10.2905
2011-05-22,10.2905
2011-05-23,10.1849
2011-05-24,10.1218
2011-05-25,10.0781
2011-05-26,10.1123
2011-05-27,10.2476
2011-05-28,10.2966
2011-05-29,10.2966
2011-05-30,10.2775
2011-05-31,10.3346
2011-06-01,10.4091
2011-06-02,10.435
2011-06-03,10.3623
2011-06-04,10.3377
2011-06-05,10.3377
2011-06-06,10.3599
2011-06-07,10.3967
2011-06-08,10.3735
2011-06-09,10.3806
2011-06-10,10.3335
2011-06-11,10.3134
2011-06-12,10.3134
2011-06-13,10.3414
2011-06-14,10.3131
2011-06-15,10.2453
2011-06-16,10.1467
2011-06-17,10.1266
2011-06-18,10.1043
2011-06-19,10.1043
2011-06-20,9.9855
2011-06-21,9.9286
2011-06-22,9.9395
2011-06-23,9.9802
2011-06-24,10.1681
2011-06-25,10.2772
2011-06-26,10.2772
2011-06-27,10.3181
2011-06-28,10.4085
2011-06-29,10.4527
2011-06-30,10.5261
2011-07-01,10.5744
2011-07-02,10.5602
2011-07-03,10.5602
2011-07-04,10.5727
2011-07-05,10.5919
2011-07-06,10.5724
2011-07-07,10.6542
2011-07-08,10.6655
2011-07-09,10.6199
2011-07-10,10.6199
2011-07-11,10.5758
2011-07-12,10.4894
2011-07-13,10.4616
2011-07-14,10.5148
2011-07-15,10.5073
2011-07-16,10.495
2011-07-17,10.495
2011-07-18,10.5155
2011-07-19,10.5676
2011-07-20,10.4717
2011-07-21,10.4464
2011-07-22,10.5133
2011-07-23,10.5751
2011-07-24,10.5751
2011-07-25,10.6046
2011-07-26,10.5378
2011-07-27,10.4394
2011-07-28,10.4036
2011-07-29,10.3864
2011-07-30,10.3824
2011-07-31,10.3824
2011-08-01,10.3988
2011-08-02,10.3139
2011-08-03,10.2468
2011-08-04,10.1178
2011-08-05,9.9191
2011-08-06,9.8386
2011-08-07,9.8386
2011-08-08,9.7276
2011-08-09,9.6133
2011-08-10,9.7028
2011-08-11,9.7182
2011-08-12,9.6293
2011-08-13,9.5862
2011-08-14,9.5862
2011-08-15,9.5862
2011-08-16,9.5452
2011-08-17,9.5482
2011-08-18,9.4202
2011-08-19,9.2351
2011-08-20,9.1712
2011-08-21,9.1712
2011-08-22,9.2303
2011-08-23,9.3287
2011-08-24,9.2899
2011-08-25,9.1951
2011-08-26,9.0501
2011-08-27,8.9908
2011-08-28,8.9908
2011-08-29,9.208
2011-08-30,9.339
2011-08-31,9.3895
2011-09-01,9.3895
2011-09-02,9.481
2011-09-03,9.5054
2011-09-04,9.5054
2011-09-05,9.4654
2011-09-06,9.5106
2011-09-07,9.6016
2011-09-08,9.6592
2011-09-09,9.5859
2011-09-10,9.5274
2011-09-11,9.5274
2011-09-12,9.4041
2011-09-13,9.3351
2011-09-14,9.3778
2011-09-15,9.4714
2011-09-16,9.5228
2011-09-17,9.5278
2011-09-18,9.5278
2011-09-19,9.4503
2011-09-20,9.5696
2011-09-21,9.6271
2011-09-22,9.4126
2011-09-23,9.2272
2011-09-24,9.1942
2011-09-25,9.1942
2011-09-26,9.1479
2011-09-27,9.2555
2011-09-28,9.3097
2011-09-29,9.3719
2011-09-30,9.3169
2011-10-01,9.2733
2011-10-02,9.2733
2011-10-03,9.2035
2011-10-04,9.0553
2011-10-05,8.9862
2011-10-06,8.9742
2011-10-07,9.1303
2011-10-08,9.2088
2011-10-09,9.2088
2011-10-10,9.3076
2011-10-11,9.3311
2011-10-12,9.4914
2011-10-13,9.572
2011-10-14,9.62
2011-10-15,9.6521
2011-10-16,9.6521
2011-10-17,9.6016
2011-10-18,9.5271
2011-10-19,9.5871
2011-10-20,9.6023
2011-10-21,9.5298
2011-10-22,9.5062
2011-10-23,9.5062
2011-10-24,9.5288
2011-10-25,9.673
2011-10-26,9.673
2011-10-27,9.673
2011-10-28,9.9626
2011-10-29,10.0582
2011-10-30,10.0582
2011-10-31,9.98
2011-11-01,9.8686
2011-11-02,9.8384
2011-11-03,9.8472
2011-11-04,9.8789
2011-11-05,9.8901
2011-11-06,9.8901
2011-11-07,9.8901
2011-11-08,9.9147
2011-11-09,9.8301
2011-11-10,9.7919
2011-11-11,9.7347
2011-11-12,9.706
2011-11-13,9.706
2011-11-14,9.6635
2011-11-15,9.5666
2011-11-16,9.4647
2011-11-17,9.336
2011-11-18,9.2073
2011-11-19,9.1963
2011-11-20,9.1963
2011-11-21,9.0715
2011-11-22,9.0488
2011-11-23,8.9527
2011-11-24,8.9607
2011-11-25,8.9767
2011-11-26,8.9592
2011-11-27,8.9592
2011-11-28,9.0765
2011-11-29,9.0881
2011-11-30,9.0704
2011-12-01,9.2469
2011-12-02,9.4512
2011-12-03,9.4803
2011-12-04,9.4803
2011-12-05,9.4509
2011-12-06,9.4479
2011-12-07,9.4867
2011-12-08,9.3048
2011-12-09,9.2051
2011-12-10,9.1852
2011-12-11,9.1852
2011-12-12,9.0097
2011-12-13,9.0117
2011-12-14,9.0391
2011-12-15,8.9961
2011-12-16,8.8489
2011-12-17,8.825
2011-12-18,8.825
2011-12-19,8.7835
2011-12-20,8.5858
2011-12-21,8.7884
2011-12-22,8.882
2011-12-23,8.8869
2011-12-24,8.8819
2011-12-25,8.8819
2011-12-26,8.9756
2011-12-27,8.9329
2011-12-28,8.8754
2011-12-29,8.776
2011-12-30,8.6925
2011-12-31,8.6872
2012-01-01,8.6872
2012-01-02,8.7148
2012-01-03,8.929
2012-01-04,8.9353
2012-01-05,8.9314
2012-01-06,8.953
2012-01-07,8.9548
2012-01-08,8.9548
2012-01-09,8.9184
2012-01-10,9.0971
2012-01-11,9.086
2012-01-12,9.0533
2012-01-13,9.1082
2012-01-14,9.1163
2012-01-15,9.1163
2012-01-16,9.1204
2012-01-17,9.2487
2012-01-18,9.2517
2012-01-19,9.3398
2012-01-20,9.3875
2012-01-21,9.3946
2012-01-22,9.3946
2012-01-23,9.4636
2012-01-24,9.5476
2012-01-25,9.6284
2012-01-26,9.6355
2012-01-27,9.6894
2012-01-28,9.7
2012-01-29,9.7
2012-01-30,9.6275
2012-01-31,9.6911
2012-02-01,9.77
2012-02-02,9.8029
2012-02-03,9.9223
2012-02-04,9.9284
2012-02-05,9.9284
2012-02-06,9.9606
2012-02-07,9.9433
2012-02-08,9.9922
2012-02-09,10.0699
2012-02-10,10.0142
2012-02-11,10.0107
2012-02-12,10.0107
2012-02-13,10.037
2012-02-14,10.1133
2012-02-15,10.2984
2012-02-16,10.2984
2012-02-17,10.3757
2012-02-18,10.3802
2012-02-19,10.3802
2012-02-20,10.3802
2012-02-21,10.4611
2012-02-22,10.2865
2012-02-23,10.2529
2012-02-24,10.2531
2012-02-25,10.1842
2012-02-26,10.1842
2012-02-27,9.9339
2012-02-28,10.1098
2012-02-29,10.1583
2012-03-01,10.0546
2012-03-02,10.06
2012-03-03,10.0618
2012-03-04,10.0618
2012-03-05,9.9491
2012-03-06,9.8306
2012-03-07,9.8348
2012-03-08,9.8345
2012-03-09,10.0422
2012-03-10,10.0533
2012-03-11,10.0533
2012-03-12,10.0847
2012-03-13,10.223
2012-03-14,10.2766
2012-03-15,10.1423
2012-03-16,10.0023
2012-03-17,9.9959
2012-03-18,9.9959
2012-03-19,9.9016
2012-03-20,9.9268
2012-03-21,10.1036
2012-03-22,9.847
2012-03-23,9.9036
2012-03-24,9.9084
2012-03-25,9.9084
2012-03-26,9.8019
2012-03-27,9.848
2012-03-28,9.8088
2012-03-29,9.8046
2012-03-30,9.9957
2012-03-31,10.007
2012-04-01,10.007
2012-04-02,10.0093
2012-04-03,10.0894
2012-04-04,10.0093
2012-04-05,10.0058
2012-04-06,10.0058
2012-04-07,10.0058
2012-04-08,10.0058
2012-04-09,9.9013
2012-04-10,9.9175
2012-04-11,9.8977
2012-04-12,9.9853
2012-04-13,9.8164
2012-04-14,9.8097
2012-04-15,9.8097
2012-04-16,9.8661
2012-04-17,9.9892
2012-04-18,9.9678
2012-04-19,10.0282
2012-04-20,9.9431
2012-04-21,9.9392
2012-04-22,9.9392
2012-04-23,9.795
2012-04-24,9.8511
2012-04-25,9.7989
2012-04-26,9.8298
2012-04-27,9.7843
2012-04-28,9.7844
2012-04-29,9.7844
2012-04-30,9.8505
2012-05-01,9.8557
2012-05-02,9.8649
2012-05-03,9.7796
2012-05-04,9.5905
2012-05-05,9.5811
2012-05-06,9.5811
2012-05-07,9.6648
2012-05-08,9.4801
2012-05-09,9.4016
2012-05-10,9.3852
2012-05-11,9.3634
2012-05-12,9.3601
2012-05-13,9.3601
2012-05-14,9.1719
2012-05-15,9.2922
2012-05-16,9.2015
2012-05-17,9.2031
2012-05-18,9.2232
2012-05-19,9.2251
2012-05-20,9.2251
2012-05-21,9.2519
2012-05-22,9.1755
2012-05-23,9.1501
2012-05-24,9.2937
2012-05-25,9.3498
2012-05-26,9.3497
2012-05-27,9.3497
2012-05-28,9.3573
2012-05-29,9.4347
2012-05-30,9.311
2012-05-31,9.3551
2012-06-01,9.2009
2012-06-02,9.1936
2012-06-03,9.1936
2012-06-04,9.2018
2012-06-05,9.2227
2012-06-06,9.4717
2012-06-07,9.5288
2012-06-08,9.5614
2012-06-09,9.5631
2012-06-10,9.5631
2012-06-11,9.5617
2012-06-12,9.6517
2012-06-13,9.6576
2012-06-14,9.569
2012-06-15,9.7078
2012-06-16,9.7152
2012-06-17,9.7152
2012-06-18,9.5637
2012-06-19,9.6562
2012-06-20,9.701
2012-06-21,9.7618
2012-06-22,9.7177
2012-06-23,9.7165
2012-06-24,9.7165
2012-06-25,9.6793
2012-06-26,9.6693
2012-06-27,9.7346
2012-06-28,9.7401
2012-06-29,10.0034
2012-06-30,10.0144
2012-07-01,10.0144
2012-07-02,9.9839
2012-07-03,9.9735
2012-07-04,10.0144
2012-07-05,10.0507
2012-07-06,10.0188
2012-07-07,10.0178
2012-07-08,10.0178
2012-07-09,9.9211
2012-07-10,10.0317
2012-07-11,9.9664
2012-07-12,9.8673
2012-07-13,9.8324
2012-07-14,9.8317
2012-07-15,9.8317
2012-07-16,9.8512
2012-07-17,9.7937
2012-07-18,9.893
2012-07-19,9.9464
2012-07-20,9.8794
2012-07-21,9.8763
2012-07-22,9.8763
2012-07-23,9.7083
2012-07-24,9.7265
2012-07-25,9.7296
2012-07-26,9.6045
2012-07-27,9.6587
2012-07-28,9.6632
2012-07-29,9.6632
2012-07-30,9.8262
2012-07-31,9.8987
2012-08-01,9.8981
2012-08-02,9.9002
2012-08-03,9.8802
2012-08-04,9.8792
2012-08-05,9.8792
2012-08-06,9.9571
2012-08-07,10.0354
2012-08-08,10.0544
2012-08-09,10.0382
2012-08-10,10.026
2012-08-11,10.0259
2012-08-12,10.0259
2012-08-13,10.0881
2012-08-14,10.1497
2012-08-15,10.1526
2012-08-16,10.1237
2012-08-17,10.0941
2012-08-18,10.0944
2012-08-19,10.0944
2012-08-20,10.0944
2012-08-21,10.2029
2012-08-22,10.1957
2012-08-23,10.214
2012-08-24,10.1507
2012-08-25,10.1485
2012-08-26,10.1485
2012-08-27,10.1032
2012-08-28,10.063
2012-08-29,9.9771
2012-08-30,10.0176
2012-08-31,9.9153
2012-09-01,9.9111
2012-09-02,9.9111
2012-09-03,9.8925
2012-09-04,9.9441
2012-09-05,9.8747
2012-09-06,9.892
2012-09-07,10.1272
2012-09-08,10.1346
2012-09-09,10.1346
2012-09-10,10.1536
2012-09-11,10.1578
2012-09-12,10.2366
2012-09-13,10.2356
2012-09-14,10.5133
2012-09-15,10.5238
2012-09-16,10.5238
2012-09-17,10.6094
2012-09-18,10.5557
2012-09-19,10.5557
2012-09-20,10.474
2012-09-21,10.7281
2012-09-22,10.7281
2012-09-23,10.7281
2012-09-24,10.689
2012-09-25,10.6994
2012-09-26,10.6947
2012-09-27,10.6605
2012-09-28,10.7424
2012-09-29,10.7424
2012-09-30,10.7424
2012-10-01,10.7875
2012-10-02,10.7875
2012-10-03,10.8349
2012-10-04,10.9248
2012-10-05,10.8356
2012-10-06,10.8356
2012-10-07,10.8356
2012-10-08,10.7167
2012-10-09,10.7484
2012-10-10,10.6601
2012-10-11,10.8682
2012-10-12,10.7681
2012-10-13,10.7681
2012-10-14,10.7681
2012-10-15,10.7716
2012-10-16,10.6656
2012-10-17,10.6775
2012-10-18,10.7902
2012-10-19,10.7214
2012-10-20,10.7214
2012-10-21,10.7214
2012-10-22,10.7904
2012-10-23,10.7448
2012-10-24,10.7448
2012-10-25,10.7827
2012-10-26,10.7074
2012-10-27,10.7074
2012-10-28,10.7074
2012-10-29,10.7214
2012-10-30,10.6013
2012-10-31,10.6184
2012-11-01,10.7009
2012-11-02,10.7861
2012-11-03,10.7861
2012-11-04,10.7861
2012-11-05,10.7792
2012-11-06,10.8205
2012-11-07,10.8805
2012-11-08,10.8336
2012-11-09,10.7491
2012-11-10,10.7491
2012-11-11,10.7491
2012-11-12,10.7692
2012-11-13,10.7692
2012-11-14,10.7692
2012-11-15,10.6425
2012-11-16,10.5529
2012-11-17,10.553
2012-11-18,10.553
2012-11-19,10.5591
2012-11-20,10.541
2012-11-21,10.6131
2012-11-22,10.6543
2012-11-23,10.639
2012-11-24,10.6391
2012-11-25,10.6391
2012-11-26,10.6586
2012-11-27,10.8264
2012-11-28,10.8264
2012-11-29,11
2012-11-30,11.0853
2012-12-01,11.0854
2012-12-02,11.0854
2012-12-03,11.081
2012-12-04,11.1197
2012-12-05,11.1315
2012-12-06,11.1911
2012-12-07,11.1885
2012-12-08,11.1885
2012-12-09,11.1885
2012-12-10,11.1511
2012-12-11,11.1318
2012-12-12,11.1085
2012-12-13,11.0399
2012-12-14,11.1001
2012-12-15,11.1001
2012-12-16,11.1001
2012-12-17,11.0607
2012-12-18,11.1319
2012-12-19,11.1913
2012-12-20,11.1694
2012-12-21,11.0441
2012-12-22,11.0441
2012-12-23,11.0441
2012-12-24,11.0559
2012-12-25,11.0559
2012-12-26,11.1495
2012-12-27,11.1078
2012-12-28,11.1529
2012-12-29,11.1562
2012-12-30,11.1562
2012-12-31,11.1534
2013-01-01,11.2345
2013-01-02,11.314
2013-01-03,11.3442
2013-01-04,11.3564
2013-01-05,11.3564
2013-01-06,11.3564
2013-01-07,11.3045
2013-01-08,11.3301
2013-01-09,11.2731
2013-01-10,11.2678
2013-01-11,11.235
2013-01-12,11.235
2013-01-13,11.235
2013-01-14,11.3722
2013-01-15,11.4333
2013-01-16,11.3335
2013-01-17,11.4009
2013-01-18,11.4461
2013-01-19,11.4461
2013-01-20,11.4461
2013-01-21,11.479
2013-01-22,11.4148
2013-01-23,11.4258
2013-01-24,11.3727
2013-01-25,11.4789
2013-01-26,11.4789
2013-01-27,11.4789
2013-01-28,11.4774
2013-01-29,11.4316
2013-01-30,11.4491
2013-01-31,11.403
2013-02-01,11.3471
2013-02-02,11.3471
2013-02-03,11.3471
2013-02-04,11.3295
2013-02-05,11.2859
2013-02-06,11.2898
2013-02-07,11.2549
2013-02-08,11.1815
2013-02-09,11.1815
2013-02-10,11.1815
2013-02-11,11.1795
2013-02-12,11.2399
2013-02-13,11.2695
2013-02-14,11.1988
2013-02-15,11.1724
2013-02-16,11.1724
2013-02-17,11.1724
2013-02-18,11.1829
2013-02-19,11.2623
2013-02-20,11.276
2013-02-21,11.1167
2013-02-22,11.1144
2013-02-23,11.1144
2013-02-24,11.1144
2013-02-25,11.1146
2013-02-26,10.9368
2013-02-27,11.0052
2013-02-28,10.8176
2013-03-01,10.8899
2013-03-02,10.8899
2013-03-03,10.8899
2013-03-04,10.8603
2013-03-05,11.0164
2013-03-06,11.06
2013-03-07,11.1423
2013-03-08,11.2912
2013-03-09,11.2912
2013-03-10,11.2912
2013-03-11,11.2862
2013-03-12,11.2397
2013-03-13,11.1163
2013-03-14,11.2214
2013-03-15,11.1489
2013-03-16,11.1489
2013-03-17,11.1489
2013-03-18,11.0838
2013-03-19,10.9242
2013-03-20,10.8336
2013-03-21,10.7668
2013-03-22,10.7505
2013-03-23,10.7505
2013-03-24,10.7504
2013-03-25,10.7361
2013-03-26,10.7553
2013-03-27,10.7552
2013-03-28,10.8338
2013-03-29,10.8338
2013-03-30,10.8337
2013-03-31,10.8336
2013-04-01,10.8334
2013-04-02,10.9501
2013-04-03,10.8077
2013-04-04,10.6387
2013-04-05,10.614
2013-04-06,10.614
2013-04-07,10.6139
2013-04-08,10.6114
2013-04-09,10.5236
2013-04-10,10.6381
2013-04-11,10.638
2013-04-12,10.5896
2013-04-13,10.5895
2013-04-14,10.5895
2013-04-15,10.6786
2013-04-16,10.8986
2013-04-17,10.9028
2013-04-18,11.0679
2013-04-19,11.0678
2013-04-20,11.0678
2013-04-21,11.0677
2013-04-22,11.1605
2013-04-23,11.1663
2013-04-24,11.1663
2013-04-25,11.3267
2013-04-26,11.2684
2013-04-27,11.2683
2013-04-28,11.2683
2013-04-29,11.3241
2013-04-30,11.3818
2013-05-01,11.3817
2013-05-02,11.5143
2013-05-03,11.4063
2013-05-04,11.407
2013-05-05,11.4069
2013-05-06,11.4572
2013-05-07,11.5785
2013-05-08,11.6357
2013-05-09,11.6109
2013-05-10,11.6919
2013-05-11,11.7184
2013-05-12,11.7183
2013-05-13,11.4911
2013-05-14,11.5167
2013-05-15,11.7941
2013-05-16,11.8467
2013-05-17,11.8841
2013-05-18,11.884
2013-05-19,11.8839
2013-05-20,11.8294
2013-05-21,11.7518
2013-05-22,11.7164
2013-05-23,11.4779
2013-05-24,11.5066
2013-05-25,11.5157
2013-05-26,11.5156
2013-05-27,11.677
2013-05-28,11.7247
2013-05-29,11.715
2013-05-30,11.7448
2013-05-31,11.4809
2013-06-01,11.4808
2013-06-02,11.4807
2013-06-03,11.3874
2013-06-04,11.3647
2013-06-05,11.3819
2013-06-06,11.3801
2013-06-07,11.3044
2013-06-08,11.3043
2013-06-09,11.3042
2013-06-10,11.3054
2013-06-11,11.158
2013-06-12,11.1069
2013-06-13,10.9915
2013-06-14,11.2079
2013-06-15,11.2078
2013-06-16,11.2077
2013-06-17,11.2985
2013-06-18,11.2303
2013-06-19,11.2431
2013-06-20,10.952
2013-06-21,10.9839
2013-06-22,11.0389
2013-06-23,11.0389
2013-06-24,10.9101
2013-06-25,10.9458
2013-06-26,10.9149
2013-06-27,11.0955
2013-06-28,11.3889
2013-06-29,11.3888
2013-06-30,11.3887
2013-07-01,11.4869
2013-07-02,11.3993
2013-07-03,11.2586
2013-07-04,11.3826
2013-07-05,11.4255
2013-07-06,11.4364
2013-07-07,11.4364
2013-07-08,11.3156
2013-07-09,11.4101
2013-07-10,11.3393
2013-07-11,11.5502
2013-07-12,11.6885
2013-07-13,11.6884
2013-07-14,11.6883
2013-07-15,11.7211
2013-07-16,11.5931
2013-07-17,11.5854
2013-07-18,11.6934
2013-07-19,11.6943
2013-07-20,11.6942
2013-07-21,11.6941
2013-07-22,11.6799
2013-07-23,11.7407
2013-07-24,11.592
2013-07-25,11.4705
2013-07-26,11.445
2013-07-27,11.4449
2013-07-28,11.4448
2013-07-29,11.3572
2013-07-30,11.2093
2013-07-31,11.1938
2013-08-01,11.167
2013-08-02,11.0681
2013-08-03,11.068
2013-08-04,11.0679
2013-08-05,11.0891
2013-08-06,10.8555
2013-08-07,10.783
2013-08-08,10.8584
2013-08-09,10.8583
2013-08-10,10.8582
2013-08-11,10.8581
2013-08-12,10.9297
2013-08-13,11.1158
2013-08-14,11.2087
2013-08-15,11.2086
2013-08-16,10.8032
2013-08-17,10.8031
2013-08-18,10.803
2013-08-19,10.6023
2013-08-20,10.5642
2013-08-21,10.3591
2013-08-22,10.5291
2013-08-23,10.6248
2013-08-24,10.6247
2013-08-25,10.6246
2013-08-26,10.6312
2013-08-27,10.3107
2013-08-28,10.2584
2013-08-29,10.4851
2013-08-30,10.6079
2013-08-31,10.6078
2013-09-01,10.6077
2013-09-02,10.7393
2013-09-03,10.3797
2013-09-04,10.5674
2013-09-05,10.8199
2013-09-06,11.0059
2013-09-07,11.0058
2013-09-08,11.0057
2013-09-09,11.0057
2013-09-10,11.4085
2013-09-11,11.4304
2013-09-12,11.3305
2013-09-13,11.3245
2013-09-14,11.3244
2013-09-15,11.3243
2013-09-16,11.323
2013-09-17,11.3384
2013-09-18,11.4319
2013-09-19,11.8023
2013-09-20,11.6415
2013-09-21,11.6414
2013-09-22,11.6413
2013-09-23,11.4166
2013-09-24,11.4397
2013-09-25,11.4119
2013-09-26,11.4276
2013-09-27,11.3631
2013-09-28,11.363
2013-09-29,11.3629
2013-09-30,11.1785
2013-10-01,11.2747
2013-10-02,11.2747
2013-10-03,11.5088
2013-10-04,11.5127
2013-10-05,11.5126
2013-10-06,11.5125
2013-10-07,11.5014
2013-10-08,11.5464
2013-10-09,11.6887
2013-10-10,11.7225
2013-10-11,11.8727
2013-10-12,11.8726
2013-10-13,11.8725
2013-10-14,11.9029
2013-10-15,11.8558
2013-10-16,11.8557
2013-10-17,11.7712
2013-10-18,12.0263
2013-10-19,12.0262
2013-10-20,12.0261
2013-10-21,12.0508
2013-10-22,12.0469
2013-10-23,12.0217
2013-10-24,11.9951
2013-10-25,11.9631
2013-10-26,11.963
2013-10-27,11.9629
2013-10-28,11.8919
2013-10-29,12.1048
2013-10-30,12.1624
2013-10-31,12.2308
2013-11-01,12.227
2013-11-02,12.2269
2013-11-03,12.2268
2013-11-04,12.2267
2013-11-05,12.1226
2013-11-06,12.07
2013-11-07,12.0236
2013-11-08,11.9417
2013-11-09,11.9417
2013-11-10,11.9416
2013-11-11,11.8351
2013-11-12,11.7259
2013-11-13,11.6743
2013-11-14,11.7974
2013-11-15,11.7973
2013-11-16,11.7972
2013-11-17,11.7971
2013-11-18,12.0365
2013-11-19,12.059
2013-11-20,11.9014
2013-11-21,11.6768
2013-11-22,11.6653
2013-11-23,11.6652
2013-11-24,11.6651
2013-11-25,11.8861
2013-11-26,11.7832
2013-11-27,11.7837
2013-11-28,11.8417
2013-11-29,12.0059
2013-11-30,12.0058
2013-12-01,12.0057
2013-12-02,12.0859
2013-12-03,12.0498
2013-12-04,11.9724
2013-12-05,12.1062
2013-12-06,12.1524
2013-12-07,12.1523
2013-12-08,12.1522
2013-12-09,12.3589
2013-12-10,12.3026
2013-12-11,12.2505
2013-12-12,12.1134
2013-12-13,11.9907
2013-12-14,11.9906
2013-12-15,11.9905
2013-12-16,11.9692
2013-12-17,11.9462
2013-12-18,12.0942
2013-12-19,12.0077
2013-12-20,12.2069
2013-12-21,12.2068
2013-12-22,12.2067
2013-12-23,12.2173
2013-12-24,12.1954
2013-12-25,12.1953
2013-12-26,12.2119
2013-12-27,12.2786
2013-12-28,12.2785
2013-12-29,12.2784
2013-12-30,12.2313
2013-12-31,12.2555
2014-01-01,12.2504
2014-01-02,12.0971
2014-01-03,12.0767
2014-01-04,12.0766
2014-01-05,12.0765
2014-01-06,12.0399
2014-01-07,11.9886
2014-01-08,12.0138
2014-01-09,11.9946
2014-01-10,12.0042
2014-01-11,12.0041
2014-01-12,12.004
2014-01-13,12.1893
2014-01-14,12.1315
2014-01-15,12.2708
2014-01-16,12.2472
2014-01-17,12.1437
2014-01-18,12.1436
2014-01-19,12.1435
2014-01-20,12.2225
2014-01-21,12.2408
2014-01-22,12.2932
2014-01-23,12.303
2014-01-24,12.1715
2014-01-25,12.1714
2014-01-26,12.1713
2014-01-27,11.9356
2014-01-28,11.9015
2014-01-29,11.8993
2014-01-30,11.8179
2014-01-31,11.8646
2014-02-01,11.8645
2014-02-02,11.8644
2014-02-03,11.7164
2014-02-04,11.7207
2014-02-05,11.7563
2014-02-06,11.7806
2014-02-07,11.8303
2014-02-08,11.8302
2014-02-09,11.8301
2014-02-10,11.812
2014-02-11,11.8305
2014-02-12,11.8767
2014-02-13,11.7226
2014-02-14,11.8106
2014-02-15,11.8105
2014-02-16,11.8104
2014-02-17,11.8649
2014-02-18,11.9599
2014-02-19,12.0128
2014-02-20,11.8994
2014-02-21,12.0321
2014-02-22,12.032
2014-02-23,12.0319
2014-02-24,12.0902
2014-02-25,12.1176
2014-02-26,12.1917
2014-02-27,12.1916
2014-02-28,12.2622
2014-03-01,12.2621
2014-03-02,12.262
2014-03-03,12.1563
2014-03-04,12.292
2014-03-05,12.3485
2014-03-06,12.4823
2014-03-07,12.7057
2014-03-08,12.7056
2014-03-09,12.7055
2014-03-10,12.7236
2014-03-11,12.6759
2014-03-12,12.6863
2014-03-13,12.647
2014-03-14,12.6666
2014-03-15,12.6665
2014-03-16,12.6664
2014-03-17,12.6663
2014-03-18,12.6971
2014-03-19,12.7026
2014-03-20,12.6326
2014-03-21,12.6456
2014-03-22,12.6455
2014-03-23,12.6454
2014-03-24,12.817
2014-03-25,12.8278
2014-03-26,12.8477
2014-03-27,12.9354
2014-03-28,13.0409
2014-03-29,13.0408
2014-03-30,13.0407
2014-03-31,13.0571
2014-04-01,13.0883
2014-04-02,13.1498
2014-04-03,13.1212
2014-04-04,13.0414
2014-04-05,13.0413
2014-04-06,13.0412
2014-04-07,13.0442
2014-04-08,13.0441
2014-04-09,13.231
2014-04-10,13.2323
2014-04-11,13.1952
2014-04-12,13.1951
2014-04-13,13.195
2014-04-14,13.1949
2014-04-15,13.1116
2014-04-16,13.0003
2014-04-17,13.2005
2014-04-18,13.2004
2014-04-19,13.2003
2014-04-20,13.2002
2014-04-21,13.2762
2014-04-22,13.2733
2014-04-23,13.3241
2014-04-24,13.324
2014-04-25,13.2094
2014-04-26,13.2093
2014-04-27,13.2092
2014-04-28,13.1666
2014-04-29,13.0806
2014-04-30,13.0433
2014-05-01,13.0432
2014-05-02,13.0391
2014-05-03,13.039
2014-05-04,13.0389
2014-05-05,13.0478
2014-05-06,13.079
2014-05-07,12.9598
2014-05-08,12.9734
2014-05-09,13.3591
2014-05-10,13.359
2014-05-11,13.3589
2014-05-12,13.6604
2014-05-13,13.8433
2014-05-14,13.8436
2014-05-15,13.8718
2014-05-16,14.0369
2014-05-17,14.0368
2014-05-18,14.0367
2014-05-19,14.154
2014-05-20,14.1745
2014-05-21,14.1301
2014-05-22,14.1781
2014-05-23,14.3553
2014-05-24,14.3552
2014-05-25,14.3551
2014-05-26,14.3396
2014-05-27,14.2613
2014-05-28,14.2851
2014-05-29,14.1175
2014-05-30,14.1061
2014-05-31,14.106
2014-06-01,14.1059
2014-06-02,14.3648
2014-06-03,14.4689
2014-06-04,14.4621
2014-06-05,14.6248
2014-06-06,14.8424
2014-06-07,14.8422
2014-06-08,14.8421
2014-06-09,14.9811
2014-06-10,14.9839
2014-06-11,14.9296
2014-06-12,14.9787
2014-06-13,14.7705
2014-06-14,14.7704
2014-06-15,14.7703
2014-06-16,14.7575
2014-06-17,14.9453
2014-06-18,14.8024
2014-06-19,14.7701
2014-06-20,14.7141
2014-06-21,14.714
2014-06-22,14.7139
2014-06-23,14.6767
2014-06-24,14.845
2014-06-25,14.8245
2014-06-26,14.6779
2014-06-27,14.7098
2014-06-28,14.7097
2014-06-29,14.7095
2014-06-30,14.9087
2014-07-01,14.9522
2014-07-02,15.1284
2014-07-03,15.1169
2014-07-04,15.2026
2014-07-05,15.2025
2014-07-06,15.2023
2014-07-07,15.2724
2014-07-08,14.9565
2014-07-09,14.8816
2014-07-10,14.8516
2014-07-11,14.6439
2014-07-12,14.6437
2014-07-13,14.6436
2014-07-14,14.636
2014-07-15,14.7754
2014-07-16,14.9642
2014-07-17,15.0007
2014-07-18,15.047
2014-07-19,15.0469
2014-07-20,15.0467
2014-07-21,15.0886
2014-07-22,15.2508
2014-07-23,15.3078
2014-07-24,15.3763
2014-07-25,15.3011
2014-07-26,15.3009
2014-07-27,15.3008
2014-07-28,15.2344
2014-07-29,15.2343
2014-07-30,15.317
2014-07-31,15.1812
2014-08-01,14.9507
2014-08-02,14.9507
2014-08-03,14.9507
2014-08-04,15.1083
2014-08-05,15.2311
2014-08-06,15.0898
2014-08-07,15.0459
2014-08-08,14.8936
2014-08-09,14.8936
2014-08-10,14.8935
2014-08-11,15.0033
2014-08-12,15.2011
2014-08-13,15.2338
2014-08-14,15.3363
2014-08-15,15.3363
2014-08-16,15.3363
2014-08-17,15.3363
2014-08-18,15.4942
2014-08-19,15.5407
2014-08-20,15.4989
2014-08-21,15.531
2014-08-22,15.5737
2014-08-23,15.5737
2014-08-24,15.5737
2014-08-25,15.5598
2014-08-26,15.5567
2014-08-27,15.6207
2014-08-28,15.6561
2014-08-29,15.6561
2014-08-30,15.6561
2014-08-31,15.656
2014-09-01,15.7979
2014-09-02,15.9036
2014-09-03,15.963
2014-09-04,15.9291
2014-09-05,15.9125
2014-09-06,15.9124
2014-09-07,15.9124
2014-09-08,16.0833
2014-09-09,16.0426
2014-09-10,15.9293
2014-09-11,15.9119
2014-09-12,15.9499
2014-09-13,15.9499
2014-09-14,15.9499
2014-09-15,15.8265
2014-09-16,15.6139
2014-09-17,15.6968
2014-09-18,15.9737
2014-09-19,15.9853
2014-09-20,15.9852
2014-09-21,15.9852
2014-09-22,16.038
2014-09-23,15.7862
2014-09-24,15.7565
2014-09-25,15.578
2014-09-26,15.6904
2014-09-27,15.6904
2014-09-28,15.6904
2014-09-29,15.6709
2014-09-30,15.6826
2014-10-01,15.6447
2014-10-02,15.6447
2014-10-03,15.6447
2014-10-04,15.6447
2014-10-05,15.6447
2014-10-06,15.6447
2014-10-07,15.4624
2014-10-08,15.4436
2014-10-09,15.6731
2014-10-10,15.4773
2014-10-11,15.4773
2014-10-12,15.4773
2014-10-13,15.5256
2014-10-14,15.4855
2014-10-15,15.4855
2014-10-16,15.2683
2014-10-17,15.3292
2014-10-18,15.3292
2014-10-19,15.3292
2014-10-20,15.5241
2014-10-21,15.6193
2014-10-22,15.7521
2014-10-23,15.7521
2014-10-24,15.7521
2014-10-25,15.7521
2014-10-26,15.7521
2014-10-27,15.7432
2014-10-28,15.8127
2014-10-29,15.9372
2014-10-30,16.0902
2014-10-31,16.3917
2014-11-01,16.3917
2014-11-02,16.3917
2014-11-03,16.3969
2014-11-04,16.3969
2014-11-05,16.4245
2014-11-06,16.4245
2014-11-07,16.4215
2014-11-08,16.4215
2014-11-09,16.4215
2014-11-10,16.4366
2014-11-11,16.4715
2014-11-12,16.5116
2014-11-13,16.4629
2014-11-14,16.5255
2014-11-15,16.5255
2014-11-16,16.5255
2014-11-17,16.6045
2014-11-18,16.5952
2014-11-19,16.5099
2014-11-20,16.5487
2014-11-21,16.6986
2014-11-22,16.6986
2014-11-23,16.6985
2014-11-24,16.8018
2014-11-25,16.6699
2014-11-26,16.6956
2014-11-27,16.7318
2014-11-28,16.9143
2014-11-29,16.9143
2014-11-30,16.9143
2014-12-01,16.8511
2014-12-02,16.7891
2014-12-03,16.8146
2014-12-04,16.8685
2014-12-05,16.8168
2014-12-06,16.8168
2014-12-07,16.8168
2014-12-08,16.6198
2014-12-09,16.428
2014-12-10,16.4569
2014-12-11,16.3336
2014-12-12,16.1993
2014-12-13,16.1993
2014-12-14,16.1993
2014-12-15,16.1892
2014-12-16,15.8966
2014-12-17,15.8226
2014-12-18,16.0754
2014-12-19,16.2038
2014-12-20,16.2037
2014-12-21,16.2037
2014-12-22,16.3974
2014-12-23,16.2853
2014-12-24,16.1026
2014-12-25,16.1026
2014-12-26,16.1549
2014-12-27,16.1549
2014-12-28,16.1549
2014-12-29,16.2446
2014-12-30,16.2478
2014-12-31,16.3153
2015-01-01,16.3184
2015-01-02,16.5367
2015-01-03,16.5367
2015-01-04,16.5367
2015-01-05,16.5042
2015-01-06,16.0119
2015-01-07,15.9628
2015-01-08,16.2224
2015-01-09,16.3205
2015-01-10,16.3204
2015-01-11,16.3204
2015-01-12,16.3952
2015-01-13,16.3482
2015-01-14,16.3055
2015-01-15,16.7292
2015-01-16,16.7677
2015-01-17,16.7677
2015-01-18,16.7677
2015-01-19,16.8386
2015-01-20,17.1229
2015-01-21,17.1895
2015-01-22,17.2541
2015-01-23,17.4001
2015-01-24,17.4
2015-01-25,17.4
2015-01-26,17.4
2015-01-27,17.5486
2015-01-28,17.556
2015-01-29,17.6315
2015-01-30,17.3514
2015-01-31,17.3514
2015-02-01,17.3514
2015-02-02,17.3276
2015-02-03,17.2493
2015-02-04,17.1874
2015-02-05,17.1644
2015-02-06,17.0655
2015-02-07,17.0655
2015-02-08,17.0655
2015-02-09,16.8007
2015-02-10,16.8775
2015-02-11,17
2015-02-12,17.165
2015-02-13,17.3502
2015-02-14,17.3502
2015-02-15,17.3502
2015-02-16,17.3586
2015-02-17,17.3585
2015-02-18,17.4767
2015-02-19,17.5284
2015-02-20,17.4064
2015-02-21,17.4064
2015-02-22,17.4064
2015-02-23,17.2501
2015-02-24,17.2644
2015-02-25,17.2729
2015-02-26,17.1094
2015-02-27,17.4234
2015-02-28,17.5356
2015-03-01,17.5356
2015-03-02,17.6461
2015-03-03,17.7384
2015-03-04,17.5969
2015-03-05,17.6299
2015-03-06,17.6299
2015-03-07,17.6299
2015-03-08,17.6299
2015-03-09,17.2773
2015-03-10,17.1839
2015-03-11,17.1594
2015-03-12,17.3136
2015-03-13,17.059
2015-03-14,17.059
2015-03-15,17.0589
2015-03-16,17.0288
2015-03-17,17.2072
2015-03-18,17.1338
2015-03-19,17.0331
2015-03-20,16.9055
2015-03-21,16.9055
2015-03-22,16.9055
2015-03-23,16.866
2015-03-24,16.8553
2015-03-25,16.8336
2015-03-26,16.4807
2015-03-27,16.4706
2015-03-28,16.4706
2015-03-29,16.4705
2015-03-30,16.7779
2015-03-31,16.7752
2015-04-01,16.7752
2015-04-02,16.7752
2015-04-03,16.7752
2015-04-04,16.7752
2015-04-05,16.7752
2015-04-06,17.1089
2015-04-07,17.1099
2015-04-08,17.2161
2015-04-09,17.3404
2015-04-10,17.3446
2015-04-11,17.3445
2015-04-12,17.3445
2015-04-13,17.4497
2015-04-14,17.4497
2015-04-15,17.2859
2015-04-16,17.1998
2015-04-17,17.0022
2015-04-18,17.0022
2015-04-19,17.0022
2015-04-20,16.691
2015-04-21,16.5515
2015-04-22,16.6537
2015-04-23,16.5908
2015-04-24,16.4108
2015-04-25,16.4108
2015-04-26,16.4108
2015-04-27,16.2309
2015-04-28,16.3744
2015-04-29,16.2824
2015-04-30,16.1678
2015-05-01,16.1678
2015-05-02,16.1678
2015-05-03,16.1678
2015-05-04,16.1677
2015-05-05,16.4479
2015-05-06,16.0001
2015-05-07,15.9234
2015-05-08,16.1981
2015-05-09,16.1981
2015-05-10,16.1981
2015-05-11,16.461
2015-05-12,16.0675
2015-05-13,16.2823
2015-05-14,16.261
2015-05-15,16.3365
2015-05-16,16.3364
2015-05-17,16.3364
2015-05-18,16.5568
2015-05-19,16.5405
2015-05-20,16.6539
2015-05-21,16.6488
2015-05-22,16.7227
2015-05-23,16.7227
2015-05-24,16.7226
2015-05-25,16.548
2015-05-26,16.4863
2015-05-27,16.4769
2015-05-28,16.4544
2015-05-29,16.6803
2015-05-30,16.6803
2015-05-31,16.6803
2015-06-01,16.686
2015-06-02,16.2988
2015-06-03,16.117
2015-06-04,16.1241
2015-06-05,16.0989
2015-06-06,16.0989
2015-06-07,16.0989
2015-06-08,15.9593
2015-06-09,15.917
2015-06-10,16.1178
2015-06-11,15.805
2015-06-12,15.8397
2015-06-13,15.8397
2015-06-14,15.8397
2015-06-15,15.9173
2015-06-16,15.9844
2015-06-17,16.0721
2015-06-18,16.2369
2015-06-19,16.3392
2015-06-20,16.3392
2015-06-21,16.3392
2015-06-22,16.5915
2015-06-23,16.6474
2015-06-24,16.6078
2015-06-25,16.6809
2015-06-26,16.6477
2015-06-27,16.6477
2015-06-28,16.6477
2015-06-29,16.5257
2015-06-30,16.6249
2015-07-01,16.7912
2015-07-02,16.7839
2015-07-03,16.8623
2015-07-04,16.8623
2015-07-05,16.8623
2015-07-06,16.9377
2015-07-07,16.9149
2015-07-08,16.6247
2015-07-09,16.5643
2015-07-10,16.6292
2015-07-11,16.6292
2015-07-12,16.6292
2015-07-13,16.8248
2015-07-14,16.8147
2015-07-15,16.9638
2015-07-16,17.1327
2015-07-17,17.1366
2015-07-18,17.1366
2015-07-19,17.1366
2015-07-20,17.129
2015-07-21,16.9812
2015-07-22,17.1872
2015-07-23,17.1056
2015-07-24,16.9694
2015-07-25,16.9694
2015-07-26,16.9694
2015-07-27,16.6516
2015-07-28,16.6036
2015-07-29,16.6798
2015-07-30,16.7716
2015-07-31,16.9912
2015-08-01,16.9912
2015-08-02,16.9912
2015-08-03,17.0118
2015-08-04,16.9602
2015-08-05,17.0614
2015-08-06,17.1022
2015-08-07,17.0581
2015-08-08,17.058
2015-08-09,17.058
2015-08-10,16.9817
2015-08-11,16.8573
2015-08-12,16.6327
2015-08-13,16.6472
2015-08-14,16.9686
2015-08-15,16.9686
2015-08-16,16.9686
2015-08-17,16.887
2015-08-18,16.887
2015-08-19,16.9234
2015-08-20,16.6829
2015-08-21,16.5384
2015-08-22,16.5384
2015-08-23,16.5384
2015-08-24,15.5628
2015-08-25,15.7062
2015-08-26,15.5312
2015-08-27,15.8443
2015-08-28,15.9527
2015-08-29,15.9527
2015-08-30,15.9527
2015-08-31,15.8922
2015-09-01,15.5324
2015-09-02,15.3949
2015-09-03,15.6079
2015-09-04,15.2747
2015-09-05,15.2747
2015-09-06,15.2747
2015-09-07,15.086
2015-09-08,15.343
2015-09-09,15.6015
2015-09-10,15.5422
2015-09-11,15.5445
2015-09-12,15.5445
2015-09-13,15.5445
2015-09-14,15.71
2015-09-15,15.6238
2015-09-16,15.7637
2015-09-17,15.7637
2015-09-18,15.9275
2015-09-19,15.9275
2015-09-20,15.9275
2015-09-21,15.9196
2015-09-22,15.5882
2015-09-23,15.6529
2015-09-24,15.6944
2015-09-25,15.6944
2015-09-26,15.6944
2015-09-27,15.6944
2015-09-28,15.5406
2015-09-29,15.6399
2015-09-30,15.8534
2015-10-01,15.8506
2015-10-02,15.8506
2015-10-03,15.8506
2015-10-04,15.8506
2015-10-05,16.1835
2015-10-06,16.2556
2015-10-07,16.3029
2015-10-08,16.2067
2015-10-09,16.3327
2015-10-10,16.3327
2015-10-11,16.3327
2015-10-12,16.2457
2015-10-13,16.2189
2015-10-14,16.1691
2015-10-15,16.3208
2015-10-16,16.4558
2015-10-17,16.4558
2015-10-18,16.4558
2015-10-19,16.5312
2015-10-20,16.5131
2015-10-21,16.4907
2015-10-22,16.4907
2015-10-23,16.5791
2015-10-24,16.5791
2015-10-25,16.5791
2015-10-26,16.5068
2015-10-27,16.4559
2015-10-28,16.3374
2015-10-29,16.2136
2015-10-30,16.1327
2015-10-31,16.1327
2015-11-01,16.1327
2015-11-02,16.1062
2015-11-03,16.1225
2015-11-04,16.0947
2015-11-05,15.9373
2015-11-06,15.9146
2015-11-07,15.9145
2015-11-08,15.9145
2015-11-09,15.8512
2015-11-10,15.6015
2015-11-11,15.6015
2015-11-12,15.6015
2015-11-13,15.5691
2015-11-14,15.5691
2015-11-15,15.5691
2015-11-16,15.6519
2015-11-17,15.7085
2015-11-18,15.5065
2015-11-19,15.7186
2015-11-20,15.7458
2015-11-21,15.7457
2015-11-22,15.7457
2015-11-23,15.7375
2015-11-24,15.7006
2015-11-25,15.7006
2015-11-26,15.7956
2015-11-27,15.902
2015-11-28,15.902
2015-11-29,15.902
2015-11-30,15.8981
2015-12-01,15.9334
2015-12-02,15.8889
2015-12-03,15.7646
2015-12-04,15.6089
2015-12-05,15.6089
2015-12-06,15.6089
2015-12-07,15.5757
2015-12-08,15.4573
2015-12-09,15.2658
2015-12-10,15.3984
2015-12-11,15.251
2015-12-12,15.251
2015-12-13,15.251
2015-12-14,15.314
2015-12-15,15.4303
2015-12-16,15.53
2015-12-17,15.7113
2015-12-18,15.5443
2015-12-19,15.5443
2015-12-20,15.5443
2015-12-21,15.6883
2015-12-22,15.601
2015-12-23,15.7519
2015-12-24,15.7519
2015-12-25,15.7519
2015-12-26,15.7519
2015-12-27,15.7519
2015-12-28,15.8767
2015-12-29,15.881
2015-12-30,15.8122
2015-12-31,15.9046
2016-01-01,15.9438
2016-01-02,15.9438
2016-01-03,15.9438
2016-01-04,15.6099
2016-01-05,15.5873
2016-01-06,15.4964
2016-01-07,15.1389
2016-01-08,15.2057
2016-01-09,15.2057
2016-01-10,15.2057
2016-01-11,15.1388
2016-01-12,15.0319
2016-01-13,15.1438
2016-01-14,15.0748
2016-01-15,14.8835
2016-01-16,14.8835
2016-01-17,14.8835
2016-01-18,14.6978
2016-01-19,14.865
2016-01-20,14.6154
2016-01-21,14.5339
2016-01-22,14.8575
2016-01-23,14.8575
2016-01-24,14.8575
2016-01-25,14.8736
2016-01-26,14.8736
2016-01-27,14.8888
2016-01-28,14.8586
2016-01-29,15.1301
2016-01-30,15.13
2016-01-31,15.13
2016-02-01,15.1004
2016-02-02,14.8967
2016-02-03,14.6986
2016-02-04,14.7699
2016-02-05,14.9511
2016-02-06,14.9511
2016-02-07,14.9511
2016-02-08,14.7704
2016-02-09,14.5763
2016-02-10,14.426
2016-02-11,13.9628
2016-02-12,13.9912
2016-02-13,13.9912
2016-02-14,13.9912
2016-02-15,14.3922
2016-02-16,14.1506
2016-02-17,14.2657
2016-02-18,14.4155
2016-02-19,14.4154
2016-02-20,14.4154
2016-02-21,14.4154
2016-02-22,14.505
2016-02-23,14.261
2016-02-24,14.087
2016-02-25,13.9673
2016-02-26,14.085
2016-02-27,14.085
2016-02-28,14.085
2016-02-29,13.9998
2016-03-01,14.4837
2016-03-02,14.7777
2016-03-03,15.0057
2016-03-04,15.0422
2016-03-05,15.0422
2016-03-06,15.0422
2016-03-07,15.0422
2016-03-08,15.0216
2016-03-09,15.1332
2016-03-10,15.0501
2016-03-11,15.0888
2016-03-12,15.0888
2016-03-13,15.0888
2016-03-14,15.1705
2016-03-15,15.0291
2016-03-16,15.1036
2016-03-17,15.1375
2016-03-18,15.3013
2016-03-19,15.3013
2016-03-20,15.3013
2016-03-21,15.508
2016-03-22,15.5266
2016-03-23,15.5296
2016-03-24,15.5296
2016-03-25,15.5296
2016-03-26,15.5296
2016-03-27,15.5296
2016-03-28,15.3127
2016-03-29,15.2906
2016-03-30,15.576
2016-03-31,15.5797
2016-04-01,15.5797
2016-04-02,15.5797
2016-04-03,15.5797
2016-04-04,15.6042
2016-04-05,15.2867
2016-04-06,15.3058
2016-04-07,15.1816
2016-04-08,15.1816
2016-04-09,15.1816
2016-04-10,15.1816
2016-04-11,15.4169
2016-04-12,15.5099
2016-04-13,15.7934
2016-04-14,15.7934
2016-04-15,15.7933
2016-04-16,15.7933
2016-04-17,15.7933
2016-04-18,15.908
2016-04-19,15.908
2016-04-20,15.9074
2016-04-21,15.9319
2016-04-22,15.9535
2016-04-23,15.9535
2016-04-24,15.9535
2016-04-25,15.8604
2016-04-26,16.0668
2016-04-27,16.0738
2016-04-28,15.8095
2016-04-29,15.8198
2016-04-30,15.8198
2016-05-01,15.8198
2016-05-02,15.7525
2016-05-03,15.632
2016-05-04,15.5368
2016-05-05,15.6079
2016-05-06,15.6027
2016-05-07,15.6027
2016-05-08,15.6027
2016-05-09,15.854
2016-05-10,15.8964
2016-05-11,15.8254
2016-05-12,15.9337
2016-05-13,15.7812
2016-05-14,15.7812
2016-05-15,15.7812
2016-05-16,15.844
2016-05-17,15.9227
2016-05-18,15.8832
2016-05-19,15.7201
2016-05-20,15.6361
2016-05-21,15.6361
2016-05-22,15.6361
2016-05-23,15.5847
2016-05-24,15.6325
2016-05-25,15.9993
2016-05-26,16.2896
2016-05-27,16.4766
2016-05-28,16.4766
2016-05-29,16.4766
2016-05-30,16.5511
2016-05-31,16.548
2016-06-01,16.5483
2016-06-02,16.6287
2016-06-03,16.6455
2016-06-04,16.6455
2016-06-05,16.6455
2016-06-06,16.5948
2016-06-07,16.7312
2016-06-08,16.7719
2016-06-09,16.6876
2016-06-10,16.606
2016-06-11,16.6059
2016-06-12,16.6059
2016-06-13,16.4892
2016-06-14,16.4834
2016-06-15,16.7007
2016-06-16,16.5771
2016-06-17,16.6277
2016-06-18,16.6276
2016-06-19,16.6276
2016-06-20,16.7724
2016-06-21,16.7395
2016-06-22,16.7047
2016-06-23,16.8541
2016-06-24,16.4863
2016-06-25,16.4863
2016-06-26,16.4863
2016-06-27,16.5179
2016-06-28,16.5805
2016-06-29,16.7416
2016-06-30,16.9242
2016-07-01,17.0174
2016-07-02,17.0174
2016-07-03,17.0174
2016-07-04,17.1148
2016-07-05,17.0376
2016-07-06,17.0375
2016-07-07,17.0294
2016-07-08,17.0229
2016-07-09,17.0229
2016-07-10,17.0229
2016-07-11,17.3025
2016-07-12,17.4106
2016-07-13,17.3799
2016-07-14,17.4859
2016-07-15,17.4711
2016-07-16,17.4711
2016-07-17,17.471
2016-07-18,17.4216
2016-07-19,17.4715
2016-07-20,17.5441
2016-07-21,17.4162
2016-07-22,17.4858
2016-07-23,17.4858
2016-07-24,17.4858
2016-07-25,17.6809
2016-07-26,17.585
2016-07-27,17.6411
2016-07-28,17.7345
2016-07-29,17.705
2016-07-30,17.705
2016-07-31,17.7049
2016-08-01,17.7212
2016-08-02,17.7001
2016-08-03,17.535
2016-08-04,17.559
2016-08-05,17.8698
2016-08-06,17.8698
2016-08-07,17.8698
2016-08-08,17.9418
2016-08-09,17.8674
2016-08-10,17.628
2016-08-11,17.6472
2016-08-12,17.8361
2016-08-13,17.8361
2016-08-14,17.8361
2016-08-15,17.8361
2016-08-16,17.7724
2016-08-17,17.7729
2016-08-18,17.8736
2016-08-19,17.8646
2016-08-20,17.8645
2016-08-21,17.8645
2016-08-22,17.7637
2016-08-23,17.7758
2016-08-24,17.8044
2016-08-25,17.6996
2016-08-26,17.6542
2016-08-27,17.6542
2016-08-28,17.6542
2016-08-29,17.7224
2016-08-30,17.9841
2016-08-31,18.0758
2016-09-01,18.0708
2016-09-02,18.1443
2016-09-03,18.1443
2016-09-04,18.1443
2016-09-05,18.1443
2016-09-06,18.4456
2016-09-07,18.4278
2016-09-08,18.5327
2016-09-09,18.363
2016-09-10,18.363
2016-09-11,18.363
2016-09-12,18.0517
2016-09-13,18.0517
2016-09-14,18.0989
2016-09-15,18.1076
2016-09-16,18.1979
2016-09-17,18.1979
2016-09-18,18.1979
2016-09-19,18.2601
2016-09-20,18.1839
2016-09-21,18.1718
2016-09-22,18.3529
2016-09-23,18.2731
2016-09-24,18.2731
2016-09-25,18.2731
2016-09-26,18.0629
2016-09-27,18.0283
2016-09-28,18.11
2016-09-29,17.7791
2016-09-30,17.8605
2016-10-01,17.8605
2016-10-02,17.8605
2016-10-03,18.1502
2016-10-04,18.1958
2016-10-05,18.1555
2016-10-06,18.0751
2016-10-07,18.0885
2016-10-08,18.0885
2016-10-09,18.0885
2016-10-10,18.0947
2016-10-11,18.0947
2016-10-12,18.0947
2016-10-13,17.8302
2016-10-14,17.8814
2016-10-15,17.8814
2016-10-16,17.8814
2016-10-17,17.7375
2016-10-18,18.0328
2016-10-19,18.0156
2016-10-20,18.0718
2016-10-21,18.0694
2016-10-22,18.0694
2016-10-23,18.0694
2016-10-24,18.116
2016-10-25,18.0719
2016-10-26,17.9014
2016-10-27,17.8741
2016-10-28,17.9648
2016-10-29,17.9647
2016-10-30,17.9647
2016-10-31,17.9647
2016-11-01,17.9451
2016-11-02,17.7135
2016-11-03,17.629
2016-11-04,17.5094
2016-11-05,17.5094
2016-11-06,17.5094
2016-11-07,17.6586
2016-11-08,17.7448
2016-11-09,17.5592
2016-11-10,17.7806
2016-11-11,17.2894
2016-11-12,17.2894
2016-11-13,17.2894
2016-11-14,17.2894
2016-11-15,16.8602
2016-11-16,16.9059
2016-11-17,16.8498
2016-11-18,16.8547
2016-11-19,16.8547
2016-11-20,16.8547
2016-11-21,16.5095
2016-11-22,16.6699
2016-11-23,16.7559
2016-11-24,16.6234
2016-11-25,16.9001
2016-11-26,16.9001
2016-11-27,16.9
2016-11-28,16.9137
2016-11-29,16.9556
2016-11-30,17.1339
2016-12-01,17.0635
2016-12-02,16.8314
2016-12-03,16.8313
2016-12-04,16.8313
2016-12-05,16.9445
2016-12-06,16.955
2016-12-07,16.8734
2016-12-08,17.187
2016-12-09,17.2155
2016-12-10,17.2154
2016-12-11,17.2154
2016-12-12,17.2154
2016-12-13,17.1232
2016-12-14,17.0282
2016-12-15,16.9914
2016-12-16,16.9723
2016-12-17,16.9722
2016-12-18,16.9722
2016-12-19,16.8929
2016-12-20,16.8379
2016-12-21,16.8044
2016-12-22,16.6304
2016-12-23,16.649
2016-12-24,16.649
2016-12-25,16.649
2016-12-26,16.4773
2016-12-27,16.7165
2016-12-28,16.7304
2016-12-29,16.8713
2016-12-30,17.0271
2016-12-31,17.0271
2017-01-01,17.0271
2017-01-02,17.0408
2017-01-03,17.0751
2017-01-04,17.0684
2017-01-05,17.2448
2017-01-06,17.1736
2017-01-07,17.1736
2017-01-08,17.1736
2017-01-09,17.1586
2017-01-10,17.2403
2017-01-11,17.4494
2017-01-12,17.4931
2017-01-13,17.4836
2017-01-14,17.4835
2017-01-15,17.4835
2017-01-16,17.5248
2017-01-17,17.5133
2017-01-18,17.5667
2017-01-19,17.5897
2017-01-20,17.3952
2017-01-21,17.3952
2017-01-22,17.3952
2017-01-23,17.4706
2017-01-24,17.6441
2017-01-25,17.8781
2017-01-26,17.878
2017-01-27,17.9593
2017-01-28,17.9593
2017-01-29,17.9593
2017-01-30,17.956
2017-01-31,17.7893
2017-02-01,18.1324
2017-02-02,18.1616
2017-02-03,18.1826
2017-02-04,18.1826
2017-02-05,18.1825
2017-02-06,18.3011
2017-02-07,18.2355
2017-02-08,18.2352
2017-02-09,18.2681
2017-02-10,18.288
2017-02-11,18.288
2017-02-12,18.288
2017-02-13,18.295
2017-02-14,18.2233
2017-02-15,18.0688
2017-02-16,18.2142
2017-02-17,18.3037
2017-02-18,18.3037
2017-02-19,18.3037
2017-02-20,18.4194
2017-02-21,18.4194
2017-02-22,18.5093
2017-02-23,18.519
2017-02-24,18.5189
2017-02-25,18.5189
2017-02-26,18.5189
2017-02-27,18.4178
2017-02-28,18.3812
2017-03-01,18.4955
2017-03-02,18.3874
2017-03-03,18.3881
2017-03-04,18.3881
2017-03-05,18.3881
2017-03-06,18.5284
2017-03-07,18.4939
2017-03-08,18.4507
2017-03-09,18.4777
2017-03-10,18.4769
2017-03-11,18.4769
2017-03-12,18.4769
2017-03-13,18.4769
2017-03-14,18.7776
2017-03-15,18.7795
2017-03-16,18.9163
2017-03-17,18.9034
2017-03-18,18.9033
2017-03-19,18.9033
2017-03-20,18.8439
2017-03-21,18.8243
2017-03-22,18.6572
2017-03-23,18.7772
2017-03-24,18.8205
2017-03-25,18.8205
2017-03-26,18.8205
2017-03-27,18.7144
2017-03-28,18.7144
2017-03-29,18.8855
2017-03-30,18.9306
2017-03-31,18.9428
2017-04-01,18.9428
2017-04-02,18.9427
2017-04-03,19.0855
2017-04-04,19.0855
2017-04-05,19.1673
2017-04-06,19.1635
2017-04-07,19.0262
2017-04-08,19.0262
2017-04-09,19.0262
2017-04-10,19.0217
2017-04-11,19.131
2017-04-12,19.0639
2017-04-13,18.9713
2017-04-14,18.9713
2017-04-15,18.9713
2017-04-16,18.9713
2017-04-17,18.944
2017-04-18,18.8797
2017-04-19,18.8838
2017-04-20,18.9627
2017-04-21,18.9042
2017-04-22,18.9042
2017-04-23,18.9042
2017-04-24,19.102
2017-04-25,19.2895
2017-04-26,19.3583
2017-04-27,19.3272
2017-04-28,19.3036
2017-04-29,19.3036
2017-04-30,19.3036
2017-05-01,19.3036
2017-05-02,19.3125
2017-05-03,19.316
2017-05-04,19.4042
2017-05-05,19.2494
2017-05-06,19.2494
2017-05-07,19.2493
2017-05-08,19.3211
2017-05-09,19.3319
2017-05-10,19.3319
2017-05-11,19.5385
2017-05-12,19.4877
2017-05-13,19.4877
2017-05-14,19.4877
2017-05-15,19.5681
2017-05-16,19.691
2017-05-17,19.7132
2017-05-18,19.4885
2017-05-19,19.4878
2017-05-20,19.4878
2017-05-21,19.4877
2017-05-22,19.4589
2017-05-23,19.3505
2017-05-24,19.2848
2017-05-25,19.5539
2017-05-26,19.7134
2017-05-27,19.7134
2017-05-28,19.7134
2017-05-29,19.7134
2017-05-30,19.7802
2017-05-31,19.83
2017-06-01,19.8588
2017-06-02,19.9076
2017-06-03,19.9076
2017-06-04,19.9076
2017-06-05,19.9432
2017-06-06,19.8595
2017-06-07,19.9445
2017-06-08,19.9211
2017-06-09,19.9474
2017-06-10,19.9474
2017-06-11,19.9473
2017-06-12,19.8368
2017-06-13,19.8222
2017-06-14,19.8575
2017-06-15,19.7946
2017-06-16,19.8217
2017-06-17,19.8217
2017-06-18,19.8217
2017-06-19,19.9323
2017-06-20,19.9316
2017-06-21,19.8974
2017-06-22,19.8963
2017-06-23,19.7735
2017-06-24,19.7735
2017-06-25,19.7735
2017-06-26,19.7735
2017-06-27,19.6456
2017-06-28,19.6029
2017-06-29,19.6142
2017-06-30,19.6854
2017-07-01,19.6853
2017-07-02,19.6853
2017-07-03,19.8527
2017-07-04,19.8244
2017-07-05,19.8963
2017-07-06,19.9701
2017-07-07,19.957
2017-07-08,19.957
2017-07-09,19.957
2017-07-10,20.1657
2017-07-11,20.1851
2017-07-12,20.2579
2017-07-13,20.4076
2017-07-14,20.4162
2017-07-15,20.4162
2017-07-16,20.4162
2017-07-17,20.4925
2017-07-18,20.3757
2017-07-19,20.5467
2017-07-20,20.463
2017-07-21,20.5286
2017-07-22,20.5286
2017-07-23,20.5286
2017-07-24,20.6035
2017-07-25,20.5677
2017-07-26,20.6554
2017-07-27,20.6305
2017-07-28,20.5841
2017-07-29,20.584
2017-07-30,20.584
2017-07-31,20.7051
2017-08-01,20.7724
2017-08-02,20.699
2017-08-03,20.587
2017-08-04,20.6884
2017-08-05,20.6884
2017-08-06,20.6884
2017-08-07,20.6973
2017-08-08,20.5227
2017-08-09,20.3282
2017-08-10,20.1044
2017-08-11,19.9225
2017-08-12,19.9225
2017-08-13,19.9225
2017-08-14,20.0984
2017-08-15,20.0984
2017-08-16,20.2978
2017-08-17,20.2976
2017-08-18,20.1676
2017-08-19,20.1676
2017-08-20,20.1676
2017-08-21,19.9926
2017-08-22,20.0027
2017-08-23,20.1731
2017-08-24,20.2254
2017-08-25,20.2254
2017-08-26,20.2254
2017-08-27,20.2254
2017-08-28,20.3132
2017-08-29,20.1131
2017-08-30,20.2569
2017-08-31,20.311
2017-09-01,20.4519
2017-09-02,20.4519
2017-09-03,20.4519
2017-09-04,20.3281
2017-09-05,20.4097
2017-09-06,20.3278
2017-09-07,20.3648
2017-09-08,20.3519
2017-09-09,20.3519
2017-09-10,20.3519
2017-09-11,20.5062
2017-09-12,20.6925
2017-09-13,20.668
2017-09-14,20.7111
2017-09-15,20.6955
2017-09-16,20.6955
2017-09-17,20.6955
2017-09-18,20.83
2017-09-19,20.8415
2017-09-20,20.7955
2017-09-21,20.7582
2017-09-22,20.4672
2017-09-23,20.4672
2017-09-24,20.4672
2017-09-25,20.2694
2017-09-26,20.2634
2017-09-27,19.9815
2017-09-28,20.0739
2017-09-29,20.1325
2017-09-30,20.1325
2017-10-01,20.1325
2017-10-02,20.1325
2017-10-03,20.2583
2017-10-04,20.3618
2017-10-05,20.3257
2017-10-06,20.4926
2017-10-07,20.4926
2017-10-08,20.4926
2017-10-09,20.5002
2017-10-10,20.5642
2017-10-11,20.4795
2017-10-12,20.6685
2017-10-13,20.7613
2017-10-14,20.7613
2017-10-15,20.7612
2017-10-16,20.8761
2017-10-17,20.8684
2017-10-18,20.7987
2017-10-19,20.7987
2017-10-20,20.7987
2017-10-21,20.7987
2017-10-22,20.7987
2017-10-23,20.7695
2017-10-24,20.8098
2017-10-25,21.1619
2017-10-26,21.2372
2017-10-27,21.2547
2017-10-28,21.2547
2017-10-29,21.2547
2017-10-30,21.3502
2017-10-31,21.306
2017-11-01,21.4904
2017-11-02,21.4767
2017-11-03,21.5389
2017-11-04,21.5389
2017-11-05,21.5389
2017-11-06,21.5647
2017-11-07,21.3393
2017-11-08,21.2727
2017-11-09,21.2666
2017-11-10,21.3415
2017-11-11,21.3415
2017-11-12,21.3415
2017-11-13,21.1726
2017-11-14,21.1065
2017-11-15,20.9817
2017-11-16,21.1549
2017-11-17,21.2803
2017-11-18,21.2803
2017-11-19,21.2802
2017-11-20,21.2899
2017-11-21,21.3433
2017-11-22,21.3852
2017-11-23,21.3996
2017-11-24,21.4766
2017-11-25,21.4766
2017-11-26,21.4765
2017-11-27,21.515
2017-11-28,21.4584
2017-11-29,21.4474
2017-11-30,21.1867
2017-12-01,21.1867
2017-12-02,21.1867
2017-12-03,21.1866
2017-12-04,20.9828
2017-12-05,20.9599
2017-12-06,20.8254
2017-12-07,21.0985
2017-12-08,21.2861
2017-12-09,21.2861
2017-12-10,21.2861
2017-12-11,21.4101
2017-12-12,21.2465
2017-12-13,21.1422
2017-12-14,21.2435
2017-12-15,21.3702
2017-12-16,21.3702
2017-12-17,21.3702
2017-12-18,21.4949
2017-12-19,21.7061
2017-12-20,21.6808
2017-12-21,21.6762
2017-12-22,21.7622
2017-12-23,21.7622
2017-12-24,21.7622
2017-12-25,21.7621
2017-12-26,21.8236
2017-12-27,21.7502
2017-12-28,21.6972
2017-12-29,21.8239
2017-12-30,21.8239
2017-12-31,21.8238
2018-01-01,21.6608
2018-01-02,21.672
2018-01-03,21.6639
2018-01-04,21.7831
2018-01-05,21.8748
2018-01-06,21.8748
2018-01-07,21.8748
2018-01-08,22.0165
2018-01-09,22.0417
2018-01-10,22.0174
2018-01-11,22.05
2018-01-12,22.1034
2018-01-13,22.1034
2018-01-14,22.1034
2018-01-15,22.1827
2018-01-16,22.0863
2018-01-17,22.2806
2018-01-18,22.3199
2018-01-19,22.4346
2018-01-20,22.4346
2018-01-21,22.4346
2018-01-22,22.5752
2018-01-23,22.8097
2018-01-24,22.8177
2018-01-25,22.7194
2018-01-26,22.7194
2018-01-27,22.7194
2018-01-28,22.7194
2018-01-29,22.8163
2018-01-30,22.6862
2018-01-31,22.6102
2018-02-01,22.5978
2018-02-02,22.0863
2018-02-03,22.0863
2018-02-04,22.0862
2018-02-05,21.965
2018-02-06,21.5992
2018-02-07,21.5917
2018-02-08,21.857
2018-02-09,21.6389
2018-02-10,21.6389
2018-02-11,21.6389
2018-02-12,21.7982
2018-02-13,21.7981
2018-02-14,21.6834
2018-02-15,21.7295
2018-02-16,21.531
2018-02-17,21.5309
2018-02-18,21.5309
2018-02-19,21.3563
2018-02-20,21.325
2018-02-21,21.3831
2018-02-22,21.3386
2018-02-23,21.5448
2018-02-24,21.5448
2018-02-25,21.5447
2018-02-26,21.766
2018-02-27,21.6906
2018-02-28,21.5959
2018-03-01,21.5287
2018-03-02,21.5287
2018-03-03,21.5286
2018-03-04,21.5286
2018-03-05,21.3541
2018-03-06,21.1269
2018-03-07,20.9628
2018-03-08,21.1239
2018-03-09,21.0806
2018-03-10,21.0806
2018-03-11,21.0806
2018-03-12,21.4219
2018-03-13,21.4468
2018-03-14,21.448
2018-03-15,21.3537
2018-03-16,21.0646
2018-03-17,21.0646
2018-03-18,21.0646
2018-03-19,20.8816
2018-03-20,20.9411
2018-03-21,20.9886
2018-03-22,20.8764
2018-03-23,20.6737
2018-03-24,20.6737
2018-03-25,20.6737
2018-03-26,20.9399
2018-03-27,21.0573
2018-03-28,20.925
2018-03-29,20.925
2018-03-30,20.925
2018-03-31,20.925
2018-04-01,20.925
2018-04-02,21.1398
2018-04-03,21.245
2018-04-04,21.0302
2018-04-05,21.4109
2018-04-06,21.4269
2018-04-07,21.4269
2018-04-08,21.4269
2018-04-09,21.5061
2018-04-10,21.5533
2018-04-11,21.5671
2018-04-12,21.6385
2018-04-13,21.6569
2018-04-14,21.6568
2018-04-15,21.6568
2018-04-16,21.7501
2018-04-17,21.7839
2018-04-18,21.7317
2018-04-19,21.7949
2018-04-20,21.8028
2018-04-21,21.8028
2018-04-22,21.8028
2018-04-23,21.8953
2018-04-24,21.9292
2018-04-25,21.8535
2018-04-26,21.9191
2018-04-27,22.076
2018-04-28,22.076
2018-04-29,22.076
2018-04-30,22.0759
2018-05-01,22.0759
2018-05-02,22.0997
2018-05-03,21.9799
2018-05-04,21.8531
2018-05-05,21.853
2018-05-06,21.853
2018-05-07,22.0609
2018-05-08,22.0669
2018-05-09,22.0789
2018-05-10,22.0039
2018-05-11,22.1532
2018-05-12,22.1532
2018-05-13,22.1532
2018-05-14,22.15
2018-05-15,22.0955
2018-05-16,21.9949
2018-05-17,21.8781
2018-05-18,21.6823
2018-05-19,21.6823
2018-05-20,21.6823
2018-05-21,21.533
2018-05-22,21.6168
2018-05-23,21.4897
2018-05-24,21.616
2018-05-25,21.8105
2018-05-26,21.8104
2018-05-27,21.8104
2018-05-28,22.0084
2018-05-29,21.902
2018-05-30,21.8524
2018-05-31,22.0523
2018-06-01,21.9839
2018-06-02,21.9838
2018-06-03,21.9838
2018-06-04,21.8684
2018-06-05,21.7805
2018-06-06,21.9769
2018-06-07,22.1456
2018-06-08,22.1655
2018-06-09,22.1655
2018-06-10,22.1655
2018-06-11,22.2052
2018-06-12,22.339
2018-06-13,22.3836
2018-06-14,22.3175
2018-06-15,22.325
2018-06-16,22.325
2018-06-17,22.3249
2018-06-18,22.2974
2018-06-19,22.1052
2018-06-20,22.1924
2018-06-21,22.1021
2018-06-22,22.2476
2018-06-23,22.2476
2018-06-24,22.2476
2018-06-25,22.0814
2018-06-26,22.0988
2018-06-27,21.8818
2018-06-28,21.7159
2018-06-29,21.962
2018-06-30,21.962
2018-07-01,21.962
2018-07-02,21.8651
2018-07-03,21.9822
2018-07-04,22.1023
2018-07-05,22.0833
2018-07-06,22.1573
2018-07-07,22.1573
2018-07-08,22.1573
2018-07-09,22.3204
2018-07-10,22.4796
2018-07-11,22.4322
2018-07-12,22.5322
2018-07-13,22.4662
2018-07-14,22.4662
2018-07-15,22.4661
2018-07-16,22.2623
2018-07-17,22.4341
2018-07-18,22.3301
2018-07-19,22.2696
2018-07-20,22.3712
2018-07-21,22.3712
2018-07-22,22.3712
2018-07-23,22.5679
2018-07-24,22.7195
2018-07-25,22.6626
2018-07-26,22.7627
2018-07-27,22.9669
2018-07-28,22.9669
2018-07-29,22.9669
2018-07-30,23.1083
2018-07-31,23.2043
2018-08-01,23.1884
2018-08-02,23.0097
2018-08-03,23.2195
2018-08-04,23.2195
2018-08-05,23.2195
2018-08-06,23.294
2018-08-07,23.269
2018-08-08,23.3585
2018-08-09,23.4221
2018-08-10,23.3108
2018-08-11,23.3108
2018-08-12,23.3108
2018-08-13,23.1981
2018-08-14,23.3717
2018-08-15,23.3717
2018-08-16,23.3295
2018-08-17,23.3294
2018-08-18,23.3294
2018-08-19,23.3294
2018-08-20,23.6949
2018-08-21,23.759
2018-08-22,23.759
2018-08-23,23.8074
2018-08-24,23.732
2018-08-25,23.732
2018-08-26,23.732
2018-08-27,23.9856
2018-08-28,24.0326
2018-08-29,23.9663
2018-08-30,23.9693
2018-08-31,24.0466
2018-09-01,24.0466
2018-09-02,24.0465
2018-09-03,23.8124
2018-09-04,23.6056
2018-09-05,23.5178
2018-09-06,23.6305
2018-09-07,23.7704
2018-09-08,23.7704
2018-09-09,23.7704
2018-09-10,23.4789
2018-09-11,23.1821
2018-09-12,23.3217
2018-09-13,23.3217
2018-09-14,23.5852
2018-09-15,23.5852
2018-09-16,23.5852
2018-09-17,23.3452
2018-09-18,23.1197
2018-09-19,23.0533
2018-09-20,23.0533
2018-09-21,22.8534
2018-09-22,22.8533
2018-09-23,22.8533
2018-09-24,22.4715
2018-09-25,22.7153
2018-09-26,22.6399
2018-09-27,22.4765
2018-09-28,22.3684
2018-09-29,22.3684
2018-09-30,22.3684
2018-10-01,22.4905
2018-10-02,22.4904
2018-10-03,22.141
2018-10-04,21.7134
2018-10-05,21.1579
2018-10-06,21.1579
2018-10-07,21.1579
2018-10-08,21.2286
2018-10-09,21.0904
2018-10-10,21.4167
2018-10-11,21.0014
2018-10-12,21.4423
2018-10-13,21.4423
2018-10-14,21.4423
2018-10-15,21.5124
2018-10-16,21.6784
2018-10-17,21.4478
2018-10-18,21.4478
2018-10-19,21.19
2018-10-20,21.1899
2018-10-21,21.1899
2018-10-22,21.0838
2018-10-23,20.8677
2018-10-24,20.9616
2018-10-25,20.7787
2018-10-26,20.5847
2018-10-27,20.5847
2018-10-28,20.5847
2018-10-29,21.0623
2018-10-30,21.0092
2018-10-31,21.4003
2018-11-01,21.382
2018-11-02,21.7286
2018-11-03,21.7285
2018-11-04,21.7285
2018-11-05,21.6998
2018-11-06,21.6913
2018-11-07,21.6913
2018-11-08,21.6913
2018-11-09,21.8296
2018-11-10,21.8296
2018-11-11,21.8296
2018-11-12,21.6226
2018-11-13,21.8064
2018-11-14,21.7814
2018-11-15,21.8668
2018-11-16,21.9801
2018-11-17,21.9801
2018-11-18,21.9801
2018-11-19,22.1445
2018-11-20,21.9395
2018-11-21,21.9395
2018-11-22,21.7365
2018-11-23,21.7365
2018-11-24,21.7365
2018-11-25,21.7365
2018-11-26,21.947
2018-11-27,22.0562
2018-11-28,22.0822
2018-11-29,22.2922
2018-11-30,22.3516
2018-12-01,22.3515
2018-12-02,22.3515
2018-12-03,22.3479
2018-12-04,22.3184
2018-12-05,22.0863
2018-12-06,21.7075
2018-12-07,21.8936
2018-12-08,21.8936
2018-12-09,21.8936
2018-12-10,21.4999
2018-12-11,21.6652
2018-12-12,22.0597
2018-12-13,22.2227
2018-12-14,22.2572
2018-12-15,22.2572
2018-12-16,22.2572
2018-12-17,22.3951
2018-12-18,22.442
2018-12-19,22.5819
2018-12-20,22.5396
2018-12-21,22.1448
2018-12-22,22.1448
2018-12-23,22.1448
2018-12-24,21.9862
2018-12-25,21.9862
2018-12-26,22.1043
2018-12-27,22.1706
2018-12-28,22.3329
2018-12-29,22.3329
2018-12-30,22.3328
2018-12-31,22.3555
2019-01-01,22.4215
2019-01-02,22.1908
2019-01-03,21.9631
2019-01-04,22.0675
2019-01-05,22.0675
2019-01-06,22.0675
2019-01-07,22.1602
2019-01-08,22.2473
2019-01-09,22.3508
2019-01-10,22.3045
2019-01-11,22.2362
2019-01-12,22.2362
2019-01-13,22.2362
2019-01-14,22.1257
2019-01-15,22.3693
2019-01-16,22.3848
2019-01-17,22.4069
2019-01-18,22.3404
2019-01-19,22.3403
2019-01-20,22.3403
2019-01-21,22.3991
2019-01-22,22.3316
2019-01-23,22.1571
2019-01-24,22.1754
2019-01-25,21.9518
2019-01-26,21.9518
2019-01-27,21.9518
2019-01-28,21.7611
2019-01-29,21.7592
2019-01-30,21.8104
2019-01-31,22.1666
2019-02-01,22.304
2019-02-02,22.304
2019-02-03,22.304
2019-02-04,22.2823
2019-02-05,22.3069
2019-02-06,22.5545
2019-02-07,22.6135
2019-02-08,22.3279
2019-02-09,22.3279
2019-02-10,22.3279
2019-02-11,22.2025
2019-02-12,22.0815
2019-02-13,21.9567
2019-02-14,21.9006
2019-02-15,21.8312
2019-02-16,21.8312
2019-02-17,21.8312
2019-02-18,21.6891
2019-02-19,21.6891
2019-02-20,21.8855
2019-02-21,21.9767
2019-02-22,22.0191
2019-02-23,22.0191
2019-02-24,22.0191
2019-02-25,22.1995
2019-02-26,22.1378
2019-02-27,22.1339
2019-02-28,22.127
2019-03-01,22.2963
2019-03-02,22.2963
2019-03-03,22.2963
2019-03-04,22.2962
2019-03-05,22.5531
2019-03-06,22.647
2019-03-07,22.6708
2019-03-08,22.6214
2019-03-09,22.6214
2019-03-10,22.6214
2019-03-11,22.8935
2019-03-12,23.1486
2019-03-13,23.1699
2019-03-14,23.1747
2019-03-15,23.3417
2019-03-16,23.3417
2019-03-17,23.3417
2019-03-18,23.3842
2019-03-19,23.521
2019-03-20,23.4566
2019-03-21,23.4566
2019-03-22,23.3327
2019-03-23,23.3327
2019-03-24,23.3327
2019-03-25,23.1183
2019-03-26,23.3486
2019-03-27,23.2855
2019-03-28,23.5463
2019-03-29,23.6629
2019-03-30,23.6629
2019-03-31,23.6629
2019-04-01,23.6629
2019-04-02,23.8351
2019-04-03,23.6554
2019-04-04,23.5835
2019-04-05,23.6752
2019-04-06,23.6752
2019-04-07,23.6752
2019-04-08,23.5847
2019-04-09,23.7442
2019-04-10,23.5931
2019-04-11,23.6162
2019-04-12,23.7323
2019-04-13,23.7323
2019-04-14,23.7322
2019-04-15,23.8274
2019-04-16,24.0204
2019-04-17,24.0204
2019-04-18,23.9351
2019-04-19,23.9351
2019-04-20,23.9351
2019-04-21,23.9351
2019-04-22,23.6452
2019-04-23,23.5724
2019-04-24,23.8125
2019-04-25,23.6737
2019-04-26,23.8756
2019-04-27,23.8756
2019-04-28,23.8756
2019-04-29,23.8756
2019-04-30,23.8347
2019-05-01,23.8347
2019-05-02,23.7224
2019-05-03,23.7057
2019-05-04,23.7057
2019-05-05,23.7057
2019-05-06,23.5256
2019-05-07,23.3262
2019-05-08,23.0904
2019-05-09,23.0011
2019-05-10,22.969
2019-05-11,22.969
2019-05-12,22.969
2019-05-13,22.659
2019-05-14,22.8148
2019-05-15,22.6379
2019-05-16,22.8184
2019-05-17,23.0974
2019-05-18,23.0974
2019-05-19,23.0973
2019-05-20,23.9325
2019-05-21,23.6454
2019-05-22,23.7417
2019-05-23,23.6719
2019-05-24,24.1048
2019-05-25,24.1048
2019-05-26,24.1048
2019-05-27,24.2826
2019-05-28,24.2823
2019-05-29,24.1163
2019-05-30,24.2483
2019-05-31,24.1934
2019-06-01,24.1933
2019-06-02,24.1933
2019-06-03,24.4789
2019-06-04,24.3481
2019-06-05,24.3481
2019-06-06,23.9771
2019-06-07,24.0045
2019-06-08,24.0045
2019-06-09,24.0045
2019-06-10,24.1076
2019-06-11,24.1975
2019-06-12,24.0749
2019-06-13,24.0944
2019-06-14,23.8949
2019-06-15,23.8949
2019-06-16,23.8949
2019-06-17,23.5969
2019-06-18,23.6548
2019-06-19,23.6233
2019-06-20,23.9219
2019-06-21,23.7313
2019-06-22,23.7511
2019-06-23,23.7511
2019-06-24,23.7218
2019-06-25,23.8972
2019-06-26,23.9647
2019-06-27,23.9673
2019-06-28,23.8746
2019-06-29,23.8746
2019-06-30,23.8746
2019-07-01,23.9862
2019-07-02,24.058
2019-07-03,24.0897
2019-07-04,24.1841
2019-07-05,23.9201
2019-07-06,23.9201
2019-07-07,23.9201
2019-07-08,23.4192
2019-07-09,23.4643
2019-07-10,23.3494
2019-07-11,23.5108
2019-07-12,23.4487
2019-07-13,23.4487
2019-07-14,23.4486
2019-07-15,23.5019
2019-07-16,23.6604
2019-07-17,23.7154
2019-07-18,23.4834
2019-07-19,23.1397
2019-07-20,23.1397
2019-07-21,23.1397
2019-07-22,23.065
2019-07-23,23.0625
2019-07-24,22.933
2019-07-25,22.9315
2019-07-26,23.0031
2019-07-27,23.0031
2019-07-28,23.0031
2019-07-29,22.8184
2019-07-30,22.6008
2019-07-31,22.6975
2019-08-01,22.4216
2019-08-02,22.4373
2019-08-03,22.4373
2019-08-04,22.4373
2019-08-05,22.1765
2019-08-06,22.3452
2019-08-07,22.1597
2019-08-08,22.4876
2019-08-09,22.6022
2019-08-10,22.6022
2019-08-11,22.6022
2019-08-12,22.6022
2019-08-13,22.1921
2019-08-14,22.3931
2019-08-15,22.3931
2019-08-16,22.461
2019-08-17,22.461
2019-08-18,22.461
2019-08-19,22.4778
2019-08-20,22.4024
2019-08-21,22.1908
2019-08-22,21.8733
2019-08-23,22.0327
2019-08-26,22.4486
2019-08-27,22.5675
2019-08-28,22.4481
2019-08-29,22.2623
2019-08-30,22.3921
2019-09-03,21.9696
2019-09-04,22.0474
2019-09-05,22.1071
2019-09-06,22.3083
2019-09-09,22.4223
2019-09-11,22.4842
2019-09-12,22.3765
2019-09-13,22.5845
2019-09-16,22.4572
2019-09-17,22.0602
2019-09-18,22.1171
2019-09-19,21.8446
2019-09-20,22.9283
2019-09-23,23.5532
2019-09-24,23.5066
2019-09-25,23.1636
2019-09-26,23.4509
2019-09-27,23.3382
2019-09-30,23.248
2019-10-01,23.0013
2019-10-03,22.9409
2019-10-04,22.6485
2019-10-07,22.5172
2019-10-09,22.8969
2019-10-10,22.7261
2019-10-11,22.8606
2019-10-14,22.9587
2019-10-15,23.1392
2019-10-16,23.1925
2019-10-17,23.4505
2019-10-18,23.5969
2019-10-22,23.4522
2019-10-23,23.5187
2019-10-24,23.4422
2019-10-25,23.5096
2019-10-29,23.9181
2019-10-30,24.0485
2019-10-31,24.1472
2019-11-01,24.1551
2019-11-04,24.2087
2019-11-05,24.1455
2019-11-06,24.2577
2019-11-07,24.2905
2019-11-08,24.0851
2019-11-11,24.1306
2019-11-13,23.9233
2019-11-14,23.9717
2019-11-15,24.0445
2019-11-18,24.0523
2019-11-19,24.1591
2019-11-20,24.2853
2019-11-21,24.1821
2019-11-22,24.0665
2019-11-25,24.351
2019-11-26,24.2703
2019-11-27,24.3899
2019-11-28,24.5191
2019-11-29,24.3197
2019-11-30,24.3197
2019-12-02,24.3198
2019-12-03,24.1996
2019-12-04,24.3187
2019-12-05,24.2502
2019-12-06,24.0397
2019-12-09,24.0417
2019-12-10,23.8534
2019-12-11,23.9545
2019-12-12,24.0797
2019-12-13,24.3207
2019-12-16,24.2614
2019-12-17,24.4561
2019-12-18,24.5279
2019-12-19,24.6084
2019-12-20,24.624
2019-12-23,24.606
2019-12-24,24.5212
2019-12-26,24.3421
2019-12-27,24.5948
2019-12-30,24.6073
2019-12-31,24.4564
2020-01-01,24.488
2020-01-02,24.6914
2020-01-03,24.5888
2020-01-06,24.1469
2020-01-07,24.2447
2020-01-08,24.1968
2020-01-09,24.5572
2020-01-10,24.6474
2020-01-13,24.8132
2020-01-14,24.8688
2020-01-15,29.2075
2020-01-16,24.8458
2020-01-17,24.8476
2020-01-20,24.6264
2020-01-21,29.417
2020-01-22,24.3803
2020-01-23,24.5726
2020-01-24,24.7151
2020-01-27,24.4997
2020-01-28,24.3743
2020-01-29,24.4881
2020-01-30,24.2965
2020-01-31,24.1584
2020-02-03,23.6556
2020-02-04,24.1298
2020-02-05,24.3295
2020-02-06,24.4194
2020-02-07,24.3541
2020-02-10,24.1927
2020-02-11,24.3308
2020-02-12,24.5047
2020-02-13,24.4375
2020-02-14,24.3174
2020-02-17,24.1719
2020-02-18,24.0983
2020-02-20,24.2479
2020-02-24,23.7862
2020-02-25,23.7306
2020-02-26,23.4895
2020-02-27,23.3949
2020-02-28,22.5724
2020-03-02,22.428
2020-03-03,22.7862
2020-03-04,22.7002
2020-03-05,22.7491
2020-03-06,22.2337
2020-03-09,21.2157
2020-03-11,21.1791
2020-03-12,19.4437
2020-03-13,20.131
2020-03-16,18.7139
2020-03-17,18.2813
2020-03-18,17.3954
2020-03-19,17.0062
2020-03-20,17.896
2020-03-23,15.7028
2020-03-24,16.0571
2020-03-26,17.6452
2020-03-27,17.715
2020-03-30,17.0528
2020-03-31,17.6823
2020-04-03,16.6693
2020-04-07,18.0606
2020-04-08,17.9916
2020-04-09,18.6999
2020-04-13,18.5402
2020-04-15,18.4705
2020-04-16,18.5781
2020-04-17,19.1334
2020-04-20,19.0751
2020-04-21,18.5247
2020-04-22,18.9042
2020-04-23,19.1546
2020-04-24,18.8594
2020-04-27,19.114
2020-04-28,19.2589
2020-04-29,19.5316
2020-04-30,20.0963
2020-05-04,19.0371
2020-05-05,18.8353
2020-05-06,18.9462
2020-05-08,18.837
2020-05-11,18.8187
2020-05-12,18.7573
2020-05-13,19.1417
2020-05-14,18.7217
2020-05-15,18.693
2020-05-18,18.0834
2020-05-19,18.2028
2020-05-20,18.5619
2020-05-21,18.6666
2020-05-22,18.5789
2020-05-26,18.5461
2020-05-27,19.0784
2020-05-28,19.4006
2020-05-29,19.6213
2020-06-01,20.0452
2020-06-02,20.3098
2020-06-03,20.4625
2020-06-04,20.4159
2020-06-05,20.645
2020-06-08,20.7202
2020-06-09,20.4917
2020-06-10,20.6152
2020-06-11,20.1725
2020-06-12,20.2994
2020-06-15,19.9864
2020-06-16,20.1337
2020-06-17,20.1039
2020-06-18,20.4673
2020-06-19,20.762
2020-06-22,20.9173
2020-06-23,21.2461
2020-06-24,20.8944
2020-06-25,20.8927
2020-06-26,21.0738
2020-06-29,20.9228
2020-06-30,20.9103
2020-07-01,21.1388
2020-07-02,21.3589
2020-07-03,21.4842
2020-07-06,21.7556
2020-07-07,21.8263
2020-07-08,21.6469
2020-07-09,21.8382
2020-07-10,21.7503
2020-07-13,21.8356
2020-07-14,21.458
2020-07-15,21.4876
2020-07-16,21.7472
2020-07-17,22.0547
2020-07-20,22.2683
2020-07-21,22.5495
2020-07-22,22.486
2020-07-23,22.6525
2020-07-24,22.583
2020-07-27,22.4449
2020-07-28,22.7676
2020-07-29,22.6385
2020-07-30,22.4532
2020-07-31,22.4408
2020-08-03,22.1109
2020-08-04,22.4454
2020-08-05,22.4658
2020-08-06,22.6575
2020-08-07,22.6924
2020-08-10,22.8315
2020-08-11,22.9303
2020-08-12,22.9241
2020-08-13,22.9262
2020-08-14,22.6672
2020-08-17,22.8067
2020-08-18,23.0686
2020-08-19,23.1128
2020-08-20,22.9461
2020-08-21,23.056
2020-08-24,23.2326
2020-08-25,23.2726
2020-08-26,23.4085
2020-08-27,23.4322
2020-08-28,23.6319
2020-08-31,23.0724
2020-09-01,23.2429
2020-09-02,23.3702
2020-09-03,23.325
2020-09-04,22.944
2020-09-07,22.9586
2020-09-08,22.8771
2020-09-09,22.7699
2020-09-10,23.0949
2020-09-11,23.1361
2020-09-14,23.0969
2020-09-15,23.2751
2020-09-16,23.4294
2020-09-17,23.2701
2020-09-18,23.2789
2020-09-21,22.7363
2020-09-22,22.563
2020-09-23,22.4904
2020-09-24,21.822
2020-09-25,22.348
2020-09-28,22.7356
2020-09-29,22.6597
2020-09-30,22.6947
2020-10-01,23.0392
2020-10-05,23.1895
2020-10-06,23.4694
2020-10-07,23.5782
2020-10-08,23.7659
2020-10-09,23.9496
2020-10-12,23.975
2020-10-13,23.9722
2020-10-14,24.0395
2020-10-15,23.4691
2020-10-16,23.6284
2020-10-19,23.8609
2020-10-20,23.9145
2020-10-21,24.0071
2020-10-22,23.9561
2020-10-23,24.062
2020-10-26,23.735
2020-10-27,24.0378
2020-10-28,23.7458
2020-10-29,23.6578
2020-11-02,23.6778
2020-11-03,23.9437
2020-11-04,24.1268
2020-11-05,24.5489
2020-11-06,24.7751
2020-11-09,25.1495
2020-11-10,25.4705
2020-11-11,25.7512
2020-11-12,25.6305
2020-11-13,25.6815
2020-11-17,25.9533
2020-11-18,26.1251
2020-11-19,25.8029
2020-11-20,25.9786
2020-11-23,26.1057
2020-11-24,26.3716
2020-11-25,25.9679
2020-11-26,26.1895
2020-11-27,26.1562
2020-12-01,26.4422
2020-12-02,26.4526
2020-12-03,26.5347
2020-12-04,26.7957
2020-12-07,27.0042
2020-12-08,27.0782
2020-12-09,27.3455
2020-12-10,27.2418
2020-12-11,27.3175
2020-12-14,27.462
2020-12-15,27.4604
2020-12-16,27.6491
2020-12-17,27.7192
2020-12-18,27.7817
2020-12-21,26.8931
2020-12-22,27.165
2020-12-23,27.4601
2020-12-24,27.74
2020-12-28,27.9812
2020-12-29,28.0868
2020-12-30,28.1889
2020-12-31,28.1656
2021-01-01,28.2641
2021-01-04,28.4886
2021-01-05,28.6121
2021-01-06,28.5335
2021-01-07,28.5415
2021-01-08,28.9725
2021-01-11,29.2355
2021-01-12,29.393
2021-01-13,29.466
2021-01-14,29.5328
2021-01-15,29.2075
2021-01-18,28.8664
2021-01-19,29.3147
2021-01-20,29.5501
2021-01-21,29.417
2021-01-22,29.0406
2021-01-25,28.8097
2021-01-27,28.3299
2021-01-28,28.0686
2021-01-29,27.6861
2021-02-01,28.9345
2021-02-02,29.66
2021-02-03,29.915
2021-02-04,30.1762
2021-02-05,30.1961
2021-02-08,30.5663
2021-02-09,30.5371
2021-02-10,30.5279
2021-02-11,30.6288
2021-02-12,30.5994
2021-02-15,30.9174
2021-02-16,30.8918
2021-02-17,30.7501
2021-02-18,30.6185
2021-02-22,29.66
2021-02-23,29.7113
2021-02-24,30.2351
2021-02-25,30.4342
2021-02-26,29.3419
2021-03-01,29.7899
2021-03-02,30.1288
2021-03-03,30.7052
2021-03-04,30.4296
2021-03-05,30.1524
2021-03-08,30.2229
2021-03-09,30.4563
2021-03-10,30.6114
2021-03-12,30.3233
2021-03-15,30.126
2021-03-16,30.1251
2021-03-17,29.7271
2021-03-18,29.3885
2021-03-19,29.7313
2021-03-22,29.7225
2021-03-23,29.8798
2021-03-24,29.3692
2021-03-25,28.899
2021-03-26,29.2372
2021-03-30,29.832
2021-03-31,29.5993
2021-04-05,29.4417
2021-04-06,29.4818
2021-04-07,29.7775
2021-04-08,29.8544
2021-04-09,29.7764
2021-04-12,28.7694
2021-04-15,29.2522
2021-04-16,29.3266
2021-04-19,28.8165
2021-04-20,28.7246
2021-04-22,28.9134
2021-04-23,28.7702
2021-04-26,29.0486
2021-04-27,29.3479
2021-04-28,29.7659
2021-04-29,29.7777
2021-04-30,29.2972
2021-05-03,29.297
2021-05-04,29.0719
2021-05-05,29.3541
2021-05-06,29.5226
2021-05-07,29.6523
2021-05-10,29.9034
2021-05-11,29.7606
2021-05-12,29.5174
2021-05-14,29.4935
2021-05-17,29.9418
2021-05-18,30.2874
2021-05-19,30.1619
2021-05-20,29.965
2021-05-21,30.4755
2021-05-24,30.5588
2021-05-25,30.5977
2021-05-27,30.8802
2021-05-28,31.0056
2021-05-31,31.3214
2021-06-01,31.2756
2021-06-02,31.2859
2021-06-03,31.5222
2021-06-04,31.4896
2021-06-07,31.6727
2021-06-08,31.6942
2021-06-09,31.482
2021-06-10,31.7275
2021-06-11,31.8175
2021-06-14,31.867
2021-06-15,31.9969
2021-06-16,31.8144
2021-06-17,31.6877
2021-06-18,31.6332
2021-06-21,31.748
2021-06-22,31.7845
2021-06-23,31.6366
2021-06-24,31.8357
2021-06-25,31.9908
2021-06-28,31.907
2021-06-29,31.7953
2021-06-30,31.7358
2021-07-01,31.6832
2021-07-02,31.7609
2021-07-05,31.9674
2021-07-06,31.9282
2021-07-07,32.0267
2021-07-08,31.7546
2021-07-09,31.6605
2021-07-12,31.6936
2021-07-13,31.9067
2021-07-14,32
2021-07-15,32.1362
2021-07-16,32.1277
2021-07-19,31.836
2021-07-22,31.9821
2021-07-23,32.0706
2021-07-26,31.9914
2021-07-27,31.8091
2021-07-28,31.718
2021-07-29,31.7674
2021-07-30,31.7565
2021-08-02,31.9927
2021-08-03,32.4774
2021-08-04,32.6926
2021-08-05,32.739
2021-08-06,32.6231
2021-08-09,32.6778
