Date (MM/DD/YYYY),E1,C1,G1,A1,E2,C2,G2,A2,Tax Saver Scheme
08/12/2021,17.4066,14.9071,14.2897,12.7334,17.3146,14.3611,13.7444,10,10.6789
08/11/2021,17.2921,14.9006,14.2779,12.7119,17.203,14.3557,13.732,10,10.6564
08/10/2021,17.2963,14.8983,14.2777,12.7169,17.2063,14.3547,13.7331,10,10.648
08/09/2021,17.2848,14.8903,14.2819,12.7311,17.1955,14.3482,13.7386,10,10.648
08/06/2021,17.2796,14.886,14.2633,12.7477,17.1864,14.343,13.7205,10,10.6364
08/05/2021,17.3364,14.9062,14.2984,12.7281,17.2454,14.3727,13.7596,10,10.6538
08/04/2021,17.3245,14.8985,14.2988,12.7373,17.2192,14.3663,13.7579,10,10.6442
08/03/2021,17.2362,14.882,14.2933,12.7651,17.13,14.3577,13.7534,10,10.6353
08/02/2021,16.9594,14.8776,14.287,12.7588,16.861,14.3532,13.7483,10,10.607
07/30/2021,16.8239,14.8677,14.2622,12.7461,16.7297,14.345,13.7289,10,10.5846
07/29/2021,16.8198,14.8674,14.2607,12.7407,16.7224,14.3442,13.7278,10,10.5751
07/28/2021,16.7652,14.8745,14.2669,12.7298,16.68,14.3489,13.7347,10,10.5764
07/27/2021,16.8031,14.8731,14.2715,12.7261,16.7179,14.3482,13.7406,10,10.5819
07/26/2021,16.8933,14.8664,14.2667,12.722,16.8097,14.343,13.7389,10,10.5987
07/23/2021,16.9214,14.8629,14.2538,12.717,16.8404,14.3389,13.7301,10,10.5959
07/22/2021,16.8907,14.8598,14.2524,12.7104,16.811,14.3362,13.7277,10,10.5923
07/20/2021,16.7205,14.8554,14.2649,12.7162,16.6459,14.3309,13.74,10,10.5794
07/19/2021,16.8453,14.8553,14.2459,12.7088,16.7667,14.3304,13.721,10,10.5888
07/16/2021,16.9881,14.8417,14.2288,12.7025,16.9053,14.3166,13.7038,10,10.5871
07/15/2021,16.9923,14.816,14.2371,12.6932,16.9096,14.2923,13.7062,10,10.5781
07/14/2021,16.9182,14.8107,14.2283,12.6911,16.8381,14.279,13.7024,10,10.5638
07/13/2021,16.8837,14.805,14.2303,12.6955,16.8034,14.2733,13.7037,10,10.5535
07/12/2021,16.7691,14.7903,14.2106,12.688,16.6925,14.2602,13.6833,10,10.5269
07/09/2021,16.7647,14.8162,14.2228,12.6779,16.687,14.2796,13.6937,10,10.5298
07/08/2021,16.8197,14.8088,14.2315,12.6754,16.74,14.2739,13.7029,10,10.5419
07/07/2021,16.9547,14.791,14.1889,12.6751,16.8682,14.2597,13.6619,10,10.5292
07/06/2021,16.8948,14.7907,14.174,12.6702,16.8087,14.2601,13.6444,10,10.5061
07/05/2021,16.9144,14.8021,14.2293,12.6737,16.8231,14.2679,13.6957,10,10.5406
07/02/2021,16.8095,14.7988,14.2184,12.6587,16.7242,14.2639,13.6902,10,10.5269
07/01/2021,16.77,14.7906,14.2328,12.6651,16.6863,14.2562,13.7035,10,10.529
06/30/2021,16.7812,14.7794,14.2277,12.6599,16.7008,14.245,13.7035,10,10.5222
06/29/2021,16.8027,14.7921,14.2277,12.6631,16.7223,14.2556,13.7021,10,10.5245
06/28/2021,16.8453,14.8017,14.2135,12.6561,16.7607,14.2649,13.6862,10,10.5104
06/25/2021,16.8861,14.8243,14.2434,12.6517,16.8015,14.2851,13.7119,10,10.514
06/24/2021,16.8155,14.8216,14.2637,12.6498,16.7316,14.2829,13.7292,10,10.5164
06/23/2021,16.7137,14.8214,14.2624,12.6464,16.631,14.2799,13.7284,10,10.5145
06/22/2021,16.7873,14.8201,14.2658,12.6434,16.7039,14.2762,13.7293,10,10.521
06/21/2021,16.7575,14.8179,14.2742,12.6384,16.6743,14.2741,13.7363,10,10.5224
06/18/2021,16.6978,14.8084,14.2696,12.6298,16.6156,14.2658,13.7308,10,10.5274
06/17/2021,16.7127,14.8052,14.2705,12.642,16.6325,14.2658,13.7308,10,10.5278
06/16/2021,16.7769,14.8132,14.2727,12.6308,16.6916,14.2713,13.7321,10,10.54
06/15/2021,16.8745,14.8557,14.2952,12.6564,16.7846,14.3098,13.7566,10,10.5666
06/14/2021,16.8126,14.8707,14.3296,12.6571,16.7222,14.3231,13.7863,10,10.576
06/11/2021,16.7838,14.8595,14.3318,12.6586,16.6941,14.3137,13.791,10,10.567
06/10/2021,16.7289,14.8506,14.3153,12.6606,16.6428,14.3072,13.7724,10,10.5593
06/09/2021,16.614,14.8453,14.3081,12.6485,16.5304,14.2844,13.7641,10,10.5418
06/08/2021,16.723,14.8132,14.302,12.6355,16.6361,14.2638,13.7592,10,10.5473
06/07/2021,16.7154,14.8138,14.2808,12.6268,16.63,14.2634,13.742,10,10.532
06/04/2021,16.6096,14.7958,14.2558,12.6147,16.5238,14.2494,13.7184,10,10.5044
06/03/2021,16.626,14.7969,14.2628,12.6095,16.5378,14.248,13.7248,10,10.5141
06/02/2021,16.5012,14.7859,14.2597,12.61,16.417,14.2416,13.7196,10,10.4978
06/01/2021,16.4913,14.7812,14.2469,12.5994,16.4098,14.2436,13.7075,10,10.4876
05/31/2021,16.5095,14.7823,14.2519,12.5878,16.4297,14.2439,13.7143,10,10.4907
05/28/2021,16.3353,14.7722,14.2831,12.5974,16.2588,14.2375,13.7423,10,10.4859
05/27/2021,16.2771,14.7815,14.2979,12.5928,16.2026,14.2438,13.7563,10,10.4743
05/25/2021,16.1436,14.7834,14.3076,12.5843,16.0746,14.2431,13.7653,10,10.469
05/24/2021,16.123,14.7634,14.295,12.5785,16.056,14.2266,13.7555,10,10.4572
05/21/2021,16.0818,14.7597,14.2846,12.5823,16.0128,14.2153,13.7456,10,10.4472
05/20/2021,15.8436,14.7594,14.2717,12.5865,15.7803,14.2134,13.7278,10,10.4258
05/19/2021,15.9575,14.7543,14.2609,12.576,15.89,14.2034,13.7156,10,10.4279
05/18/2021,16.0215,14.7356,14.2596,12.5672,15.9506,14.1887,13.7119,10,10.4289
05/17/2021,15.8351,14.7325,14.2597,12.5598,15.7769,14.1839,13.709,10,10.409
05/14/2021,15.63,14.7217,14.2409,12.5477,15.5791,14.1758,13.6941,10,10.3822
05/12/2021,15.6453,14.7187,14.2455,12.542,15.5892,14.1699,13.7002,10,10.3924
05/11/2021,15.7776,14.7193,14.2413,12.5439,15.72,14.1691,13.6975,10,10.404
05/10/2021,15.822,14.6983,14.2377,12.5326,15.76,14.1551,13.6928,10,10.4003
05/07/2021,15.7118,14.7005,14.2318,12.5262,15.6533,14.1579,13.6882,10,10.3836
05/06/2021,15.6531,14.6948,14.2355,12.5245,15.5952,14.1546,13.6922,10,10.377
05/05/2021,15.5577,14.6855,14.2181,12.5266,15.5065,14.1439,13.6731,10,10.3534
05/04/2021,15.4274,14.6758,14.2031,12.5292,15.3807,14.1326,13.6571,10,10.3334
05/03/2021,15.5462,14.6737,14.2077,12.5286,15.4949,14.1329,13.6592,10,10.3495
04/30/2021,15.5283,14.6554,14.2045,12.5199,15.4756,14.1156,13.6568,10,10.337
04/29/2021,15.772,14.6497,14.1879,12.5155,15.7096,14.1092,13.6449,10,10.3446
04/28/2021,15.7647,14.642,14.1786,12.52,15.7035,14.0992,13.6351,10,10.3414
04/27/2021,15.5644,14.6363,14.1766,12.5134,15.5129,14.0943,13.6392,10,10.3307
04/26/2021,15.4067,14.623,14.1688,12.511,15.3609,14.0826,13.6307,10,10.3129
04/23/2021,15.2748,14.6055,14.1358,12.505,15.2343,14.0678,13.5976,10,10.27
04/22/2021,15.3462,14.6029,14.1392,12.505,15.3048,14.0633,13.6028,10,10.2735
04/20/2021,15.2558,14.61,14.1139,12.4987,15.2142,14.0607,13.5751,10,10.2517
04/19/2021,15.3122,14.5917,14.1167,12.4882,15.2728,14.0481,13.5709,10,10.2532
04/16/2021,15.576,14.5773,14.1102,12.4866,15.5277,14.0353,13.5643,10,10.2738
04/15/2021,15.5363,14.5924,14.1211,12.482,15.4913,14.0506,13.5644,10,10.2916
04/12/2021,15.2775,14.6044,14.1583,12.4831,15.2425,14.0646,13.6104,10,10.2726
04/09/2021,15.7823,14.5805,14.1705,12.4764,15.7272,14.0408,13.6206,10,10.32
04/08/2021,15.8101,14.5592,14.178,12.4802,15.7557,14.0175,13.6303,10,10.3263
04/06/2021,15.6312,14.5346,14.1183,12.4701,15.5808,13.9885,13.5725,10,10.2978
04/05/2021,15.5958,14.5154,14.0951,12.4692,15.5459,13.9723,13.5516,10,10.279
03/31/2021,15.6499,14.4865,14.0668,12.4649,15.6014,13.9536,13.5172,10,10.257
03/30/2021,15.7774,14.4841,14.0671,12.4542,15.7303,13.9492,13.5154,10,10.2582
03/26/2021,15.4605,14.479,14.0584,12.4506,15.4149,13.94,13.5101,10,10.2345
03/25/2021,15.2796,14.4675,14.0563,12.4498,15.239,13.9361,13.5002,10,10.2085
03/24/2021,15.5176,14.4552,14.0605,12.4503,15.4715,13.9168,13.5032,10,10.2308
03/23/2021,15.7601,14.3974,14.0331,12.4445,15.7111,13.8625,13.4837,10,10.2521
03/22/2021,15.6841,14.3414,13.9903,12.4386,15.6348,13.8078,13.448,10,10.2324
03/19/2021,15.6706,14.3147,13.9396,12.4351,15.6219,13.7835,13.3997,10,10.213
03/18/2021,15.4779,14.2944,13.8963,12.4324,15.4293,13.7689,13.3616,10,10.1674
03/17/2021,15.6511,14.2813,13.8917,12.4378,15.6018,13.7605,13.3602,10,10.1785
03/16/2021,15.8544,14.2791,13.8972,12.4328,15.8056,13.7576,13.3646,10,10.2086
03/15/2021,15.8651,14.2739,13.8732,12.4452,15.8179,13.7509,13.3434,10,10.1864
03/12/2021,15.9668,14.2854,13.8691,12.4721,15.9216,13.7582,13.3363,10,10.199
03/10/2021,16.1065,14.2889,13.8818,12.4771,16.0603,13.7611,13.3482,10,10.2032
03/09/2021,16.0335,14.2869,13.8842,12.4774,15.9865,13.7606,13.3522,10,10.1999
03/08/2021,15.9194,14.2897,13.8995,12.4765,15.8772,13.7584,13.3613,10,10.2047
03/05/2021,15.8728,14.2947,13.903,12.47,15.8294,13.7582,13.3712,10,10.1872
03/04/2021,15.9983,14.2911,13.9234,12.4707,15.9525,13.7497,13.3856,10,10.2351
03/03/2021,16.1308,14.2926,13.9148,12.469,16.0825,13.7485,13.3782,10,10.2445
03/02/2021,15.8407,14.2955,13.9174,12.4687,15.8003,13.7531,13.3799,10,10.2038
03/01/2021,15.6785,14.2845,13.8942,12.4676,15.6419,13.7447,13.3668,10,10.1791
02/26/2021,15.4618,14.2867,13.8593,12.4643,15.4296,13.7496,13.3305,10,10.1423
02/25/2021,15.9974,14.286,13.9223,12.4629,15.9563,13.7515,13.3896,10,10.2388
02/24/2021,15.8965,14.29,13.9341,12.464,15.8563,13.7538,13.4044,10,10.2201
02/23/2021,15.6533,14.2876,13.9121,12.4588,15.6166,13.7499,13.3868,10,10.1831
02/22/2021,15.6127,14.2801,13.9187,12.4577,15.5747,13.7441,13.385,10,10.1671
02/18/2021,16.0796,14.358,13.9659,12.4544,16.038,13.8235,13.4309,10,10.2631
02/17/2021,16.1558,14.3548,14.0018,12.4539,16.1111,13.8152,13.467,10,10.2854
02/16/2021,16.2412,14.3671,14.0253,12.453,16.1934,13.8268,13.4894,10,10.3053
02/15/2021,16.2484,14.3617,14.0253,12.4507,16.2015,13.8168,13.4871,10,10.2919
02/12/2021,16.1183,14.3569,14.0526,12.4489,16.0699,13.8168,13.5098,10,10.2825
02/11/2021,16.1515,14.3579,14.0575,12.447,16.0999,13.8171,13.5187,10,10.2957
02/10/2021,16.0755,14.3366,14.0281,12.4413,16.027,13.8066,13.4923,10,10.273
02/09/2021,16.0688,14.3326,14.0027,12.44,16.0218,13.8022,13.4661,10,10.268
02/08/2021,16.0626,14.3557,14.0595,12.4386,16.0156,13.8238,13.5228,10,10.2866
02/05/2021,15.8664,14.3507,14.0422,12.4328,15.8229,13.8148,13.5023,10,10.2596
02/04/2021,15.8482,14.3816,14.1101,12.4325,15.8092,13.8359,13.5635,10,10.287
02/03/2021,15.7397,14.3641,14.0795,12.4363,15.7015,13.8264,13.5326,10,10.286
02/02/2021,15.6155,14.3606,14.0431,12.4362,15.5789,13.8238,13.4932,10,10.2488
02/01/2021,15.2281,14.4161,14.106,12.438,15.1965,13.877,13.5576,10,10.2228
01/29/2021,14.5979,14.5079,14.2702,12.4415,14.5753,13.9642,13.7088,10,10.1887
01/28/2021,14.796,14.5004,14.2737,12.4388,14.7682,13.961,13.7171,10,10.2105
01/27/2021,14.9444,14.4975,14.2672,12.4391,14.9092,13.9606,13.714,10,10.2316
01/25/2021,15.1989,14.4875,14.2683,12.4367,15.1575,13.9492,13.712,10,10.2584
01/22/2021,15.3618,14.4736,14.2694,12.4342,15.3132,13.9353,13.7155,10,10.2625
01/21/2021,15.5813,14.4792,14.2636,12.4313,15.5302,13.9387,13.7132,10,10.2796
01/20/2021,15.6539,14.4635,14.263,12.429,15.6022,13.925,13.7095,10,10.292
01/19/2021,15.5436,14.4682,14.2595,12.426,15.4937,13.9312,13.7082,10,10.2808
01/18/2021,15.3119,14.476,14.2525,12.4269,15.2633,13.9401,13.6955,10,10.2525
01/15/2021,15.4883,14.4897,14.2407,12.4295,15.4455,13.9459,13.6796,10,10.2817
01/14/2021,15.6792,14.4936,14.2725,12.4295,15.636,13.9471,13.7115,10,10.3035
01/13/2021,15.6395,14.509,14.2713,12.4328,15.5958,13.9574,13.707,10,10.3011
01/12/2021,15.6327,14.5097,14.2796,12.4283,15.5859,13.9568,13.7232,10,10.2824
01/11/2021,15.5624,14.524,14.2896,12.4283,15.5129,13.9704,13.7363,10,10.2837
01/07/2021,15.1671,14.5417,14.3035,12.4276,15.118,13.9857,13.7449,10,10.2359
01/06/2021,15.1703,14.533,14.3068,12.4267,15.1161,13.9833,13.7518,10,10.2288
01/05/2021,15.2165,14.5214,14.3196,12.4253,15.1621,13.9755,13.7639,10,10.2236
01/04/2021,15.1559,14.499,14.3032,12.4175,15.0984,13.9543,13.7498,10,10.225
01/01/2021,15.0256,14.4915,14.2683,12.4137,14.9663,13.9475,13.7116,10,10.2029
12/31/2020,14.981,14.4893,14.2738,12.4122,14.9203,13.9476,13.7175,10,10.1996
12/30/2020,14.982,14.4832,14.2657,12.4087,14.9228,13.9444,13.7035,10,10.1953
12/29/2020,14.9289,14.4859,14.2534,12.4053,14.8711,13.9394,13.6903,10,10.1823
12/28/2020,14.8818,14.4882,14.2475,12.403,14.8223,13.9439,13.6852,10,10.1683
12/24/2020,14.7605,14.4648,14.2194,12.3972,14.7014,13.9246,13.6576,10,10.1399
12/23/2020,14.6283,14.4526,14.2142,12.3958,14.5682,13.9103,13.6548,10,10.1183
12/22/2020,14.4663,14.4415,14.2082,12.3937,14.4053,13.8981,13.6512,10,10.094
12/21/2020,14.3032,14.431,14.2101,12.3925,14.2404,13.8891,13.65,10,10.054
12/18/2020,14.7553,14.4532,14.2044,12.3854,14.6995,13.8974,13.6447,10,10.1218
12/17/2020,14.7145,14.4547,14.2126,12.3842,14.6581,13.8998,13.6508,10,10.1162
12/16/2020,14.6689,14.4431,14.215,12.3824,14.6131,13.8913,13.6541,10,10.1084
12/15/2020,14.5623,14.4374,14.2168,12.3812,14.5078,13.8877,13.6562,10,10.1097
12/14/2020,14.5696,14.4322,14.2091,12.3742,14.5161,13.881,13.6503,10,10.1161
12/11/2020,14.5105,14.4257,14.1937,12.3689,14.4556,13.8734,13.6353,10,10.1103
12/10/2020,14.4649,14.433,14.2047,12.3691,14.4113,13.8822,13.6485,10,10.1139
12/09/2020,14.514,14.4343,14.1998,12.3718,14.461,13.8842,13.6434,10,10.0958
12/08/2020,14.3814,14.441,14.1895,12.3738,14.3309,13.887,13.6309,10,10.0441
12/07/2020,14.3473,14.441,14.199,12.3724,14.2984,13.8869,13.64,10,10.0431
12/04/2020,14.2336,14.4352,14.1958,12.3685,14.1875,13.8823,13.6372,10,10.0404
12/03/2020,14.0754,14.4183,14.1624,12.3641,14.0286,13.87,13.6077,10,10.0396
12/02/2020,14.0502,14.4163,14.1622,12.3554,14.0035,13.8683,13.6066,10,10.0398
12/01/2020,14.0345,14.4263,14.1631,12.3548,13.9872,13.8723,13.6051,10,10.0399
11/27/2020,13.8719,14.4374,14.1617,12.35,13.8252,13.8845,13.6039,10,10.0369
11/26/2020,13.9197,14.4292,14.1649,12.3462,13.8752,13.8762,13.6135,10,10.0358
11/25/2020,13.8038,14.4111,14.1488,12.3473,13.7579,13.8618,13.6006,10,10.0347
11/24/2020,14.0066,14.3942,14.1385,12.3403,13.9616,13.8591,13.588,10,10.0341
11/23/2020,13.8746,14.3831,14.127,12.3407,13.8273,13.8445,13.5834,10,10.0335
11/20/2020,13.8122,14.3793,14.1253,12.319,13.7659,13.8399,13.5796,10,10.0313
11/19/2020,13.7368,14.3747,14.1147,12.3151,13.6916,13.8348,13.5706,10,10.03
11/18/2020,13.9027,14.3646,14.1049,12.3118,13.86,13.8255,13.561,10,10.0286
11/17/2020,13.8385,14.37,14.0933,12.3115,13.7951,13.8294,13.5511,10,10.0277
11/13/2020,13.6917,14.3446,14.0805,12.3064,13.6451,13.8059,13.5364,10,10.0246
11/12/2020,13.6562,14.3426,14.0615,12.3046,13.6089,13.8073,13.5179,10,10.0232
11/11/2020,13.6977,14.345,14.0576,12.3008,13.6512,13.8079,13.515,10,10.0222
11/10/2020,13.5672,14.3415,14.0558,12.2996,13.5179,13.8064,13.5117,10,10.0215
11/09/2020,13.4097,14.3374,14.0767,12.2964,13.3566,13.8004,13.5298,10,10.0207
11/06/2020,13.207,14.3481,14.0717,12.3072,13.1493,13.81,13.5284,10,10.0181
11/05/2020,13.1088,14.3383,14.064,12.3041,13.0505,13.8052,13.5238,10,10.0172
11/04/2020,12.8893,14.3073,14.0432,12.2984,12.8288,13.7764,13.5028,10,10.0162
11/02/2020,12.6473,14.327,14.0507,12.2965,12.5903,13.7888,13.5069,10,10.0146
10/29/2020,12.6711,14.317,14.0492,12.2888,12.6118,13.7776,13.5044,10,10.0114
10/28/2020,12.7274,14.3194,14.0645,12.2874,12.669,13.7845,13.5235,10,10.0105
10/27/2020,12.8825,14.3149,14.0722,12.2863,12.8221,13.7806,13.5299,10,10.0099
10/26/2020,12.7345,14.3326,14.0731,12.2793,12.6786,13.7963,13.5281,10,10.0091
10/23/2020,12.8814,14.2884,14.019,12.2742,12.8279,13.7545,13.4806,10,10.0066
10/22/2020,12.8415,14.2763,13.9917,12.2728,12.7852,13.7455,13.4519,10,10.0058
10/21/2020,12.8565,14.2638,13.9834,12.2741,12.8024,13.7304,13.4422,10,10.0048
10/20/2020,12.8044,14.2514,13.9745,12.2708,12.7479,13.7146,13.432,10,10.0038
10/19/2020,12.7828,14.2452,13.963,12.279,12.7255,13.7132,13.4168,10,10.0028
10/16/2020,12.6616,14.2375,13.9567,12.2716,12.6032,13.702,13.4097,10,10.0001
10/15/2020,12.5634,14.2326,13.966,12.2701,12.5032,13.696,13.4213,10,9.999
10/14/2020,12.851,14.2028,13.9606,12.2686,12.7915,13.67,13.4159,10,9.9983
10/13/2020,12.8091,14.2051,13.9595,12.2632,12.7473,13.6573,13.4141,10,9.9973
10/12/2020,12.8175,14.1903,13.9529,12.2649,12.7561,13.6395,13.4108,10,9.9964
10/09/2020,12.7987,14.1812,13.914,12.2608,12.737,13.635,13.371,10,9.9937
10/08/2020,12.7228,14.0713,13.821,12.2483,12.6604,13.5354,13.2841,10,9.9928
10/07/2020,12.6254,14.0594,13.8079,12.2464,12.5628,13.5298,13.267,10,9.9919
10/05/2020,12.4343,14.0585,13.8235,12.2411,12.3657,13.5332,13.2797,10,9.9901
09/30/2020,12.2041,14.0334,13.7907,12.2299,12.1309,13.5045,13.2538,10,10
09/29/2020,12.2006,14.0309,13.7659,12.2252,12.127,13.5011,13.2329,10,10
09/28/2020,12.2275,14.0256,13.7763,12.2262,12.1538,13.4936,13.2466,10,10
09/25/2020,12.0357,14.0301,13.782,12.2229,11.9579,13.4962,13.2516,10,10
09/24/2020,11.7642,14.0439,13.8009,12.2213,11.6858,13.5085,13.272,10,10
09/23/2020,12.0908,14.0509,13.8018,12.2201,12.015,13.5169,13.2706,10,10
09/22/2020,12.1168,14.0567,13.8028,12.228,12.0396,13.516,13.2725,10,10
09/21/2020,12.22,14.0552,13.813,12.226,12.1459,13.5104,13.2803,10,10
09/18/2020,12.4995,14.0591,13.8057,12.2242,12.4314,13.5209,13.2734,10,10
09/17/2020,12.5003,14.0583,13.7915,12.223,12.433,13.5175,13.2633,10,10
09/16/2020,12.5838,14.0505,13.8099,12.2218,12.5162,13.5148,13.281,10,10
09/15/2020,12.5003,14.0457,13.7955,12.2209,12.4329,13.5147,13.2715,10,10
09/14/2020,12.4086,14.0505,13.7958,12.2197,12.34,13.519,13.2736,10,10
09/11/2020,12.4529,14.0495,13.7815,12.2171,12.3855,13.516,13.2543,10,10
09/10/2020,12.4276,14.0539,13.7931,12.216,12.3609,13.5165,13.2683,10,10
09/09/2020,12.2614,14.0438,13.8069,12.2153,12.1898,13.5075,13.2815,10,10
09/08/2020,12.3156,14.0514,13.7834,12.2147,12.2444,13.5102,13.254,10,10
09/07/2020,12.3472,14.0921,13.8493,12.2137,12.2775,13.548,13.3149,10,10
09/04/2020,12.3418,14.1171,13.8731,12.2106,12.2709,13.5671,13.3339,10,10
09/03/2020,12.5426,14.1195,13.8949,12.2096,12.4739,13.5637,13.3556,10,10
09/02/2020,12.5656,14.0924,13.8634,12.2085,12.4975,13.5378,13.3399,10,10
09/01/2020,12.4993,14.0723,13.8672,12.2072,12.4319,13.5284,13.3401,10,10
08/31/2020,12.3762,13.9863,13.6762,12.206,12.3115,13.454,13.1575,10,10
08/28/2020,12.6884,13.9093,13.6465,12.203,12.6244,13.3857,13.1307,10,10
08/26/2020,12.5938,13.9159,13.6581,12.2006,12.5238,13.3855,13.1387,10,10
08/24/2020,12.5426,13.9187,13.6527,12.1995,12.4709,13.3897,13.1248,10,10
08/21/2020,12.4553,13.9438,13.7212,12.1965,12.3828,13.4221,13.1987,10,10
08/20/2020,12.4077,14.0009,13.8489,12.195,12.3352,13.475,13.3191,10,10
08/19/2020,12.51,13.9879,13.8507,12.1935,12.4382,13.4672,13.3179,10,10
08/18/2020,12.483,14.006,13.8574,12.1923,12.4109,13.4786,13.325,10,10
08/17/2020,12.3462,14.0424,13.856,12.1909,12.2751,13.5127,13.3207,10,10
08/14/2020,12.2909,14.0253,13.854,12.1874,12.2199,13.4952,13.3149,10,
08/13/2020,12.4367,14.037,13.8875,12.1861,12.3631,13.5077,13.3509,10,
08/12/2020,12.4336,14.0221,13.8826,12.1849,12.3607,13.493,13.3421,10,
08/11/2020,12.4512,14.0337,13.8809,12.1836,12.3783,13.5011,13.3428,10,
08/10/2020,12.4027,14.0378,13.8891,12.1825,12.3287,13.5066,13.3543,10,
08/07/2020,12.3512,14.0474,13.8916,,12.2774,13.5185,13.3554,10,
08/06/2020,12.3462,14.0589,13.9093,,12.2717,13.5335,13.373,10,
08/05/2020,12.2596,14.0825,13.9408,,12.1867,13.5548,13.4053,10,
08/04/2020,12.2452,14.0816,13.5535,12.1759,12.1713,13.5535,13.9367,10,
08/03/2020,12.0566,14.0774,13.9229,12.1747,11.9866,13.5482,13.3821,10,
07/31/2020,12.228,14.0655,13.9155,12.1714,12.1571,13.5357,13.3749,10,
07/30/2020,12.2342,14.0542,13.9255,12.1702,12.1628,13.5321,13.3835,10,
07/29/2020,12.3213,14.043,13.9253,12.1693,12.2515,13.5213,13.3844,10,
07/28/2020,12.3838,14.0274,13.916,12.1686,12.3084,13.508,13.3795,10,
07/27/2020,12.205,14.0295,13.9173,12.1677,12.1309,13.5095,13.3789,10,
07/24/2020,12.2686,14.0391,13.928,12.1644,12.1963,13.5179,13.3879,10,
07/23/2020,12.3213,14.0381,13.9214,12.1634,12.2556,13.5132,13.3833,10,
07/22/2020,12.2317,14.038,13.9085,12.162,12.1713,13.515,13.3679,10,
07/21/2020,12.2953,14.0348,13.9094,12.161,12.2277,13.5129,13.3723,10,
07/20/2020,12.1418,14.0576,13.9111,12.1602,12.0716,13.5253,13.3695,10,
07/17/2020,12.0486,14.0494,13.9063,12.1569,11.9808,13.5147,13.3664,10,
07/16/2020,11.8525,14.0412,13.9006,12.1562,11.7919,13.5125,13.3601,10,
07/15/2020,11.6852,14.0248,13.8894,12.1548,11.6271,13.4972,13.3484,10,
07/14/2020,11.6888,14.0091,13.8782,12.1537,11.6272,13.4848,13.3397,10,
07/10/2020,11.8413,13.9991,13.8706,12.1495,11.783,13.4722,13.3293,10,
07/09/2020,11.7338,13.9525,13.8178,12.1469,11.679,13.4369,13.276,10,
07/09/2020,11.8553,13.9638,13.8288,12.1481,11.8008,13.4412,13.2852,10,
07/06/2020,11.7961,13.8791,13.7576,12.1455,11.737,13.3753,13.2246,10,
07/03/2020,11.6455,13.8684,13.7416,12.1424,11.5885,13.3678,13.2061,10,
07/02/2020,11.5713,13.8587,13.744,12.1414,11.5162,13.3589,13.2115,10,
07/01/2020,11.4387,13.8237,13.7355,12.1405,11.3887,13.3363,13.2025,10,
06/30/2020,11.3492,13.8189,13.7045,12.1395,11.2963,13.3307,13.1788,10,
06/30/2020,11.875,14.0228,13.8891,12.1527,11.8135,13.4955,13.3479,10,
06/29/2020,11.347,13.8011,13.6798,12.1386,11.2948,13.3202,13.1503,10,
06/26/2020,11.4206,13.7917,13.6612,12.1357,11.3684,13.309,13.134,10,
06/25/2020,11.3111,13.7647,13.6492,12.135,11.2562,13.2806,13.1228,10,
06/24/2020,11.4953,13.7467,13.648,12.1333,11.4392,13.2677,13.1245,10,
06/24/2020,11.3011,13.7424,13.6448,12.1342,11.2476,13.266,13.1211,10,
06/22/2020,11.322,13.7272,13.6526,12.1323,11.2643,13.247,13.1291,10,
06/19/2020,11.2369,13.7125,13.6422,12.1293,11.1795,13.232,13.1134,10,
06/18/2020,11.0772,13.6604,13.6231,12.1284,11.0224,13.1889,13.0956,10,
06/17/2020,10.8728,13.6418,13.6053,12.1274,10.8162,13.1753,13.082,10,
06/16/2020,10.8922,13.626,13.5977,12.1265,10.8368,13.1638,13.0789,10,
06/15/2020,10.801,13.6187,13.6206,12.1255,10.7423,13.1563,13.0936,10,
06/12/2020,10.9562,13.6064,13.6036,12.1226,10.9019,13.1453,13.0781,10,
06/11/2020,10.8624,13.5992,13.6205,12.1216,10.8123,13.1379,13.0937,10,
06/10/2020,12.5706,14.0586,13.801,12.2425,12.5051,13.5312,13.2576,10,
06/09/2020,11.0413,13.5713,13.6127,12.1196,10.9894,13.1166,13.0809,10,
06/08/2020,11.1445,13.5635,13.6149,12.1186,11.0932,13.106,13.0846,10,
06/07/2020,11.8199,13.9113,13.7885,12.1465,11.7613,13.4006,13.2475,10,
06/05/2020,11.114,13.5711,13.5988,12.1155,11.0597,13.1139,13.0706,10,
06/04/2020,11.0004,13.549,13.5975,12.1145,10.9421,13.1027,13.0686,10,
06/03/2020,10.9971,13.5655,13.5803,12.1135,10.9401,13.1138,13.0456,10,
06/02/2020,10.9047,13.5476,13.5825,12.1124,10.8492,13.0916,13.0465,10,
06/01/2020,10.7691,13.5707,13.5804,12.1114,10.7132,13.1115,13.0477,10,
05/29/2020,10.5341,13.5658,13.6061,12.1083,10.4769,13.1071,13.0644,10,
05/28/2020,10.3841,13.58,13.6002,12.1073,10.3281,13.1213,13.0564,10,
05/27/2020,10.2241,13.5776,13.5951,12.1063,10.1657,13.1107,13.0511,10,
05/26/2020,9.961,13.58,13.5877,12.1054,9.8932,13.1055,13.051,10,
05/22/2020,9.9681,13.5484,13.5717,12.1021,9.8886,13.0823,13.0329,10,
05/21/2020,10.0272,13.4861,13.4871,12.1012,9.9609,13.0305,12.9521,10,
05/20/2020,9.9528,13.4811,13.481,12.1001,9.8891,13.0279,12.9483,10,
05/18/2020,9.6823,13.4549,13.4636,12.098,9.6148,12.9953,12.9253,10,
05/18/2020,9.739,13.4648,13.4857,12.0991,9.6703,13.0088,12.9455,10,
05/15/2020,10.0034,13.4307,13.4511,12.095,9.9591,12.9776,12.9142,10,
05/14/2020,10.0179,13.4163,13.4536,12.0942,9.9766,12.9615,12.9233,10,
05/13/2020,10.0243,13.3471,13.3661,12.0926,9.9712,12.9035,12.853,10,
05/13/2020,10.2302,13.352,13.4051,12.0935,10.1884,12.9018,12.8777,10,
05/11/2020,10.0863,13.2992,13.3577,12.0915,10.0297,12.8633,12.8385,10,
05/08/2020,10.096,13.3511,13.4658,12.0882,10.043,12.9066,12.936,10,
05/06/2020,10.1142,13.3174,13.4237,12.086,10.0726,12.871,12.896,10,
05/05/2020,10.0369,13.2751,13.3812,12.0849,9.9842,12.831,12.858,10,
05/04/2020,10.1602,13.2485,13.3363,12.0838,10.1093,12.8027,12.8249,10,
04/30/2020,10.6922,13.1877,13.3003,12.0791,10.6524,12.7449,12.7941,10,
04/29/2020,10.4255,13.1601,13.283,12.078,10.3875,12.7228,12.7812,10,
04/28/2020,10.2607,13.1524,13.2914,12.077,10.2212,12.7168,12.7871,10,
04/27/2020,10.182,13.1736,13.2797,12.0763,10.1342,12.7298,12.7727,10,
04/24/2020,10.0487,13.2065,13.2586,12.0732,9.9988,12.7587,12.7472,10,
04/23/2020,10.2219,13.3138,13.3273,12.8104,10.1818,12.8564,12.8104,10,
04/22/2020,10.1111,13.2851,13.2109,12.0711,10.0677,12.8281,12.7079,10,
04/21/2020,9.8857,13.2884,13.2171,12.0699,9.8471,12.8226,12.7078,10,
04/20/2020,10.1651,13.221,13.1914,12.0689,10.1419,12.7724,12.6891,10,
04/17/2020,10.1807,13.1394,13.0083,12.5027,10.1605,12.7104,12.5027,10,
04/16/2020,9.914,13.0205,12.9793,12.0647,9.8794,12.5892,12.4909,10,
04/15/2020,9.8423,12.9696,12.9427,12.0634,9.801,12.5423,12.4491,10,
04/13/2020,9.8915,12.9118,12.8781,12.0611,9.8508,12.5077,12.3841,10,
04/09/2020,9.9571,12.8983,12.8621,12.0568,9.9169,12.4974,12.3768,10,
04/08/2020,9.5749,12.9205,12.8401,12.0562,9.527,12.5085,12.3483,10,
04/07/2020,9.5794,13.0919,12.8782,12.0552,9.5261,12.67,12.3845,10,
04/03/2020,8.8048,13.1566,13.0043,12.0521,8.7532,12.7227,12.5193,10,
03/31/2020,9.2801,13.184,13.0816,12.0513,9.2368,12.7504,12.586,10,
03/30/2020,8.935,13.1523,13.0657,12.051,8.897,12.7215,12.5936,10,
03/27/2020,9.2514,13.1441,13.1193,12.0499,9.213,12.7023,12.6383,10,
03/26/2020,9.2406,12.6849,12.9431,12.0495,9.213,12.2929,12.4667,10,
03/24/2020,8.4572,12.6634,12.8733,12.0484,8.4587,12.2775,12.4065,10,
03/23/2020,8.2995,12.6672,12.8364,12.0573,8.305,12.2829,12.3737,10,
03/20/2020,9.4476,12.6629,12.9682,12.053,9.424,12.2744,12.4957,10,
03/19/2020,8.9262,12.6546,12.8652,12.0609,8.9099,12.2762,12.4132,10,
03/18/2020,9.1523,12.7745,13.0175,12.062,9.131,12.381,12.5551,10,
03/17/2020,9.665,12.888,12.4798,12.061,9.6304,12.4798,12.5954,10,
03/16/2020,9.905,12.9565,13.1084,12.0593,9.8587,12.534,12.6397,10,
03/13/2020,10.7041,12.9554,13.0084,12.0554,10.6376,12.5243,12.545,10,
03/12/2020,10.2944,13.089,13.1178,12.0551,10.2385,12.639,12.6463,10,
03/11/2020,11.2504,13.2138,13.2478,12.0484,11.172,12.7708,12.7684,10,
03/11/2020,11.1856,13.1718,13.1976,12.0529,11.107,12.7229,12.7251,10,
03/06/2020,11.7884,13.1934,13.1541,12.0421,11.7011,12.7398,12.6778,10,
03/05/2020,12.0541,13.1756,13.0906,12.0396,11.9627,12.7242,12.6175,10,
03/04/2020,12.0361,13.1733,13.0739,12.0364,11.9451,12.7176,12.6024,10,
03/03/2020,12.0922,13.1177,13.0062,12.0345,12.0011,12.6676,12.5454,10,
03/02/2020,11.9109,13.1258,13.0192,12.0329,11.8192,12.6766,12.5569,10,
02/28/2020,12.0065,13.1139,12.992,12.0277,11.914,12.6639,12.5338,10,
02/27/2020,12.442,13.1273,12.9969,12.0267,12.35,12.675,12.5379,10,
02/26/2020,12.4872,13.1355,13.0188,12.0252,12.3945,12.6819,12.5578,10,
02/25/2020,12.6342,13.104,12.9913,12.0235,12.5418,12.6509,12.5273,10,
02/24/2020,12.671,13.1018,12.9896,12.0218,12.577,12.6477,12.5257,10,
02/20/2020,12.9167,13.078,12.9479,12.0153,12.8251,12.6228,12.4892,10,
02/18/2020,12.8279,13.0832,12.9542,12.0119,12.7365,12.6315,12.4966,10,
02/17/2020,12.8696,13.0886,12.9394,12.0102,12.7784,12.6388,12.4831,10,
02/14/2020,12.952,13.0632,12.9315,12.0052,12.8595,12.6149,12.4715,10,
02/13/2020,13.022,13.0402,12.8873,12.0034,12.9294,12.589,12.4343,10,
02/12/2020,13.0483,13.0102,12.8455,12.0015,12.9541,12.5591,12.3986,10,
02/11/2020,12.9629,13.0193,12.8429,11.9996,12.8703,12.568,12.397,10,
02/10/2020,12.8871,13.0201,12.8457,11.9979,12.7931,12.5642,12.3999,10,
02/07/2020,12.9684,13,12.8331,11.9928,12.8765,12.5458,12.3864,10,
02/06/2020,13.0165,12.9478,12.8003,11.991,12.9258,12.493,12.3556,10,
02/05/2020,12.9454,12.8916,12.7384,11.9893,12.8531,12.442,12.2987,10,
02/04/2020,12.8278,12.8851,12.7416,11.9876,12.7369,12.4359,12.3029,10,
02/03/2020,12.545,12.8707,12.7359,11.9859,12.4513,12.4216,12.2926,10,
01/31/2020,12.7749,12.8302,12.632,11.981,12.6847,12.3827,12.2028,10,
01/30/2020,12.8375,12.8331,12.6336,11.9792,12.7484,12.3878,12.204,10,
01/29/2020,12.956,12.8299,12.6347,11.9775,12.8651,12.3848,12.202,10,
01/28/2020,12.8973,12.8306,12.6458,11.9758,12.808,12.3919,12.2138,10,
01/27/2020,12.9498,12.8292,12.6568,11.9742,12.8612,12.3925,12.2211,10,
01/24/2020,13.0655,12.8098,12.6398,11.9691,12.9733,12.3742,12.2079,10,
01/23/2020,12.9815,12.8046,12.6244,11.9675,12.8901,12.3702,12.1943,10,
01/22/2020,12.8809,12.7905,12.6072,11.9659,12.7894,12.3582,12.1812,10,
01/21/2020,12.9499,12.7767,12.612,11.9642,12.8596,12.3447,12.1842,10,
01/20/2020,13.0012,12.7643,12.5941,11.9625,12.9105,12.3363,12.1728,10,
01/17/2020,13.0893,12.7562,12.5874,11.9575,12.996,12.3307,12.1642,10,
01/16/2020,13.0894,12.7457,12.5812,11.9558,12.9966,12.3181,12.1588,10,
01/15/2020,13.1074,12.7381,12.5615,11.9541,13.0166,12.3076,12.1418,10,
01/14/2020,13.1231,12.7274,12.5321,11.9527,13.0275,12.2956,12.1162,10,
01/13/2020,13.0869,12.747,12.5821,11.9517,12.9912,12.3151,12.1605,10,
01/10/2020,12.3557,14.0574,13.8042,12.2355,12.2867,13.5244,13.2652,10,
01/08/2020,12.7396,12.7338,12.5968,11.944,12.6457,12.3036,12.1705,10,
01/07/2020,12.7543,12.736,12.5929,11.9423,12.659,12.307,12.1663,10,
01/06/2020,12.7081,12.7172,12.5793,11.941,12.6127,12.2887,12.1528,10,
01/03/2020,12.9465,12.7373,12.6196,11.9362,12.8493,12.3061,12.1853,10,
01/02/2020,12.9957,12.7288,12.6286,11.9336,12.8981,12.3025,12.1922,10,
01/01/2020,12.8824,12.7205,12.6226,11.9316,12.7855,12.2979,12.1881,10,
12/31/2019,12.8669,12.8823,12.5817,11.93,12.7691,12.4575,12.1546,10,
12/30/2019,12.9461,12.8735,12.5851,11.9284,12.8469,12.4351,12.1595,10,
12/27/2019,12.9351,12.8444,12.5918,11.9232,12.8349,12.4325,12.1646,10,
12/26/2019,12.8081,12.8609,12.5686,11.9215,12.7107,12.4406,12.1435,10,
12/24/2019,12.9044,12.832,12.563,11.9182,12.8042,12.3985,12.1353,10,
12/23/2019,12.9342,12.841,12.5798,11.9165,12.8338,12.4178,12.1523,10,
12/20/2019,12.9358,12.8025,12.551,11.9117,12.8359,12.4144,12.1265,10,
12/19/2019,12.9043,12.7556,12.3809,11.9099,12.8045,12.3483,11.9834,10,
12/18/2019,12.8609,12.7615,12.3907,11.9082,12.7606,12.3428,11.9881,10,
12/17/2019,12.8243,12.7382,12.3689,11.9064,12.7228,12.3302,11.9676,10,
12/16/2019,12.7098,12.7244,12.341,11.9048,12.6097,12.3103,11.9434,10,
12/13/2019,12.627,12.7127,12.3517,11.8982,12.5299,12.2982,11.9543,10,
12/13/2019,12.7536,12.7149,12.3312,11.8999,12.6533,12.3053,11.9383,10,
12/11/2019,12.5724,12.7127,12.3745,11.8964,12.4774,12.3142,11.9742,10,
12/10/2019,12.6131,12.7644,12.4058,11.8926,12.5158,12.3341,12.005,10,
12/10/2019,12.5174,12.7356,12.3877,11.8946,12.4214,12.335,11.9858,10,
12/06/2019,12.6005,12.7653,12.4032,11.8874,12.5022,12.3487,12.0022,10,
12/05/2019,12.7263,12.7704,12.4223,11.8872,12.6253,12.3468,12.0097,10,
12/04/2019,12.788,12.8661,12.515,11.8853,12.6872,12.4202,12.0922,10,
12/03/2019,12.8173,12.8446,12.4918,11.8821,12.7154,12.4074,12.0711,10,
12/03/2019,12.7397,12.8537,12.5046,11.8837,12.6374,12.4046,12.083,10,
11/29/2019,12.82,12.8554,12.4909,11.8766,12.7212,12.4167,12.07,10,
11/28/2019,12.916,12.8388,12.4925,11.8746,12.8171,12.3932,12.0727,10,
11/27/2019,12.8587,12.7959,12.4774,11.8726,12.7607,12.3923,12.0584,10,
11/26/2019,12.7901,12.8201,12.4772,11.8709,12.6927,12.3755,12.059,10,
11/25/2019,12.8117,12.8047,12.4796,11.8691,12.7149,12.3743,12.0614,10,
11/21/2019,12.701,12.7702,12.4449,11.8624,12.6052,12.3436,12.0311,10,
11/21/2019,12.6404,12.753,12.4571,11.864,12.5469,12.3433,12.0431,10,
11/20/2019,12.7565,12.7891,12.4749,11.8604,12.6609,12.366,12.0553,10,
11/19/2019,12.6672,12.774,12.4606,11.8586,12.5751,12.3652,12.0402,10,
11/18/2019,12.6066,12.7696,12.4432,11.857,12.5222,12.3405,12.027,10,
11/15/2019,12.6132,12.7566,12.4236,11.852,12.5282,12.3197,12.0072,10,
11/14/2019,12.5533,12.734,12.4197,11.8502,12.4716,12.315,12.0047,10,
11/13/2019,12.5345,12.7076,12.4149,11.8482,12.4486,12.2856,12.0005,10,
11/11/2019,12.6481,12.6813,12.3913,11.8447,12.5602,12.2487,11.9798,10,
11/08/2019,12.6362,12.6767,12.3912,11.8398,12.5497,12.243,11.9786,10,
11/07/2019,12.7542,12.7094,12.4198,11.8381,12.6671,12.2748,12.0031,10,
11/06/2019,12.7153,12.7189,12.4209,11.8371,12.631,12.2856,12.0011,10,
11/05/2019,12.6626,12.7012,12.4142,11.8357,12.5782,12.2632,11.9999,10,
11/04/2019,12.6945,12.7327,12.4292,11.8342,12.6076,12.3047,12.0121,10,
11/01/2019,12.659,12.726,12.4266,11.8291,12.5719,12.3049,12.0095,10,
10/31/2019,12.6545,12.683,12.4272,11.827,12.5715,12.2646,12.0104,10,
10/30/2019,12.6086,12.6922,12.4112,11.8249,12.5245,12.27,11.9916,10,
10/29/2019,12.5238,12.6602,12.4021,11.8232,12.4393,12.2414,11.9845,10,
10/25/2019,12.3329,12.6561,12.3997,11.8163,12.2493,12.2376,11.9844,10,
10/24/2019,12.3429,12.623,12.4027,11.8128,12.2618,12.1858,11.99,10,
10/24/2019,12.2968,12.6352,12.4012,11.8144,12.2141,12.2097,11.9867,10,
10/22/2019,12.3214,12.6016,12.3854,11.8115,12.2381,12.1889,11.9717,10,
10/18/2019,12.4009,12.579,12.3813,11.8047,12.3215,12.1622,11.9649,10,
10/17/2019,12.3167,12.5711,12.372,11.803,12.2376,12.1598,11.9562,10,
10/16/2019,12.186,12.5767,12.3916,11.8012,12.1107,12.1685,11.9722,10,
10/15/2019,12.1664,12.5896,12.3745,11.7992,12.0926,12.1816,11.9601,10,
10/14/2019,12.0816,12.5757,12.3777,11.797,12.0082,12.1664,11.9629,10,
10/11/2019,12.038,12.5526,12.3504,11.7914,11.9688,12.1336,11.9402,10,
10/10/2019,11.9628,12.5575,12.3862,11.7895,11.8931,12.153,11.9704,10,
10/09/2019,12.0507,12.5562,12.3976,11.7877,11.9833,12.1485,11.9782,10,
10/07/2019,11.8818,12.5512,12.3858,11.7775,11.8204,12.1389,11.9694,10,
10/07/2019,11.8218,12.54,12.3871,11.7837,11.7599,12.1235,11.9679,10,
10/03/2019,12.0245,12.5786,12.4275,11.7755,11.9656,12.1662,12.0042,10,
10/01/2019,12.0865,12.5531,12.3629,11.7711,12.0239,12.128,11.9467,10,
09/30/2019,12.2185,12.5312,12.3097,11.7682,12.1502,12.1161,11.8973,10,
09/27/2019,12.2764,12.5049,12.2653,11.7624,12.2007,12.1101,11.8582,10,
09/26/2019,12.3287,12.4798,12.2629,11.7603,12.2471,12.072,11.8571,10,
09/25/2019,12.1837,12.4631,12.2459,11.7586,12.1014,12.038,11.84,10,
09/24/2019,12.3576,12.4757,12.2583,11.7573,12.284,12.0668,11.8547,10,
09/23/2019,12.3767,12.4722,12.2585,11.7567,12.3104,12.0781,11.848,10,
09/20/2019,12.0597,12.4756,12.2101,11.7526,11.9877,12.0761,11.8052,10,
09/19/2019,11.4299,12.5627,12.377,11.7508,11.3547,12.1705,11.9564,10,
09/18/2019,11.5803,12.5563,12.3695,11.749,11.5026,12.1628,11.9498,10,
09/17/2019,11.5489,12.5243,12.3206,11.7475,11.4703,12.1312,11.9041,10,
09/16/2019,11.7304,12.5305,12.3311,11.7457,11.6606,12.124,11.9104,10,
09/13/2019,11.7919,12.5515,12.3747,11.7403,11.7268,12.1538,11.9451,10,
09/12/2019,11.7082,12.5303,12.3672,11.7383,11.642,12.1083,11.9395,10,
09/11/2019,11.7561,12.5332,12.3775,11.7364,11.6918,12.1352,11.9478,10,
09/09/2019,11.7299,12.5623,12.4242,11.7327,11.6634,12.1524,11.9915,10,
09/06/2019,11.6664,12.5312,12.4041,11.7272,11.5981,12.1393,11.9735,10,
09/05/2019,11.5639,12.5557,12.415,11.7252,11.4932,12.1389,11.9829,10,
09/04/2019,11.5508,12.5841,12.4267,11.7233,11.4769,12.1706,11.9936,10,
09/03/2019,11.5299,12.5426,12.4195,11.7215,11.4471,12.1453,11.9848,10,
08/30/2019,11.7702,12.5168,12.38,11.7143,11.6857,12.1414,11.9497,10,
08/29/2019,11.6758,12.5162,12.3941,11.7125,11.598,12.1081,11.9619,10,
08/28/2019,11.7578,12.5319,12.4099,11.7106,11.6878,12.1312,11.9817,10,
08/27/2019,11.8204,12.5549,12.4451,11.7087,11.7516,12.1459,12.0132,10,
08/26/2019,11.7662,12.5567,12.4331,11.7069,11.6944,12.1444,11.998,10,
08/23/2019,11.542,12.5264,12.3688,11.7015,11.4715,12.1169,11.936,10,
08/22/2019,11.4717,12.5104,12.3729,11.6997,11.4033,12.1002,11.9404,10,
08/21/2019,11.6215,12.4822,12.3504,11.6975,11.552,12.0841,11.92,10,
08/20/2019,11.6985,12.4773,12.3322,11.6954,11.6263,12.0707,11.9011,10,
08/19/2019,11.7286,12.4587,12.3247,11.6934,11.654,12.0541,11.8956,10,
08/16/2019,11.7087,12.4534,12.3566,11.6879,11.6356,12.0428,11.9239,10,
08/14/2019,11.6847,12.4198,12.3027,11.6847,11.6117,12.0203,11.8736,10,
08/13/2019,11.5707,12.4683,12.3807,11.6832,11.4991,12.0596,11.9474,10,
08/12/2019,11.7427,12.475,12.3971,11.6755,11.6713,12.0685,11.9576,10,
08/08/2019,11.6718,12.5029,12.4697,11.673,11.5987,12.123,12.0239,10,
08/07/2019,11.5166,12.485,12.4537,11.67,11.4454,12.1007,12.0117,10,
08/06/2019,11.5911,12.471,12.4389,11.6678,11.5227,12.0869,11.9974,10,
08/05/2019,11.5004,12.455,12.4253,11.666,11.43,12.0449,11.9851,10,
08/02/2019,11.6047,12.4735,12.4395,11.6599,11.5326,12.0929,11.995,10,
08/01/2019,11.5719,12.438,12.4,11.6578,11.4999,12.0533,11.9628,10,
07/31/2019,11.7133,12.4335,12.4075,11.6554,11.6364,12.0631,11.9676,10,
07/30/2019,11.6821,12.4173,12.3917,11.6533,11.6067,12.0431,11.9497,10,
07/29/2019,11.8617,12.3617,12.3481,11.6448,11.7806,11.9585,11.9238,10,
07/29/2019,11.7912,12.4148,12.3888,11.6507,11.7096,12.027,11.956,10,
07/26/2019,11.8282,12.3513,12.3602,11.6428,11.7435,11.9692,11.9321,10,
07/24/2019,11.8138,12.4091,12.407,11.6408,11.7295,12.0066,11.9697,10,
07/23/2019,11.8755,12.3996,12.3974,11.639,11.7893,12.0191,11.9568,10,
07/22/2019,11.8827,12.4257,12.4475,11.6371,11.7969,12.0231,12.0027,10,
07/19/2019,11.9339,12.4372,12.4738,11.6314,11.8462,12.0496,12.0243,10,
07/17/2019,12.2262,12.4399,12.4768,11.6272,12.1328,12.0455,12.0256,10,
07/16/2019,12.2007,12.4575,12.5106,11.6243,12.1087,12.0531,12.0642,10,
07/15/2019,12.1161,12.4099,12.456,11.6221,12.0266,12.0286,12.0113,10,
07/12/2019,12.0848,12.3875,12.4155,11.616,11.9932,11.9905,11.9753,10,
07/11/2019,12.1049,12.3585,12.4157,11.6138,12.0122,11.9659,11.9779,10,
07/10/2019,12.0109,12.3245,12.3703,11.6115,11.9204,11.9339,11.933,10,
07/09/2019,12.0622,12.3005,12.3255,11.6091,11.9703,11.9064,11.894,10,
07/08/2019,12.0553,12.3031,12.3294,11.6069,11.9647,11.9039,11.8938,10,
07/05/2019,12.2977,12.2517,12.2431,11.6005,12.2032,11.886,11.8172,10,
07/04/2019,12.4156,12.1995,12.1777,11.598,12.3214,11.8188,11.7537,10,
07/02/2019,12.3687,12.1482,12.1148,11.5933,12.2767,11.7702,11.6953,10,
07/01/2019,12.3372,12.1295,12.0836,11.5911,12.2447,11.7514,11.6678,10,
06/28/2019,12.2624,12.1266,12.0797,11.5844,12.1699,11.7479,11.6636,10,
06/27/2019,12.2973,12.1317,12.0691,11.5823,12.2039,11.7485,11.6535,10,
06/26/2019,12.2979,12.1074,12.0439,11.5803,12.2038,11.7222,11.6284,10,
06/25/2019,12.2562,12.146,12.062,11.5783,12.1607,11.7658,11.645,10,
06/24/2019,12.1737,12.1506,12.0796,11.5761,12.0777,11.7654,11.6619,10,
06/21/2019,12.1879,12.159,12.0834,11.5702,12.0918,11.7691,11.6588,10,
06/20/2019,12.2752,12.1861,12.1254,11.5676,12.1795,11.7875,11.6972,10,
06/19/2019,12.1126,12.157,12.0623,11.5655,12.019,11.7728,11.6439,10,
06/18/2019,12.1061,12.1377,12.0591,11.5635,12.0112,11.7431,11.6365,10,
06/17/2019,12.0865,12.1093,11.962,11.5614,11.992,11.719,11.5498,10,
06/14/2019,12.2429,12.1079,11.9444,11.5551,12.1484,11.7207,11.5311,10,
06/13/2019,12.3435,12.0667,11.8761,11.553,12.2474,11.6827,11.4642,10,
06/12/2019,12.3392,12.069,11.87,11.5509,12.2407,11.6893,11.4608,10,
06/11/2019,12.3867,12.0423,11.8448,11.5487,12.2884,11.6646,11.438,10,
06/10/2019,12.3644,12.0357,11.8358,11.5466,12.2671,11.6482,11.4272,10,
06/07/2019,12.2909,12.0332,11.8726,11.5401,12.1946,11.672,11.4643,10,
06/06/2019,12.2692,12.0835,11.8878,11.5377,12.1726,11.6882,11.4757,10,
06/04/2019,12.493,12.0437,11.81,11.5334,12.3914,11.6577,11.4041,10,
06/03/2019,12.5582,12.0545,11.835,11.5311,12.4541,11.6659,11.4313,10,
05/31/2019,12.411,12.0149,11.786,11.5242,12.31,11.6245,11.3818,10,
05/30/2019,12.409,11.9882,11.7129,11.5219,12.3097,11.6438,11.3145,10,
05/29/2019,12.3324,12.0002,11.7158,11.5197,12.233,11.6516,11.3136,10,
05/28/2019,12.3988,11.9937,11.6924,11.5171,12.2983,11.6476,11.2911,10,
05/27/2019,12.3988,11.9905,11.6636,11.5149,12.2985,11.6391,11.2636,10,
05/24/2019,12.2992,11.9229,11.619,11.5083,12.1976,11.5747,11.2215,10,
05/23/2019,12.1023,11.8975,11.5972,11.5053,12.0038,11.5449,11.2,10,
05/22/2019,12.1485,11.8527,11.5684,11.5028,12.0556,11.5079,11.1734,10,
05/21/2019,12.1036,11.8495,11.5426,11.5002,12.013,11.4982,11.1482,10,
05/20/2019,12.2325,11.8563,11.5397,11.4979,12.1357,11.4931,11.1444,10,
05/17/2019,11.8103,11.8059,11.4936,11.4911,11.7272,11.4427,11.106,10,
05/16/2019,11.6638,11.7973,11.4937,11.4886,11.5781,11.4458,11.1045,10,
05/15/2019,11.5999,11.7698,11.4791,11.4862,11.5199,11.4379,11.0867,10,
05/14/2019,11.6705,11.791,11.4799,11.4839,11.587,11.4632,11.0899,10,
05/13/2019,11.5705,11.7717,11.4579,11.4815,11.4831,11.4528,11.0647,10,
05/10/2019,11.7381,11.7578,11.4381,11.4749,11.6577,11.4335,11.0463,10,
05/09/2019,11.7618,11.759,11.4337,11.4727,11.6806,11.4326,11.0438,10,
05/08/2019,11.8245,11.754,11.4424,11.4702,11.7469,11.4301,11.0507,10,
05/07/2019,11.9542,11.7454,11.4273,11.4679,11.8776,11.4211,11.0344,10,
05/06/2019,12.1319,11.724,11.3981,11.4593,12.0576,11.4009,11.0055,10,
05/06/2019,12.0295,11.7276,11.4135,11.4658,11.9549,11.4092,11.0202,10,
05/02/2019,12.1397,11.7281,11.3805,11.4572,12.0655,11.4063,10.9876,10,
04/30/2019,12.1824,11.7308,11.3585,11.453,12.1066,11.4115,10.9657,10,
04/26/2019,12.1783,11.7181,11.3508,11.4446,12.1024,11.3963,10.9584,10,
04/25/2019,12.0487,11.6929,11.3269,11.4426,11.9805,11.3741,10.934,10,
04/24/2019,12.1562,11.7046,11.3395,11.4404,12.087,11.3787,10.9482,10,
04/23/2019,12.0337,11.6895,11.3026,11.4384,11.966,11.3626,10.9141,10,
04/22/2019,12.0695,11.6923,11.2959,11.4361,11.9972,11.3681,10.9061,10,
04/18/2019,12.2356,11.7226,11.3259,11.4275,12.1648,11.3935,10.9335,10,
04/16/2019,12.2899,11.7184,11.3413,11.423,12.2138,11.3944,10.947,10,
04/15/2019,12.1795,11.71,11.3353,11.4145,12.1068,11.3896,10.9414,10,
04/12/2019,12.1795,11.71,11.3353,11.4145,12.1068,11.3896,10.9414,10,
04/11/2019,12.0968,11.721,11.3383,11.4123,12.0208,11.394,10.9444,10,
04/10/2019,12.0715,11.7352,11.3324,11.4102,11.9942,11.4061,10.9401,10,
04/09/2019,12.1686,11.7284,11.3264,11.4079,12.0891,11.4021,10.9316,10,
04/08/2019,12.1175,11.7215,11.3245,11.4059,12.0369,11.4007,10.9302,10,
04/05/2019,12.1648,11.7445,11.3565,11.3993,12.0848,11.4201,10.9598,10,
04/04/2019,12.102,11.7407,11.3765,11.397,12.019,11.4214,10.9785,10,
04/03/2019,12.1499,11.7805,11.423,11.3948,12.0677,11.4551,11.0219,10,
04/02/2019,12.2446,11.8078,11.4125,11.3904,12.1623,11.4855,11.0131,10,
03/31/2019,12.1538,11.7981,11.3793,11.3883,12.069,11.4604,10.984,10,
03/30/2019,12.1537,11.7957,11.3768,11.3838,12.069,11.4579,10.9816,10,
03/29/2019,12.1533,11.7606,11.3765,11.3745,12.069,11.4324,10.9813,10,
03/28/2019,12.1191,11.7444,11.3774,11.3718,12.033,11.4066,10.9822,10,
03/27/2019,12.0086,11.7342,11.3581,11.3696,11.9215,11.4008,10.9611,10,
03/26/2019,12.0576,11.7279,11.3487,11.3673,11.9723,11.3948,10.9515,10,
03/25/2019,11.9318,11.7292,11.3439,11.3651,11.8485,11.4039,10.9453,10,
03/22/2019,12.0427,11.6859,11.3147,11.3585,11.9595,11.3636,10.9128,10,
03/20/2019,12.077,11.676,11.2798,11.3541,11.9952,11.3477,10.8771,10,
03/19/2019,12.0937,11.6553,11.2656,11.3519,12.0126,11.328,10.8602,10,
03/18/2019,12.0215,11.6485,11.2781,11.3497,11.9419,11.322,10.8752,10,
03/15/2019,12.01,11.6426,11.2502,11.3431,11.9313,11.323,10.8468,10,
03/14/2019,11.9681,11.6408,11.2415,11.3405,11.8911,11.3065,10.8401,10,
03/13/2019,11.9636,11.6236,11.2354,11.3382,11.8892,11.2891,10.837,10,
03/12/2019,11.9288,11.6083,11.2327,11.336,11.8559,11.2902,10.8373,10,
03/11/2019,11.7878,11.5797,11.2315,11.3338,11.7179,11.2523,10.8377,10,
03/08/2019,11.6334,11.5384,11.2097,11.3274,11.5622,11.2185,10.8181,10,
03/07/2019,11.6316,11.5045,11.1907,11.3253,11.5613,11.193,10.7981,10,
03/06/2019,11.6194,11.5143,11.1824,11.3231,11.5512,11.1845,10.7914,10,
03/05/2019,11.575,11.4818,11.1789,11.3209,11.508,11.1853,10.7883,10,
03/01/2019,11.4504,11.4721,11.1652,11.3123,11.3824,11.1607,10.7746,10,
02/28/2019,11.3942,11.475,11.1502,11.3101,11.3276,11.1612,10.7604,10,
02/27/2019,11.4063,11.4638,11.113,11.308,11.3413,11.1582,10.7244,10,
02/26/2019,11.4197,11.4932,11.1556,11.3058,11.353,11.1789,10.7672,10,
02/25/2019,11.4709,11.4827,11.1664,11.3037,11.4033,11.1694,10.7747,10,
02/22/2019,11.3919,11.1643,11.325,10.7715,11.4614,11.2971,11.1661,10,
02/21/2019,11.391,11.4802,11.1856,11.295,11.3253,11.1618,10.7937,10,
02/20/2019,11.345,11.4694,11.1819,11.2928,11.28,11.1555,10.7875,10,
02/18/2019,11.2291,11.4722,11.1649,11.2886,11.1657,11.1641,10.7714,10,
02/15/2019,11.3109,11.4614,11.1622,11.2822,11.2474,11.155,10.7676,10,
02/14/2019,11.3255,11.4842,11.1985,11.28,11.2626,11.1651,10.8095,10,
02/13/2019,11.4116,11.4792,11.2097,11.2778,11.3496,11.1628,10.8203,10,
02/12/2019,11.5006,11.4433,11.1724,11.2756,11.4409,11.1438,10.7842,10,
02/11/2019,11.5225,11.4629,11.1726,11.2735,11.4625,11.1581,10.783,10,
02/08/2019,11.6053,11.4572,11.1729,11.267,11.5432,11.1481,10.7839,10,
02/07/2019,11.7501,11.4457,11.1714,11.2646,11.6854,11.1534,10.7854,10,
02/06/2019,11.7169,11.4029,11.1246,11.2625,11.6517,11.1111,10.7408,10,
02/05/2019,11.5395,11.4186,11.1058,11.2603,11.4736,11.115,11.1058,10,
02/04/2019,11.4819,11.4051,11.1035,11.2582,11.4162,11.104,10.7168,10,
02/01/2019,11.5031,11.4293,11.1222,11.2517,11.4355,11.1192,10.7364,10,
01/31/2019,11.3984,11.4555,11.1836,11.2495,11.3336,11.1508,10.796,10,
01/30/2019,11.2059,11.4503,11.154,11.2473,11.1423,11.1319,10.7654,10,
01/29/2019,11.1927,11.4217,11.1545,11.245,11.1268,11.1171,10.7646,10,
01/28/2019,11.2219,11.4489,11.1469,11.2429,11.1568,11.1525,10.7592,10,
01/25/2019,11.2957,11.4346,11.1316,11.2364,11.2304,11.1353,10.7436,10,
01/24/2019,11.4728,11.4065,11.1251,11.2342,11.4054,11.1038,10.7385,10,
01/23/2019,11.4666,11.4015,11.1243,11.232,11.3982,11.0959,10.7385,10,
01/22/2019,11.5214,11.4122,11.1298,11.2298,11.4542,11.1139,10.7442,10,
01/21/2019,11.5618,11.3913,11.1013,11.2276,11.495,11.0831,10.716,10,
01/18/2019,11.5057,11.4128,11.0968,11.2209,11.4392,11.1187,10.7129,10,
01/17/2019,11.5461,11.3954,11.1245,11.2187,11.4806,11.1132,10.7399,10,
01/16/2019,11.5673,11.4147,11.1163,11.2164,11.5007,11.1327,10.7322,10,
01/15/2019,11.5725,11.438,11.1581,11.2142,11.5063,11.1408,10.7727,10,
01/14/2019,11.5022,11.4122,11.1386,11.2055,11.4373,11.1174,10.7567,10,
01/14/2019,11.4512,11.4476,11.1712,11.212,11.3864,11.1599,10.7892,10,
01/10/2019,11.5325,11.409,11.1282,11.2033,11.4695,11.1045,10.7502,10,
01/09/2019,11.5491,11.4009,11.1347,11.201,11.4858,11.1139,10.7547,10,
01/08/2019,11.5014,11.3936,11.1315,11.1988,11.4404,11.0968,10.7512,10,
01/07/2019,11.4667,11.381,11.0725,11.1966,11.406,11.0776,10.6943,10,
01/04/2019,11.3971,11.364,11.1131,11.1883,11.3362,11.0689,10.7325,10,
01/04/2019,11.4235,11.3782,11.1007,11.1902,11.3617,11.0671,10.7187,10,
01/02/2019,11.5297,11.3718,11.1408,11.1858,11.4694,11.0795,10.7586,10,
01/01/2019,11.7025,11.3643,11.119,11.1834,11.6416,11.0673,10.7375,10,
12/31/2018,11.6827,11.3694,11.155,11.1806,11.6198,11.0733,10.7683,10,
12/28/2018,11.6708,11.3691,11.1549,11.174,11.6074,11.0562,10.7693,10,
12/27/2018,11.5736,11.3658,11.1882,11.1717,11.509,11.071,10.8051,10,
12/26/2018,11.5145,11.3541,11.1947,11.1695,11.4519,11.0494,10.8092,10,
12/24/2018,11.4384,11.3361,11.1621,11.1651,11.3781,11.0281,10.78,10,
12/21/2018,11.5324,11.3322,11.1627,11.1588,11.4741,11.0374,10.7803,10,
12/20/2018,11.7467,11.3261,11.1675,11.1567,11.6895,11.0267,10.7841,10,
12/19/2018,11.7768,11.3098,11.1762,11.1545,11.7172,11.0182,10.7915,10,
12/18/2018,11.6921,11.2517,11.1023,11.1522,11.6409,10.9719,10.7153,10,
12/17/2018,11.689,11.2411,11.0656,11.1499,11.6377,10.9571,10.6817,10,
12/14/2018,11.6132,11.237,11.0615,11.1431,11.5584,10.9499,10.6777,10,
12/13/2018,11.5839,11.2402,11.072,11.1407,11.5284,10.9473,10.6884,10,
12/12/2018,11.5098,11.2398,11.0564,11.1383,11.4518,10.9557,10.6722,10,
12/11/2018,11.2887,11.2111,10.9823,11.1361,11.228,10.929,10.5987,10,
12/10/2018,11.2025,11.2183,10.9787,11.1339,11.1428,10.9289,10.599,10,
12/07/2018,11.3999,11.2428,11.0185,11.1273,11.346,10.9568,10.6333,10,
12/06/2018,11.3028,11.2347,11.0488,11.1249,11.2501,10.953,10.6597,10,
12/05/2018,11.5154,11.2282,11.0134,11.1224,11.463,10.9443,10.6282,10,
12/04/2018,11.6458,11.2087,10.9347,11.1201,11.5924,10.9229,10.5492,10,
12/03/2018,11.6933,11.1988,10.9128,11.1177,11.6401,10.9149,10.5295,10,
11/30/2018,11.6842,11.1857,10.9082,11.111,11.6342,10.9056,10.5241,10,
11/29/2018,11.6335,11.1752,10.9012,11.1087,11.5844,10.8911,10.5124,10,
11/28/2018,11.4997,11.1444,10.8567,11.1064,11.4506,10.8641,10.4715,10,
11/27/2018,11.4949,11.1443,10.8033,11.1041,11.4452,10.8591,10.4185,10,
11/26/2018,11.4513,11.1346,10.8058,11.1016,11.4034,10.856,10.4205,10,
11/22/2018,11.3412,11.1261,10.7978,11.0926,11.2912,10.8471,10.4096,10,
11/20/2018,11.4555,11.1084,10.7639,11.088,11.4073,10.8333,10.3743,10,
11/19/2018,11.5664,11.1162,10.7558,11.0857,11.5168,10.8322,10.3663,10,
11/16/2018,11.4822,11.0914,10.7439,11.0789,11.434,10.815,10.3544,10,
11/15/2018,11.4155,11.0934,10.7657,11.0764,11.3644,10.8157,10.3738,10,
11/14/2018,11.3565,11.0818,10.7691,11.0739,11.31,10.8071,10.3795,10,
11/13/2018,11.3533,11.0794,10.7313,11.0715,11.3109,10.8015,10.3405,10,
11/12/2018,11.2435,11.0651,10.7093,11.0691,11.2028,10.791,10.3207,10,
11/09/2018,11.3679,11.0595,10.7176,11.0624,11.3244,10.7865,10.3323,10,
11/06/2018,11.2847,11.042,10.6911,11.0557,11.2399,10.7724,10.3081,10,
11/05/2018,11.2968,11.0407,10.6803,11.0533,11.251,10.7665,10.2974,10,
11/02/2018,11.3337,11.0446,10.6847,11.0466,11.2889,10.768,10.2996,10,
11/01/2018,11.1308,11.0284,10.6314,11.0443,11.0942,10.7627,10.2474,10,
10/31/2018,11.152,11.0086,10.608,11.042,11.1154,10.7484,10.228,10,
10/30/2018,10.9136,11.0214,10.6067,11.0398,10.8765,10.739,10.2227,10,
10/29/2018,10.9554,11.0217,10.6055,11.0376,10.9169,10.7391,10.2239,10,
10/26/2018,10.763,11.0013,10.5576,11.0308,10.7275,10.7336,10.1766,10,
10/25/2018,10.8457,11.0043,10.5591,11.0285,10.8096,10.7284,10.1774,10,
10/24/2018,10.9693,11.0038,10.5572,11.0262,10.9347,10.7276,10.1759,10,
10/23/2018,10.8822,10.9959,10.5362,11.024,10.8467,10.7172,10.1548,10,
10/22/2018,11.0157,10.999,10.5247,11.0217,10.9804,10.7193,10.1426,10,
10/19/2018,11.0827,10.9876,10.5123,11.015,11.0475,10.7111,10.1308,10,
10/17/2018,11.2506,10.9771,10.5039,11.0104,11.2156,10.6939,10.123,10,
10/16/2018,11.38,10.9808,10.5113,11.0082,11.3452,10.706,10.13,10,
10/15/2018,11.2953,10.9636,10.4832,11.006,11.2594,10.687,10.1065,10,
10/12/2018,11.2992,10.9462,10.4595,10.9994,11.2632,10.6669,10.0849,10,
10/11/2018,10.9736,10.9437,10.4495,10.9972,10.9403,10.666,10.073,10,
10/10/2018,11.1655,10.9403,10.4326,10.995,11.133,10.6598,10.0596,10,
10/09/2018,10.9736,10.9235,10.4018,10.9927,10.9407,10.65,10.0319,10,
10/08/2018,11.0629,10.9274,10.4561,10.9905,11.0284,10.6548,10.083,10,
10/05/2018,11.0157,10.918,10.4242,10.9829,10.9856,10.6449,10.0547,10,
10/04/2018,11.293,10.8726,10.3602,10.9807,11.2608,10.603,9.9942,10,
10/03/2018,11.5405,10.9135,10.393,10.9785,11.5112,10.6433,10.0259,10,
10/01/2018,11.7162,10.9316,10.4412,10.9739,11.6824,10.6597,10.0721,10,
09/28/2018,11.6591,10.8964,10.4086,10.9658,11.6259,10.6488,10.0436,10,
09/27/2018,11.7711,10.8853,10.4057,10.9629,11.7395,10.6333,10.0423,10,
09/25/2018,11.8955,10.8595,10.3607,10.9601,11.8607,10.601,9.9971,10,
09/24/2018,11.7604,10.8684,10.3646,10.9579,11.7261,10.5941,10.0047,10,
09/21/2018,12.0288,10.9105,10.36,10.9515,11.9997,10.6238,9.9998,10,
09/19/2018,12.1464,10.9083,10.3522,10.9471,12.1198,10.6313,9.9886,10,
09/18/2018,12.1936,10.9047,10.3293,10.9449,12.1659,10.625,9.9703,10,
09/17/2018,12.2905,10.8784,10.3286,10.9428,12.2627,10.618,9.9666,10,
09/14/2018,12.4231,10.8736,10.3131,10.9366,12.3968,10.6154,9.953,10,
09/12/2018,12.2828,10.8945,10.2918,10.9326,12.2563,10.6066,9.9299,10,
09/11/2018,12.1834,10.8907,10.2775,10.9307,12.1575,10.6114,9.9145,10,
09/10/2018,12.3285,10.892,10.2815,10.9286,12.3034,10.6054,9.9171,10,
09/07/2018,12.4912,10.9292,10.3261,10.9223,12.4658,10.6374,9.9585,10,
09/06/2018,12.4071,10.9163,10.3059,10.9202,12.3815,10.6245,9.9393,10,
09/05/2018,12.3576,10.9206,10.3122,10.918,12.3337,10.6358,9.9455,10,
09/04/2018,12.3963,10.9467,10.3229,10.9159,12.3724,10.6591,9.9548,10,
09/03/2018,12.523,10.9745,10.3598,10.9137,12.5011,10.6819,9.9866,10,
08/31/2018,12.6328,10.9809,10.3728,10.9074,12.6118,10.6892,9.9993,10,
08/29/2018,12.6005,10.9965,10.3955,10.903,12.5774,10.7035,10.027,10,
08/28/2018,12.6673,10.9811,10.3957,10.9009,12.6429,10.6883,10.0263,10,
08/27/2018,12.6556,10.9916,10.3999,10.8988,12.6336,10.6871,10.0292,10,
08/24/2018,12.5105,10.9861,10.3982,10.8926,12.488,10.6879,10.0262,10,
08/23/2018,12.555,10.9718,10.4094,10.8905,12.5324,10.6895,10.0374,10,
08/21/2018,12.5215,10.9733,10.4287,10.8864,12.4983,10.6881,10.0564,10,
08/20/2018,12.4899,10.9749,10.423,10.8843,12.4649,10.6817,10.0504,10,
08/16/2018,12.3154,10.9578,10.4009,10.876,12.2874,10.6669,10.0279,10,
08/14/2018,12.3514,10.9539,10.4301,10.8719,12.3212,10.6579,10.0574,10,
08/13/2018,12.2424,10.9666,10.4212,10.8697,12.2103,10.6631,10.0488,10,
08/10/2018,12.3015,10.9802,10.4407,10.8635,12.2711,10.6881,10.0689,10,
08/09/2018,12.3488,10.9707,10.4415,10.8614,12.3207,10.6797,10.0685,10,
08/08/2018,12.3664,10.9563,10.4263,10.8593,12.337,10.6738,10.0555,10,
08/07/2018,12.3172,10.9598,10.4175,10.8571,12.2874,10.6679,10.0482,10,
08/06/2018,12.2725,10.9608,10.421,10.855,12.2444,10.6692,10.0525,10,
08/03/2018,12.2534,10.9401,10.412,10.8486,12.2253,10.653,10.0439,10,
08/02/2018,12.1618,10.9578,10.4248,10.8463,12.1323,10.6583,10.0562,10,
08/01/2018,12.2883,10.9539,10.4222,10.8441,12.2565,10.6634,10.0556,10,
07/31/2018,12.3294,10.9365,10.3925,10.8417,12.2977,10.6456,10.0245,10,
07/30/2018,12.2319,10.923,10.3854,10.8395,12.2006,10.6259,10.0181,10,
07/27/2018,12.1837,10.922,10.3785,10.8331,12.1488,10.6354,10.0097,10,
07/26/2018,12.0647,10.904,10.3814,10.831,12.0309,10.602,10.0125,10,
07/25/2018,12.0119,10.9054,10.3724,10.8289,11.9761,10.6178,10.0043,10,
07/24/2018,12.0408,10.9005,10.3701,10.8269,12.0038,10.6146,10.0035,10,
07/23/2018,11.9258,10.896,10.3668,10.8248,11.8905,10.6246,10,10,
07/20/2018,11.8412,10.8778,10.3781,10.8185,11.8022,10.6096,10.0117,10,
07/19/2018,11.7935,10.8899,10.3831,10.8164,11.7534,10.6031,10.0216,10,
07/18/2018,11.83,10.8859,10.3884,10.8142,11.7895,10.6134,10.0278,10,
07/17/2018,11.8786,10.8758,10.3816,10.8121,11.8403,10.6024,10.0207,10,
07/16/2018,11.8135,10.8622,10.3397,10.8099,11.7743,10.5727,9.9817,10,
07/13/2018,11.921,10.8644,10.3368,10.8036,11.8855,10.5702,9.977,10,
07/12/2018,11.9502,10.8663,10.3388,10.8015,11.9171,10.6021,9.9782,10,
07/11/2018,11.8898,10.8484,10.3,10.7994,11.8576,10.5568,9.9422,10,
07/10/2018,11.9277,10.8419,10.2909,10.7973,11.8962,10.5574,9.932,10,
07/09/2018,11.8009,10.8371,10.2905,10.7952,11.7689,10.5511,9.9342,10,
07/06/2018,11.6963,10.8345,10.2902,10.7886,11.6639,10.5448,9.9332,10,
07/05/2018,11.6895,10.8326,10.2866,10.7862,11.6578,10.5462,9.9297,10,
07/04/2018,11.6076,10.8213,10.2878,10.7814,11.5735,10.5306,9.9319,10,
07/04/2018,11.6891,10.8217,10.3006,10.7837,11.6541,10.5435,9.9436,10,
07/02/2018,11.5436,10.8056,10.2891,10.779,11.5105,10.5263,9.9342,10,
06/29/2018,11.6329,10.8008,10.2808,10.772,11.6,10.4933,9.9265,10,
06/28/2018,11.4455,10.8065,10.2749,10.7696,11.4089,10.4929,9.9204,10,
06/27/2018,11.5125,10.8179,10.2961,10.7675,11.474,10.5274,9.9396,10,
06/26/2018,11.6333,10.8159,10.3082,10.7652,11.5977,10.5297,9.9498,10,
06/25/2018,11.5984,10.8121,10.3155,10.763,11.5984,10.5316,9.9574,10,
06/22/2018,11.6598,10.8147,10.3237,10.7566,11.6598,10.5241,9.9623,10,
06/21/2018,11.5602,10.795,10.3337,10.7544,11.5272,10.5116,9.9729,10,
06/20/2018,11.6255,10.7733,10.3056,10.7521,11.5903,10.4844,9.9471,10,
06/19/2018,11.5644,10.7536,10.2871,10.7497,11.5309,10.4762,9.9299,10,
06/18/2018,11.6588,10.7443,10.2748,10.7473,11.624,10.4596,9.9161,10,
06/15/2018,11.6898,10.7322,10.2563,10.7409,11.6522,10.4482,9.8965,10,
06/14/2018,11.7109,10.7141,10.2364,10.7387,11.6751,10.4306,9.8769,10,
06/13/2018,11.7279,10.7017,10.2395,10.7365,11.6951,10.4096,9.8781,10,
06/12/2018,11.7395,10.7094,10.2139,10.7342,11.708,10.3991,9.8558,10,
06/11/2018,11.6985,10.6884,10.2203,10.732,11.6669,10.3993,9.8611,10,
06/08/2018,11.6778,10.6925,10.2289,10.7254,11.6484,10.4079,9.8738,10,
06/07/2018,11.6567,10.6852,10.1897,10.7232,11.625,10.391,9.8329,10,
06/06/2018,11.562,10.7331,10.2259,10.7206,11.5272,10.4456,9.8719,10,
06/05/2018,11.4546,10.7585,10.2749,10.7185,11.4187,10.4718,9.9197,10,
06/04/2018,11.4921,10.7544,10.2573,10.7164,11.4547,10.464,9.9097,10,
06/01/2018,11.5537,10.7685,10.2622,10.7104,11.5142,10.4661,9.9168,10,
05/31/2018,11.5859,10.773,10.2686,10.7081,11.5467,10.477,9.9152,10,
05/30/2018,11.4787,10.8027,10.3039,10.7057,11.4479,10.4927,9.9483,10,
05/29/2018,11.4861,10.7825,10.2978,10.7032,11.4562,10.5027,9.9413,10,
05/28/2018,11.5274,10.775,10.3133,10.7011,11.5012,10.4813,9.9561,10,
05/25/2018,11.4147,10.7599,10.2726,10.695,11.3829,10.4563,9.9185,10,
05/24/2018,11.2897,10.7294,10.2309,10.6929,11.2583,10.4401,9.8786,10,
05/23/2018,11.2027,10.7464,10.2363,10.691,11.1722,10.4618,9.8841,10,
05/22/2018,11.3015,10.7631,10.2497,10.6889,11.2758,10.4815,9.8983,10,
05/21/2018,11.2545,10.7439,10.241,10.6869,11.2283,10.4572,9.8882,10,
05/18/2018,11.3806,10.7451,10.2439,10.6813,11.3541,10.4355,9.8856,10,
05/17/2018,11.481,10.723,10.219,10.6793,11.4569,10.4195,9.8667,10,
05/16/2018,11.5308,10.7576,10.2244,10.6774,11.5012,10.4619,9.8709,10,
05/15/2018,11.5897,10.747,10.2295,10.6754,11.5571,10.4619,9.8758,10,
05/14/2018,11.6039,10.8048,10.2623,10.6735,11.5712,10.5093,9.9074,10,
05/11/2018,11.609,10.8069,10.3107,10.6678,11.5787,10.5126,9.9667,10,
05/10/2018,11.5125,10.8258,10.3153,10.6659,11.478,10.5491,9.9682,10,
05/09/2018,11.5489,10.8195,10.3186,10.6641,11.5189,10.5347,9.9708,10,
05/08/2018,11.5443,10.8856,10.3831,10.6621,11.5168,10.5606,10.0257,10,
05/07/2018,11.5769,10.8518,10.3504,10.6603,11.549,10.5567,9.9926,10,
05/04/2018,11.4268,10.8481,10.2984,10.6547,11.3982,10.5218,9.9416,10,
05/03/2018,11.4816,10.8108,10.2994,10.6528,11.4512,10.5261,9.9433,10,
05/02/2018,11.5624,10.8025,10.295,10.6508,11.5271,10.5195,9.9364,10,
04/27/2018,11.5585,10.8257,10.2792,10.641,11.5219,10.4949,9.9191,10,
04/26/2018,11.4994,10.7887,10.2687,10.639,11.4594,10.5057,9.9132,10,
04/25/2018,11.4767,10.8119,10.2802,10.6371,11.4377,10.5138,9.9233,10,
04/24/2018,11.5486,10.8055,10.3095,10.6352,11.5132,10.5214,9.9509,10,
04/23/2018,11.5478,10.7955,10.281,10.6332,11.5077,10.5149,9.9171,10,
04/20/2018,11.5275,10.7998,10.2996,10.6276,11.4907,10.5213,9.9308,10,
04/19/2018,11.5523,10.8438,10.3393,10.6256,11.5254,10.5612,9.9718,10,
04/18/2018,11.4485,10.9035,10.42,10.6237,11.4306,10.6216,10.0575,10,
04/17/2018,11.4596,10.9062,10.436,10.6216,11.4353,10.6257,10.0751,10,
04/16/2018,11.416,10.9024,10.4414,10.6197,11.394,10.6301,10.0816,10,
04/13/2018,11.3419,10.8941,10.4496,10.6135,11.3195,10.6161,10.0996,10,
04/12/2018,11.3043,10.9352,10.4112,10.6097,11.29,10.6239,10.0577,10,
04/12/2018,11.3184,10.9486,10.4264,10.6116,11.2999,10.6366,10.0753,10,
04/10/2018,11.2476,10.9461,10.4863,10.6077,11.2372,10.68,10.1339,10,
04/09/2018,11.2214,10.9951,10.5581,10.6057,11.2099,10.7308,10.2071,10,
04/06/2018,11.1711,10.9959,10.5804,10.5996,11.1594,10.7357,10.2303,10,
04/05/2018,11.1583,10.9856,10.605,10.5976,11.1462,10.7133,10.2589,10,
04/04/2018,10.944,10.9616,10.4991,10.5955,10.9222,10.6908,10.1446,10,
04/03/2018,11.0563,10.9485,10.4705,10.5933,11.0326,10.68,10.1209,10,
03/31/2018,10.9217,10.9175,10.4232,10.5862,10.9015,10.6474,10.071,10,
03/28/2018,10.9212,10.9483,10.4184,10.5717,10.9015,10.6212,10.0665,10,
03/27/2018,10.9798,10.8898,10.4334,10.5694,10.9529,10.5961,10.0819,10,
03/26/2018,10.9145,10.8428,10.2743,10.5676,10.881,10.4944,9.8997,10,
03/23/2018,10.7732,10.7898,10.2898,10.5623,10.7332,10.4994,9.9201,10,
03/22/2018,10.8776,10.7567,10.28,10.5602,10.8489,10.4665,9.9056,10,
03/21/2018,10.9222,10.7681,10.2648,10.5581,10.8972,10.4604,9.8953,10,
03/20/2018,10.9224,10.7622,10.2563,10.556,10.9005,10.487,9.8852,10,
03/19/2018,10.8585,10.7541,10.2519,10.5539,10.8404,10.4769,9.8814,10,
03/16/2018,10.9514,10.743,10.2602,10.5463,10.9305,10.4648,9.8919,10,
03/15/2018,11.116,10.7157,10.2241,10.5436,11.0977,10.4143,9.8455,10,
03/14/2018,11.1813,10.7233,10.1976,10.5415,11.1654,10.4428,9.8257,10,
03/13/2018,11.1953,10.7228,10.1937,10.5394,11.18,10.441,9.8207,10,
03/12/2018,11.1699,10.708,10.2024,10.5372,11.1538,10.4148,9.8286,10,
03/09/2018,10.9688,10.6932,10.1901,10.5314,10.9525,10.4104,9.8182,10,
03/08/2018,11.0041,10.7111,10.1935,10.5294,10.9871,10.4226,9.8224,10,
03/07/2018,10.9199,10.6935,10.1809,10.5273,10.9027,10.3972,9.8081,10,
03/06/2018,10.9934,10.6703,10.1412,10.5253,10.9764,10.3776,9.766,10,
03/05/2018,11.1057,10.7073,10.1371,10.5233,11.0864,10.4271,9.7596,10,
03/01/2018,11.2596,10.6968,10.1418,10.5156,11.2421,10.4074,9.7652,10,
02/28/2018,11.3051,10.6858,10.1473,10.5137,11.2883,10.3933,9.7719,10,
02/27/2018,11.3716,10.7145,10.1578,10.5118,11.3553,10.4394,9.7827,10,
02/26/2018,11.4173,10.7018,10.1411,10.5099,11.402,10.4154,9.7673,10,
02/23/2018,11.2822,10.721,10.1395,10.5043,11.2676,10.4231,9.7651,10,
02/22/2018,11.18,10.6951,10.1181,10.5024,11.165,10.4178,9.7455,10,
02/21/2018,11.2268,10.7554,10.1412,10.5005,11.2117,10.4564,9.776,10,
02/20/2018,11.2152,10.7426,10.1503,10.4987,11.1963,10.46,9.7897,10,
02/16/2018,11.3446,10.7732,10.1823,10.4912,11.3269,10.4784,9.821,10,
02/15/2018,11.4581,10.7728,10.1827,10.4893,11.4402,10.4787,9.8192,10,
02/14/2018,11.4229,10.7976,10.2253,10.4873,11.4078,10.504,9.8685,10,
02/12/2018,11.451,10.7914,10.2221,10.4836,11.4302,10.5339,9.8606,10,
02/09/2018,11.3309,10.7604,10.2143,10.4779,11.315,10.4823,9.8512,10,
02/08/2018,11.4188,10.7458,10.2324,10.4761,11.4025,10.4779,9.8624,10,
02/07/2018,11.2974,10.7402,10.1926,10.4741,11.275,10.4661,9.8267,10,
02/06/2018,11.3043,10.7344,10.1612,10.4722,11.2798,10.4786,9.7978,10,
02/05/2018,11.4665,10.735,10.1331,10.4704,11.4423,10.4725,9.7647,10,
02/02/2018,11.5695,10.7134,10.1437,10.4649,11.5399,10.4343,9.7891,10,
02/01/2018,11.8885,10.7423,10.1343,10.463,11.8571,10.4803,9.7727,10,
01/31/2018,11.8223,10.7616,10.2324,10.4611,11.7996,10.506,9.8702,10,
01/30/2018,11.8988,10.7551,10.2302,10.4593,11.8719,10.4787,9.8737,10,
01/25/2018,11.8423,10.7761,10.2873,10.45,11.8142,10.4966,9.941,10,
01/24/2018,11.8546,10.8,10.2969,10.4482,11.8287,10.5496,9.9504,10,
01/23/2018,11.8705,10.779,10.3111,10.4463,11.844,10.5017,9.9674,10,
01/22/2018,11.7407,10.7919,10.2795,10.4444,11.7175,10.5343,9.9299,10,
01/19/2018,11.7161,10.722,10.2675,10.4389,11.689,10.4392,9.9147,10,
01/18/2018,11.6551,10.7709,10.2611,10.437,11.6326,10.4929,9.9106,10,
01/17/2018,11.6435,10.7926,10.2938,10.4352,11.6201,10.5407,9.944,10,
01/16/2018,11.6034,10.7359,10.2184,10.4333,11.5834,10.4627,9.8648,10,
01/15/2018,11.7245,10.8088,10.2832,10.4315,11.7057,10.5425,9.9335,10,
01/12/2018,11.6524,10.7757,10.2851,10.426,11.6349,10.5279,9.9395,10,
01/11/2018,11.596,10.7797,10.278,10.4242,11.5826,10.5324,9.9328,10,
01/10/2018,11.5927,10.7648,10.2821,10.4224,11.5766,10.4822,9.9436,10,
01/09/2018,11.6376,10.7835,10.3266,10.4206,11.621,10.5025,9.9891,10,
01/09/2018,11.6376,10.7835,10.3266,10.4206,11.621,10.5025,9.9891,10,
01/09/2018,11.9632,10.8172,10.2317,10.4575,11.9361,10.5251,9.8781,10,
01/08/2018,11.6471,10.7999,10.3387,10.4187,11.6322,10.5526,10.0151,10,
01/05/2018,11.586,10.7855,10.3576,10.4132,11.5705,10.534,10.0338,10,
01/04/2018,11.5472,10.7689,10.2996,10.4114,11.5318,10.5137,9.964,10,
01/03/2018,11.4648,10.7387,10.3063,10.4096,11.4511,10.4549,9.9699,10,
01/02/2018,11.4227,10.7252,10.2845,10.4078,11.4131,10.4335,9.9569,10,
01/01/2018,11.4435,10.7247,10.3051,10.4059,11.4323,10.4323,9.9726,10,
12/30/2017,11.108,10.7086,10.3959,10.3483,11.0978,10.4238,10.0624,10,
12/29/2017,11.5509,10.7115,10.2954,10.3998,11.5385,10.423,9.9679,10,
12/28/2017,11.5086,10.7209,10.2512,10.3979,11.4969,10.4474,9.9198,10,
12/27/2017,11.5114,10.7382,10.3565,10.396,11.4976,10.4584,10.0163,10,
12/26/2017,11.5592,10.7412,10.3346,10.3942,11.543,10.4595,9.9948,10,
12/22/2017,11.5152,10.743,10.3318,10.387,11.4973,10.4812,9.9902,10,
12/21/2017,11.4661,10.7175,10.361,10.3852,11.4517,10.4276,10.0202,10,
12/20/2017,11.4528,10.7832,10.3627,10.3836,11.4413,10.5247,10.0234,10,
12/19/2017,11.4792,10.7814,10.3776,10.3818,11.4656,10.5182,10.0382,10,
12/18/2017,11.3397,10.7683,10.3731,10.38,11.3296,10.512,10.0357,10,
12/15/2017,11.2261,10.7555,10.386,10.3746,11.2148,10.4812,10.0507,10,
12/14/2017,11.157,10.7514,10.383,10.3729,11.1428,10.4737,10.046,10,
12/14/2017,11.157,10.7514,10.383,10.3729,11.1428,10.4737,10.046,10,
12/13/2017,11.0971,10.7434,10.3543,10.3711,11.0839,10.456,10.0125,10,
12/12/2017,11.1671,10.7859,10.3481,10.3695,11.1532,10.5191,10.0087,10,
12/11/2017,11.2346,10.785,10.3539,10.3677,11.221,10.5257,10.0133,10,
12/08/2017,11.1909,10.791,10.3962,10.3623,11.177,10.5347,10.0593,10,
12/07/2017,11.1204,10.7353,10.429,10.3606,11.1042,10.4521,10.0992,10,
12/06/2017,10.9174,10.7903,10.4335,10.3589,10.9039,10.5308,10.1013,10,
12/05/2017,10.9828,10.7533,10.4123,10.3571,10.9722,10.4782,10.08,10,
12/04/2017,10.9966,10.712,10.3948,10.3553,10.9852,10.4233,10.0623,10,
11/29/2017,11.2491,10.7551,10.4144,10.3465,11.242,10.4799,10.0803,10,
11/28/2017,11.2721,10.7269,10.4097,10.3448,11.2626,10.48,10.0758,10,
11/27/2017,11.2569,10.7859,10.3992,10.343,11.2537,10.5146,10.0681,10,
11/24/2017,11.2571,10.7391,10.4147,10.3377,11.2537,10.4504,10.0788,10,
11/23/2017,11.2399,10.7381,10.4167,10.336,11.2363,10.4534,10.0799,10,
11/22/2017,11.2452,10.7125,10.4262,10.3343,11.2392,10.4153,10.0876,10,
11/21/2017,11.1915,10.7054,10.4719,10.3325,11.1854,10.4233,10.134,10,
11/20/2017,11.1833,10.7593,10.4803,10.3307,11.1739,10.4852,10.1436,10,
11/17/2017,11.1733,10.6941,10.3697,10.3255,11.1694,10.4166,10.0392,10,
11/16/2017,11.0805,10.6848,10.3875,10.3238,11.0733,10.3889,10.0477,10,
11/15/2017,11.0002,10.7355,10.4065,10.322,10.992,10.4498,10.0708,10,
11/14/2017,11.0551,10.729,10.3986,10.3201,11.0509,10.4412,10.0643,10,
11/13/2017,11.09,10.7548,10.4341,10.3184,11.0821,10.4827,10.1043,10,
11/10/2017,11.1677,10.748,10.434,10.313,11.1582,10.4822,10.1044,10,
11/09/2017,11.1035,10.6833,10.4655,10.3113,11.0888,10.404,10.1402,10,
11/08/2017,11.0654,10.7929,10.4594,10.3095,11.0538,10.5261,10.1346,10,
11/07/2017,11.1132,10.6869,10.4673,10.3076,11.1041,10.4023,10.1435,10,
11/06/2017,11.235,10.7553,10.4773,10.3059,11.2267,10.4999,10.1548,10,
11/03/2017,11.2381,10.801,10.4914,10.3007,11.2269,10.55,10.1711,10,
11/02/2017,11.2216,10.7987,10.476,10.2988,11.2118,10.5479,10.154,10,
11/01/2017,11.2732,10.7091,10.4566,10.2972,11.2619,10.4475,10.1348,10,
10/31/2017,11.1693,10.6678,10.4604,10.2956,11.1565,10.3949,10.1374,10,
10/30/2017,11.2407,10.7376,10.4371,10.2938,11.2296,10.4777,10.1144,10,
10/27/2017,11.1965,10.7414,10.475,10.2885,11.1835,10.4881,10.1524,10,
10/26/2017,11.2042,10.6675,10.469,10.2869,11.1851,10.3927,10.1462,10,
10/25/2017,11.1678,10.7178,10.4513,10.2851,11.1492,10.4557,10.1278,10,
10/24/2017,11.0199,10.7386,10.4683,10.2834,10.9904,10.467,10.1447,10,
10/23/2017,10.9464,10.8023,10.4489,10.2816,10.9185,10.5514,10.1255,10,
10/18/2017,10.9454,10.7348,10.4773,10.2729,10.9164,10.5,10.1543,10,
10/17/2017,10.9377,10.6494,10.464,10.2711,10.9107,10.3995,10.1407,10,
10/16/2017,10.9251,10.7247,10.4877,10.2693,10.8968,10.4639,10.1648,10,
10/13/2017,10.8564,10.7276,10.4656,10.264,10.8252,10.4772,10.1429,10,
10/12/2017,10.8171,10.7103,10.4448,10.2622,10.7914,10.4293,10.1238,10,
10/11/2017,10.6833,10.638,10.4434,10.2605,10.6622,10.373,10.4434,10,
10/10/2017,10.7149,10.7173,10.4135,10.2589,10.6907,10.4765,10.0916,10,
10/09/2017,10.7066,10.7937,10.3896,10.2571,10.6845,10.5468,10.0693,10,
10/06/2017,10.7031,10.7926,10.4076,10.2519,10.683,10.5487,10.088,10,
10/05/2017,10.5686,10.7887,10.4304,10.2502,10.5504,10.5456,10.1106,10,
10/04/2017,10.596,10.6951,10.4765,10.2483,10.5791,10.4348,10.1587,10,
09/29/2017,10.4498,10.6007,10.4779,10.2392,10.4336,10.3682,10.1598,10,
09/28/2017,10.4018,10.793,10.4802,10.2375,10.3798,10.5362,10.1621,10,
09/27/2017,10.3748,10.6972,10.4721,10.2356,10.3558,10.429,10.1557,10,
09/26/2017,10.53,10.6949,10.4793,10.2339,10.5147,10.427,10.1633,10,
09/25/2017,10.54,10.6158,10.5235,10.232,10.5243,10.3595,10.205,10,
09/22/2017,10.6334,10.7592,10.4836,10.2268,10.6166,10.5096,10.1656,10,
09/21/2017,10.861,10.6058,10.4709,10.2251,10.8427,10.3528,10.1556,10,
09/20/2017,10.9132,10.6016,10.5372,10.2233,10.8933,10.3715,10.2282,10,
09/19/2017,10.9331,10.685,10.5247,10.2216,10.9119,10.4414,10.2159,10,
09/18/2017,10.928,10.6864,10.5189,10.2196,10.9096,10.4428,10.2105,10,
09/15/2017,10.8549,10.6002,10.5302,10.2143,10.8417,10.3698,10.2223,10,
09/14/2017,10.8756,10.5894,10.5511,10.2125,10.8641,10.3625,10.2453,10,
09/13/2017,10.9136,10.6848,10.556,10.2108,10.8992,10.443,10.2519,10,
09/12/2017,10.9349,10.5933,10.5795,10.209,10.9192,10.3688,10.2779,10,
09/11/2017,10.81,10.8134,10.5821,10.2072,10.7952,10.5761,10.2826,10,
09/08/2017,10.7095,10.6875,10.5832,10.2021,10.6948,10.4509,10.2831,10,
09/07/2017,10.7145,10.573,10.5924,10.2002,10.7024,10.3606,10.2926,10,
09/06/2017,10.693,10.7972,10.5998,10.1985,10.679,10.5768,10.3003,10,
09/05/2017,10.7213,10.5185,10.5939,10.1967,10.7064,10.317,10.2944,10,
09/04/2017,10.6865,10.5186,10.5926,10.195,10.673,10.3418,10.2928,10,
09/01/2017,10.7506,10.5177,10.5975,10.1898,10.7325,10.3382,10.2982,10,
08/31/2017,10.6788,10.5077,10.5564,10.1881,10.665,10.3156,10.2551,10,
08/30/2017,10.626,10.5032,10.5574,10.1862,10.6168,10.3139,10.257,10,
08/29/2017,10.5373,10.4966,10.5649,10.1845,10.5261,10.3096,10.2648,10,
08/28/2017,10.6483,10.6384,10.5315,10.1828,10.6355,10.4036,10.2333,10,
08/24/2017,10.5969,10.6303,10.5399,10.1759,10.585,10.401,10.2414,10,
08/23/2017,10.6059,10.4841,10.5392,10.1742,10.5917,10.2915,10.2401,10,
08/22/2017,10.5293,10.6334,10.529,10.1722,10.5144,10.4178,10.2277,10,
08/21/2017,10.5246,10.4809,10.5331,10.1705,10.5119,10.3038,10.2304,10,
08/18/2017,10.5905,10.4756,10.5334,10.1652,10.5705,10.2986,10.2308,10,
08/16/2017,10.6145,10.6375,10.5249,10.1615,10.5891,10.4031,10.2223,10,
08/14/2017,10.4759,10.6404,10.53,10.158,10.4582,10.4116,10.2263,10,
08/11/2017,10.3527,10.4564,10.5345,10.1528,10.3148,10.288,10.23,10,
08/10/2017,10.5199,10.4322,10.5372,10.1511,10.4801,10.3007,10.2304,10,
08/09/2017,10.6187,10.4539,10.5547,10.1493,10.5867,10.3107,10.2489,10,
08/08/2017,10.6843,10.4199,10.5597,10.1473,10.6592,10.3087,10.2549,10,
08/07/2017,10.7567,10.4419,10.561,10.1454,10.7192,10.3113,10.2564,10,
08/04/2017,10.7091,10.6382,10.5789,10.1402,10.6687,10.3078,10.2756,10,
08/03/2017,10.6378,10.4099,10.5882,10.1384,10.6023,10.3185,10.2773,10,
08/02/2017,10.7068,10.4048,10.5508,10.1367,10.6707,10.2948,10.2593,10,
08/01/2017,10.7213,10.6237,10.5659,10.1346,10.686,10.2869,10.2648,10,
07/31/2017,10.6629,10.3855,10.5425,10.1328,10.6269,10.2451,10.2547,10,
07/28/2017,10.5549,10.3866,10.5498,10.1275,10.472,10.2331,10.2598,10,
07/27/2017,10.6114,10.3825,10.5691,10.1257,10.5273,10.2322,10.2855,10,
07/26/2017,10.5875,10.3178,10.5686,10.124,10.5037,10.1454,10.2841,10,
07/25/2017,10.521,10.3792,10.5762,10.1223,10.4361,10.2326,10.2885,10,
07/24/2017,10.5354,10.3762,10.599,10.1206,10.4487,10.2316,10.3103,10,
07/21/2017,10.5132,10.3575,10.5818,10.1154,10.4333,10.2236,10.2888,10,
07/20/2017,10.4849,10.5996,10.5393,10.1137,10.4162,10.2173,10.2506,10,
07/19/2017,10.4525,10.2826,10.5173,10.1101,10.381,10.2085,10.233,10,
07/18/2017,10.4525,10.2826,10.5173,10.1101,10.381,10.2085,10.233,10,
07/17/2017,10.5425,10.2974,10.5087,10.1089,10.4448,10.204,10.2277,10,
07/14/2017,10.5017,10.2897,10.4985,10.1031,10.4038,10.1956,10.2201,10,
07/13/2017,10.4798,10.284,10.5199,10.1013,10.3816,10.1934,10.2338,10,
07/12/2017,10.3854,10.2726,10.5044,10.0996,10.2973,10.1861,10.2244,10,
07/11/2017,10.337,10.2714,10.4917,10.0978,10.2501,10.1799,10.2148,10,
07/10/2017,10.3269,10.2605,10.5218,10.096,10.2335,10.1704,10.2385,10,
07/07/2017,10.2587,10.2539,10.4451,10.0904,10.1708,10.164,10.1777,10,
07/06/2017,10.2655,10.2409,10.4158,10.0886,10.1806,10.1614,10.1563,10,
07/05/2017,10.2263,10.2265,10.4005,10.0868,10.1402,10.1522,10.1412,10,
07/04/2017,10.173,10.2397,10.3997,10.0852,10.0887,10.1378,10.1424,10,
07/03/2017,,,,,,,,,
06/30/2017,10.0679,10.243,10.4565,10.0774,9.9964,10.1352,10.1976,10,
06/29/2017,10.0424,10.2272,10.4648,10.0753,9.969,10.1392,10.2114,10,
06/28/2017,10.0208,10.243,10.4623,10.0732,9.9431,10.1373,10.2079,10,
06/27/2017,10.0698,10.2489,10.5073,10.0715,9.9903,10.1458,10.2521,10,
06/25/2017,10.1857,10.1687,10.5291,10.0608,10.1144,9.9921,10.2712,10,
06/23/2017,10.1388,10.2373,10.5084,10.0642,10.052,10.1382,10.2533,10,
06/22/2017,10.1863,10.2094,10.5178,10.0625,10.0939,10.0891,10.2592,10,
06/20/2017,10.1884,10.2212,10.524,10.0591,10.1132,10.1345,10.2645,10,
06/19/2017,10.2148,10.2192,10.5104,10.0575,10.1373,10.1327,10.2472,10,
06/16/2017,10.1097,10.1579,10.48,10.0525,10.0285,10.0631,10.2219,10,
06/15/2017,10.097,10.1869,10.4797,10.0508,10.0222,10.0592,10.2254,10,
06/14/2017,10.1289,10.185,10.4848,10.0486,10.0506,10.0575,10.231,10,
06/13/2017,10.1034,10.1855,10.4673,10.0469,10.0252,10.0557,10.2159,10.0529,
06/12/2017,10.0999,10.1803,10.4539,10.0452,10.0118,10.054,10.1995,10.0248,
06/09/2017,10.1695,10.1793,10.4679,10.0399,10.0753,10.0487,10.2105,10.0216,
06/08/2017,10.129,10.168,10.4408,10.0382,10.0376,10.047,10.1851,10.0205,
06/07/2017,10.1583,10.147,10.3647,10.0364,10.073,10.0452,10.1379,10.0194,
06/06/2017,10.0831,10.1346,10.2478,10.0347,9.9994,10.0434,10.0659,10.0184,
06/05/2017,10.1365,10.1328,10.2256,10.033,10.0486,10.0417,10.0491,10.0173,
06/02/2017,10.1321,10.1281,10.214,10.0278,10.0452,10.0395,10.042,10.0136,
06/01/2017,10.1098,10.0487,10.2119,10.0269,10.0373,10.0376,10.0338,10.0124,
05/31/2017,10.0854,10.0451,10.1619,10.0253,10.0038,10.0356,10.0319,10.0111,
05/30/2017,10.065,10.0433,10.16,10.0239,9.9934,10.0337,10.0301,10.0098,
05/29/2017,10.0524,10.0416,10.1659,10.0225,9.9786,10.0319,10.0284,10.0086,
05/26/2017,10.0074,10.0363,10.1612,10.0181,9.9746,10.0266,10.0264,10.0049,
05/25/2017,9.8939,10.0346,10.1526,10.0167,9.8879,10.0248,10.0247,10.0033,
05/24/2017,9.7338,10.0329,10.1375,10.0152,9.7717,10.0231,10.023,10.0016,
05/23/2017,9.8009,10.0311,10.1366,10.0137,9.8089,10.0213,10.0212,10,
05/22/2017,9.841,10.0303,10.1347,10.0121,9.8459,10.0196,10.0195,10,
05/18/2017,9.8825,10.0227,10.0128,10.0055,9.9475,10.0127,10.0126,10,
05/17/2017,10.0243,10.0207,10.0108,10.0036,10.0591,10.0109,10.0108,10,
05/16/2017,10.0146,10.0188,10.009,10.0018,10.0257,10.009,10.009,10,
05/15/2017,9.9537,10.0167,10.0072,10,9.9805,10.0071,10.0071,10,
05/12/2017,9.9393,10.0105,10.0018,10,9.9283,10.0018,10.0018,10,
05/11/2017,9.9954,10,10,10,9.9835,10,10,10,
05/09/2017,10,10,10,10,10,10,10,10,
05/05/2017,10,10,10,10,10,10,10,10,
07/15/2016,13.21,15.21,13.65,,14.654,13.65,14.98,,
07/14/2016,15.62,14.52,14.32,,13.21,13.65,14.51,,
07/13/2016,14.34,13.25,14.33,,13.21,13.54,14.65,,
07/12/2016,15.23,14.5427,13.543,,13.22,13.54,13.47,,

