05/15/2009,10
05/16/2009,10
05/17/2009,10
05/18/2009,10
05/19/2009,10
05/20/2009,10
05/21/2009,10
05/22/2009,10
05/23/2009,10
05/24/2009,10
05/25/2009,10
05/26/2009,10
05/27/2009,10
05/28/2009,10
05/29/2009,10
05/30/2009,10
05/31/2009,10
06/01/2009,10
06/02/2009,10
06/03/2009,10
06/04/2009,10
06/05/2009,10
06/06/2009,10
06/07/2009,10
06/08/2009,10
06/09/2009,10
06/10/2009,10.0011
06/11/2009,10.0022
06/12/2009,10.0033
06/13/2009,10.0044
06/14/2009,10.0055
06/15/2009,10.0065
06/16/2009,10.0076
06/17/2009,10.0086
06/18/2009,10.0096
06/19/2009,10.0108
06/20/2009,10.0120
06/21/2009,10.0131
06/22/2009,10.0143
06/23/2009,10.0154
06/24/2009,10.0165
06/25/2009,10.0176
06/26/2009,10.0187
06/27/2009,10.0198
06/28/2009,10.0208
06/29/2009,10.0219
06/30/2009,10.0228
07/01/2009,10.0239
07/02/2009,10.0249
07/03/2009,10.0259
07/04/2009,10.0271
07/05/2009,10.0282
07/06/2009,10.0293
07/07/2009,10.0303
07/08/2009,10.0314
07/09/2009,10.0325
07/10/2009,10.0337
07/11/2009,10.0348
07/12/2009,10.0360
07/13/2009,10.0371
07/14/2009,10.0382
07/15/2009,10.0393
07/16/2009,10.0404
07/17/2009,10.0415
07/18/2009,10.0426
07/19/2009,10.0437
07/20/2009,10.0455
07/21/2009,10.0467
07/22/2009,10.0480
07/23/2009,10.0492
07/24/2009,10.0504
07/25/2009,10.0517
07/26/2009,10.0529
07/27/2009,10.0541
07/28/2009,10.0540
07/29/2009,10.0553
07/30/2009,10.0565
07/31/2009,10.0577
08/01/2009,10.0589
08/02/2009,10.0601
08/03/2009,10.0616
08/04/2009,10.0629
08/05/2009,10.0641
08/06/2009,10.0654
08/07/2009,10.0666
08/08/2009,10.0679
08/09/2009,10.0691
08/10/2009,10.0704
08/11/2009,10.0717
08/12/2009,10.0730
08/13/2009,10.0742
08/14/2009,10.0755
08/15/2009,10.0767
08/16/2009,10.0780
08/17/2009,10.0792
08/18/2009,10.0805
08/19/2009,10.0818
08/20/2009,10.0831
08/21/2009,10.0844
08/22/2009,10.0856
08/23/2009,10.0869
08/24/2009,10.0881
08/25/2009,10.0894
08/26/2009,10.0906
08/27/2009,10.0919
08/28/2009,10.0931
08/29/2009,10.0943
08/30/2009,10.0955
08/31/2009,10.0968
09/01/2009,10.0980
09/02/2009,10.0991
09/03/2009,10.1003
09/04/2009,10.1014
09/05/2009,10.1026
09/06/2009,10.1037
09/07/2009,10.1048
09/08/2009,10.0938
09/09/2009,10.0938
09/10/2009,10.0564
09/11/2009,10.0312
09/12/2009,10.0330
09/13/2009,10.0347
09/14/2009,10.0806
09/15/2009,10.0859
09/16/2009,10.1370
09/17/2009,10.1315
09/18/2009,10.1203
09/19/2009,10.1219
09/20/2009,10.1235
09/21/2009,10.1251
09/22/2009,10.1340
09/23/2009,10.1583
09/24/2009,10.1513
09/25/2009,10.1157
09/26/2009,10.1179
09/27/2009,10.12
09/28/2009,10.1222
09/29/2009,10.1422
09/30/2009,10.1443
10/01/2009,10.1372
10/02/2009,10.1393
10/03/2009,10.1414
10/04/2009,10.1435
10/05/2009,10.1864
10/06/2009,10.1698
10/07/2009,10.1832
10/08/2009,10.1308
10/09/2009,10.0990
10/10/2009,10.1011
10/11/2009,10.1033
10/12/2009,10.0856
10/13/2009,10.0877
10/14/2009,10.1092
10/15/2009,10.0989
10/16/2009,10.0902
10/17/2009,10.0922
10/18/2009,10.0943
10/19/2009,10.0964
10/20/2009,10.0984
10/21/2009,10.1313
10/22/2009,10.1313
10/23/2009,10.0889
10/24/2009,10.0909
10/25/2009,10.0929
10/26/2009,10.1192
10/27/2009,10.1605
10/28/2009,10.1537
10/29/2009,10.1876
10/30/2009,10.1863
10/31/2009,10.1886
11/01/2009,10.1908
11/02/2009,10.1930
11/03/2009,10.1947
11/04/2009,10.1863
11/05/2009,10.1824
11/06/2009,10.1913
11/07/2009,10.1935
11/08/2009,10.1957
11/09/2009,10.2072
11/10/2009,10.2098
11/11/2009,10.2033
11/12/2009,10.1986
11/13/2009,10.3313
11/14/2009,10.3336
11/15/2009,10.3358
11/16/2009,10.3362
11/17/2009,10.3399
11/18/2009,10.3421
11/19/2009,10.3425
11/20/2009,10.3312
11/21/2009,10.3335
11/22/2009,10.3357
11/23/2009,10.3382
11/24/2009,10.3638
11/25/2009,10.3745
11/26/2009,10.3768
11/27/2009,10.3642
11/28/2009,10.3665
11/29/2009,10.3688
11/30/2009,10.3510
12/01/2009,10.3396
12/02/2009,10.3419
12/03/2009,10.3023
12/04/2009,10.2914
12/05/2009,10.2937
12/06/2009,10.2960
12/07/2009,10.2782
12/08/2009,10.2805
12/09/2009,10.2628
12/10/2009,10.2235
12/11/2009,10.2006
12/12/2009,10.2029
12/13/2009,10.2051
12/14/2009,10.2399
12/15/2009,10.2408
12/16/2009,10.2170
12/17/2009,10.2578
12/18/2009,10.2350
12/19/2009,10.2372
12/20/2009,10.2394
12/21/2009,10.2718
12/22/2009,10.2740
12/23/2009,10.2899
12/24/2009,10.2892
12/25/2009,10.2914
12/26/2009,10.2936
12/27/2009,10.2958
12/28/2009,10.2980
12/29/2009,10.2621
12/30/2009,10.2686
12/31/2009,10.2736
01/01/2010,10.2758
01/02/2010,10.2779
01/03/2010,10.2801
01/04/2010,10.2463
01/05/2010,10.2552
01/06/2010,10.2545
01/07/2010,10.2568
01/08/2010,10.2746
01/09/2010,10.2768
01/10/2010,10.2790
01/11/2010,10.2751
01/12/2010,10.2811
01/13/2010,10.2707
01/14/2010,10.2983
01/15/2010,10.2947
01/16/2010,10.2969
01/17/2010,10.2991
01/18/2010,10.3133
01/19/2010,10.2984
01/20/2010,10.3114
01/21/2010,10.3327
01/22/2010,10.3285
01/23/2010,10.3307
01/24/2010,10.3328
01/25/2010,10.3153
01/26/2010,10.3175
01/27/2010,10.3370
01/28/2010,10.3511
01/29/2010,10.3408
01/30/2010,10.3408
01/31/2010,10.3430
02/01/2010,10.3321
02/02/2010,10.2928
02/03/2010,10.2988
02/04/2010,10.2953
02/05/2010,10.3084
02/06/2010,10.3106
02/07/2010,10.3129
02/08/2010,10.3124
02/09/2010,10.3143
02/10/2010,10.3073
02/11/2010,10.2788
02/12/2010,10.2811
02/13/2010,10.2833
02/14/2010,10.2856
02/15/2010,10.2535
02/16/2010,10.2440
02/17/2010,10.2343
02/18/2010,10.2370
02/19/2010,10.2217
02/20/2010,10.2239
02/21/2010,10.2261
02/22/2010,10.2363
02/23/2010,10.2387
02/24/2010,10.2324
02/25/2010,10.2347
02/26/2010,10.2311
02/27/2010,10.2334
02/28/2010,10.2402
03/01/2010,10.2424
03/02/2010,10.2374
03/03/2010,10.2382
03/04/2010,10.2405
03/05/2010,10.2435
03/06/2010,10.2458
03/07/2010,10.2481
03/08/2010,10.2434
03/09/2010,10.2368
03/10/2010,10.2387
03/11/2010,10.2361
03/12/2010,10.2338
03/13/2010,10.2361
03/14/2010,10.2383
03/15/2010,10.2521
03/16/2010,10.2543
03/17/2010,10.2652
03/18/2010,10.2803
03/19/2010,10.2965
03/20/2010,10.2987
03/21/2010,10.3009
03/22/2010,10.2851
03/23/2010,10.3001
03/24/2010,10.3024
03/25/2010,10.3047
03/26/2010,10.3266
03/27/2010,10.3289
03/28/2010,10.3312
03/29/2010,10.3653
03/30/2010,10.3668
03/31/2010,10.3501
04/01/2010,10.3524
04/02/2010,10.3547
04/03/2010,10.3569
04/04/2010,10.3592
04/05/2010,10.3782
04/06/2010,10.3831
04/07/2010,10.3902
04/08/2010,10.3728
04/09/2010,10.3296
04/10/2010,10.3320
04/11/2010,10.3343
04/12/2010,10.2652
04/13/2010,10.2519
04/14/2010,10.2542
04/15/2010,10.2487
04/16/2010,10.2513
04/17/2010,10.2537
04/18/2010,10.2560
04/19/2010,10.2606
04/20/2010,10.2942
04/21/2010,10.2898
04/22/2010,10.3066
04/23/2010,10.3037
04/24/2010,10.3061
04/25/2010,10.3084
04/26/2010,10.3109
04/27/2010,10.3251
04/28/2010,10.3371
04/29/2010,10.3583
04/30/2010,10.3795
05/01/2010,10.3818
05/02/2010,10.3841
05/03/2010,10.3808
05/04/2010,10.3913
05/05/2010,10.4077
05/06/2010,10.4104
05/07/2010,10.4510
05/08/2010,10.4534
05/09/2010,10.4557
05/10/2010,10.5229
05/11/2010,10.5409
05/12/2010,10.5505
05/13/2010,10.5168
05/14/2010,10.5249
05/15/2010,10.5272
05/16/2010,10.5294
05/17/2010,10.5520
05/18/2010,10.5745
05/19/2010,10.6156
05/20/2010,10.6349
05/21/2010,10.6409
05/22/2010,10.6432
05/23/2010,10.6455
05/24/2010,10.6323
05/25/2010,10.6336
05/26/2010,10.6198
05/27/2010,10.6222
05/28/2010,10.6072
05/29/2010,10.6096
05/30/2010,10.6096
05/31/2010,10.6048
06/01/2010,10.6072
06/02/2010,10.6176
06/03/2010,10.6187
06/04/2010,10.6584
06/05/2010,10.6596
06/06/2010,10.6608
06/07/2010,10.6711
06/08/2010,10.6853
06/09/2010,10.6841
06/10/2010,10.6593
06/11/2010,10.6314
06/12/2010,10.6337
06/13/2010,10.6361
06/14/2010,10.6024
06/15/2010,10.6243
06/16/2010,10.6445
06/17/2010,10.6392
06/18/2010,10.6557
06/19/2010,10.6581
06/20/2010,10.6604
06/21/2010,10.6701
06/22/2010,10.6910
06/23/2010,10.6938
06/24/2010,10.7061
06/25/2010,10.6815
06/26/2010,10.6839
06/27/2010,10.6862
06/28/2010,10.7077
06/29/2010,10.7216
06/30/2010,10.7273
07/01/2010,10.7297
07/02/2010,10.7323
07/03/2010,10.7346
07/04/2010,10.7370
07/05/2010,10.6962
07/06/2010,10.7065
07/07/2010,10.7110
07/08/2010,10.7128
07/09/2010,10.7024
07/10/2010,10.7047
07/11/2010,10.7071
07/12/2010,10.7246
07/13/2010,10.7245
07/14/2010,10.7196
07/15/2010,10.7497
07/16/2010,10.7484
07/17/2010,10.7502
07/18/2010,10.7521
07/19/2010,10.7593
07/20/2010,10.7489
07/21/2010,10.7443
07/22/2010,10.7677
07/23/2010,10.7674
07/24/2010,10.7697
07/25/2010,10.7721
07/26/2010,10.7783
07/27/2010,10.7507
07/28/2010,10.7433
07/29/2010,10.7360
07/30/2010,10.7179
07/31/2010,10.7202
08/01/2010,10.7226
08/02/2010,10.7009
08/03/2010,10.6955
08/04/2010,10.6988
08/05/2010,10.6907
08/06/2010,10.7020
08/07/2010,10.7043
08/08/2010,10.7067
08/09/2010,10.7120
08/10/2010,10.7064
08/11/2010,10.7148
08/12/2010,10.7110
08/13/2010,10.7216
08/14/2010,10.7240
08/15/2010,10.7263
08/16/2010,10.7266
08/17/2010,10.7177
08/18/2010,10.70
08/19/2010,10.7024
08/20/2010,10.6985
08/21/2010,10.7009
08/22/2010,10.7033
08/23/2010,10.7013
08/24/2010,10.6831
08/25/2010,10.6872
08/26/2010,10.6913
08/27/2010,10.7058
08/28/2010,10.7082
08/29/2010,10.7106
08/30/2010,10.7087
08/31/2010,10.7177
09/01/2010,10.7259
09/02/2010,10.7362
09/03/2010,10.7313
09/04/2010,10.7337
09/05/2010,10.7361
09/06/2010,10.7386
09/07/2010,10.7385
09/08/2010,10.7487
09/09/2010,10.7594
09/10/2010,10.7618
09/11/2010,10.7641
09/12/2010,10.7665
09/13/2010,10.7535
09/14/2010,10.7622
09/15/2010,10.7637
09/16/2010,10.7610
09/17/2010,10.7601
09/18/2010,10.7625
09/19/2010,10.7649
09/20/2010,10.7655
09/21/2010,10.7956
09/22/2010,10.8027
09/23/2010,10.8144
09/24/2010,10.8434
09/25/2010,10.8456
09/26/2010,10.8478
09/27/2010,10.8568
09/28/2010,10.8683
09/29/2010,10.8795
09/30/2010,10.8816
10/01/2010,10.8761
10/02/2010,10.8785
10/03/2010,10.8809
10/04/2010,10.8586
10/05/2010,10.8511
10/06/2010,10.8638
10/07/2010,10.8692
10/08/2010,10.8606
10/09/2010,10.8629
10/10/2010,10.8653
10/11/2010,10.8595
10/12/2010,10.8634
10/13/2010,10.8593
10/14/2010,10.8622
10/15/2010,10.8404
10/16/2010,10.8428
10/17/2010,10.8452
10/18/2010,10.8360
10/19/2010,10.8394
10/20/2010,10.8328
10/21/2010,10.8448
10/22/2010,10.8460
10/23/2010,10.8484
10/24/2010,10.8508
10/25/2010,10.8497
10/26/2010,10.8125
10/27/2010,10.8137
10/28/2010,10.8272
10/29/2010,10.83
10/30/2010,10.83
10/31/2010,10.8324
11/01/2010,10.8391
11/02/2010,10.8781
11/03/2010,10.8862
11/04/2010,10.8660
11/05/2010,10.8684
11/06/2010,10.8708
11/07/2010,10.8732
11/08/2010,10.8688
11/09/2010,10.8845
11/10/2010,10.8771
11/11/2010,10.8817
11/12/2010,10.8756
11/13/2010,10.8781
11/14/2010,10.8805
11/15/2010,10.8925
11/16/2010,10.8872
11/17/2010,10.8896
11/18/2010,10.8918
11/19/2010,10.8973
11/20/2010,10.8996
11/21/2010,10.9019
11/22/2010,10.9110
11/23/2010,10.9132
11/24/2010,10.9073
11/25/2010,10.9132
11/26/2010,10.9275
11/27/2010,10.9299
11/28/2010,10.9323
11/29/2010,10.9315
11/30/2010,10.9292
12/01/2010,10.9226
12/02/2010,10.9286
12/03/2010,10.9148
12/04/2010,10.9172
12/05/2010,10.9196
12/06/2010,10.8811
12/07/2010,10.9036
12/08/2010,10.8957
12/09/2010,10.8937
12/10/2010,10.8977
12/11/2010,10.9001
12/12/2010,10.9025
12/13/2010,10.9123
12/14/2010,10.9297
12/15/2010,10.9353
12/16/2010,10.9655
12/17/2010,10.9679
12/18/2010,10.9704
12/19/2010,10.9728
12/20/2010,10.9967
12/21/2010,11.0135
12/22/2010,11.0006
12/23/2010,11.0097
12/24/2010,11.0166
12/25/2010,11.0189
12/26/2010,11.0212
12/27/2010,11.0265
12/28/2010,11.0328
12/29/2010,11.0332
12/30/2010,11.0319
12/31/2010,11.0191
01/01/2011,11.0215
01/02/2011,11.0240
01/03/2011,11.0372
01/04/2011,11.0173
01/05/2011,11.0278
01/06/2011,11.0051
01/07/2011,10.9920
01/08/2011,10.9945
01/09/2011,10.9970
01/10/2011,10.9840
01/11/2011,10.9880
01/12/2011,10.9919
01/13/2011,11.0084
01/14/2011,11.0085
01/15/2011,11.0109
01/16/2011,11.0133
01/17/2011,10.9905
01/18/2011,10.9635
01/19/2011,10.9658
01/20/2011,10.9784
01/21/2011,10.9708
01/22/2011,10.9732
01/23/2011,10.9756
01/24/2011,10.9654
01/25/2011,10.9849
01/26/2011,10.9873
01/27/2011,10.9984
01/28/2011,10.9990
01/29/2011,11.0014
01/30/2011,11.0014
01/31/2011,10.9967
02/01/2011,10.9913
02/02/2011,11.0045
02/03/2011,11.0020
02/04/2011,11.0011
02/05/2011,11.0026
02/06/2011,11.0041
02/07/2011,11.0051
02/08/2011,11.0110
02/09/2011,11.0090
02/10/2011,11.0157
02/11/2011,11.0181
02/12/2011,11.0196
02/13/2011,11.0210
02/14/2011,11.0283
02/15/2011,11.0386
02/16/2011,11.0410
02/17/2011,11.0424
02/18/2011,11.04
02/19/2011,11.0423
02/20/2011,11.0447
02/21/2011,11.0582
02/22/2011,11.0680
02/23/2011,11.0721
02/24/2011,11.06
02/25/2011,11.0592
02/26/2011,11.0615
02/27/2011,11.0638
02/28/2011,11.0957
03/01/2011,11.1013
03/02/2011,11.1035
03/03/2011,11.1253
03/04/2011,11.1228
03/05/2011,11.1250
03/06/2011,11.1273
03/07/2011,11.1303
03/08/2011,11.1516
03/09/2011,11.1653
03/10/2011,11.1743
03/11/2011,11.1716
03/12/2011,11.1733
03/13/2011,11.1749
03/14/2011,11.1782
03/15/2011,11.1836
03/16/2011,11.1826
03/17/2011,11.2090
03/18/2011,11.2012
03/19/2011,11.2035
03/20/2011,11.2058
03/21/2011,11.2037
03/22/2011,11.2043
03/23/2011,11.2088
03/24/2011,11.2240
03/25/2011,11.2541
03/26/2011,11.2564
03/27/2011,11.2586
03/28/2011,11.2647
03/29/2011,11.3108
03/30/2011,11.2943
03/31/2011,11.2957
04/01/2011,11.2981
04/02/2011,11.3006
04/03/2011,11.3030
04/04/2011,11.3054
04/05/2011,11.2882
04/06/2011,11.2898
04/07/2011,11.2949
04/08/2011,11.2772
04/09/2011,11.2795
04/10/2011,11.2819
04/11/2011,11.2589
04/12/2011,11.2613
04/13/2011,11.2504
04/14/2011,11.2528
04/15/2011,11.2272
04/16/2011,11.2297
04/17/2011,11.2321
04/18/2011,11.2313
04/19/2011,11.2360
04/20/2011,11.2276
04/21/2011,11.2266
04/22/2011,11.2290
04/23/2011,11.2314
04/24/2011,11.2338
04/25/2011,11.2223
04/26/2011,11.2263
04/27/2011,11.2284
04/28/2011,11.2229
04/29/2011,11.2155
04/30/2011,11.2178
05/01/2011,11.2202
05/02/2011,11.2178
05/03/2011,11.1339
05/04/2011,11.0995
05/05/2011,11.1092
05/06/2011,11.1579
05/07/2011,11.1602
05/08/2011,11.1625
05/09/2011,11.1203
05/10/2011,11.1418
05/11/2011,11.14
05/12/2011,11.1818
05/13/2011,11.1476
05/14/2011,11.1499
05/15/2011,11.1522
05/16/2011,11.1465
05/17/2011,11.1490
05/18/2011,11.1442
05/19/2011,11.1333
05/20/2011,11.1228
05/21/2011,11.1252
05/22/2011,11.1276
05/23/2011,11.1406
05/24/2011,11.1258
05/25/2011,11.1289
05/26/2011,11.1178
05/27/2011,11.0850
05/28/2011,11.0874
05/29/2011,11.0898
05/30/2011,11.0962
05/31/2011,11.1143
06/01/2011,11.1710
06/02/2011,11.2088
06/03/2011,11.2275
06/04/2011,11.2299
06/05/2011,11.2324
06/06/2011,11.2449
06/07/2011,11.2316
06/08/2011,11.2590
06/09/2011,11.3487
06/10/2011,11.3591
06/11/2011,11.3601
06/12/2011,11.3611
06/13/2011,11.3641
06/14/2011,11.3173
06/15/2011,11.2802
06/16/2011,11.3377
06/17/2011,11.3590
06/18/2011,11.3615
06/19/2011,11.3640
06/20/2011,11.4142
06/21/2011,11.4044
06/22/2011,11.3947
06/23/2011,11.3884
06/24/2011,11.3959
06/25/2011,11.3984
06/26/2011,11.4008
06/27/2011,11.3931
06/28/2011,11.3824
06/29/2011,11.3715
06/30/2011,11.3628
07/02/2011,11.3671
07/03/2011,11.3693
07/04/2011,11.3432
07/05/2011,11.3538
07/06/2011,11.3601
07/07/2011,11.3467
07/08/2011,11.3594
07/09/2011,11.3618
07/10/2011,11.3643
07/11/2011,11.3871
07/12/2011,11.4219
07/13/2011,11.4103
07/14/2011,11.4497
07/15/2011,11.4415
07/16/2011,11.4440
07/17/2011,11.4465
07/18/2011,11.46
07/19/2011,11.4611
07/20/2011,11.4511
07/21/2011,11.4580
07/22/2011,11.4270
07/23/2011,11.4295
07/24/2011,11.4320
07/25/2011,11.4415
07/26/2011,11.3541
07/27/2011,11.3475
07/28/2011,11.3469
07/29/2011,11.3544
07/30/2011,11.3544
07/31/2011,11.3570
08/01/2011,11.3551
08/02/2011,11.3681
08/03/2011,11.3797
08/04/2011,11.3906
08/05/2011,11.4475
08/06/2011,11.45
08/07/2011,11.4525
08/08/2011,11.4967
08/09/2011,11.5285
08/10/2011,11.5468
08/11/2011,11.5458
08/12/2011,11.5118
08/13/2011,11.5143
08/14/2011,11.5168
08/15/2011,11.5193
08/16/2011,11.5255
08/17/2011,11.5145
08/18/2011,11.5436
08/19/2011,11.5461
08/20/2011,11.5487
08/21/2011,11.5512
08/22/2011,11.5418
08/23/2011,11.5524
08/24/2011,11.5780
08/25/2011,11.5637
08/26/2011,11.5395
08/27/2011,11.5420
08/28/2011,11.5445
08/29/2011,11.5318
08/30/2011,11.5284
08/31/2011,11.5310
09/01/2011,11.5336
09/02/2011,11.5151
09/03/2011,11.5177
09/04/2011,11.5203
09/05/2011,11.5563
09/06/2011,11.5448
09/07/2011,11.5477
09/08/2011,11.5610
09/09/2011,11.5563
09/10/2011,11.5588
09/11/2011,11.5612
09/12/2011,11.5730
09/13/2011,11.5593
09/14/2011,11.5487
09/15/2011,11.5571
09/16/2011,11.5524
09/17/2011,11.5550
09/18/2011,11.5575
09/19/2011,11.5729
09/20/2011,11.5713
09/21/2011,11.5797
09/22/2011,11.5993
09/23/2011,11.6039
09/24/2011,11.6065
09/25/2011,11.6090
09/26/2011,11.6140
09/27/2011,11.6115
09/28/2011,11.6035
09/29/2011,11.5197
09/30/2011,11.5223
10/01/2011,11.5247
10/02/2011,11.5272
10/03/2011,11.4807
10/04/2011,11.4689
10/05/2011,11.4526
10/06/2011,11.4551
10/07/2011,11.3719
10/08/2011,11.3744
10/09/2011,11.3769
10/10/2011,11.3290
10/11/2011,11.3607
10/12/2011,11.3465
10/13/2011,11.3516
10/14/2011,11.3286
10/15/2011,11.3311
10/16/2011,11.3337
10/17/2011,11.3394
10/18/2011,11.3522
10/19/2011,11.3480
10/20/2011,11.3464
10/21/2011,11.3334
10/22/2011,11.3360
10/23/2011,11.3386
10/24/2011,11.3373
10/25/2011,11.3977
10/26/2011,11.4002
10/27/2011,11.4028
10/28/2011,11.33
10/29/2011,11.3326
10/30/2011,11.3326
10/31/2011,11.3166
11/01/2011,11.2942
11/02/2011,11.3217
11/03/2011,11.3177
11/04/2011,11.2863
11/05/2011,11.2889
11/06/2011,11.2916
11/07/2011,11.2942
11/08/2011,11.2435
11/09/2011,11.2082
11/10/2011,11.2108
11/11/2011,11.1977
11/12/2011,11.2003
11/13/2011,11.2029
11/14/2011,11.2071
11/15/2011,11.2457
11/16/2011,11.2486
11/17/2011,11.3495
11/18/2011,11.3373
11/19/2011,11.3389
11/20/2011,11.3406
11/21/2011,11.3570
11/22/2011,11.3529
11/23/2011,11.3615
11/24/2011,11.3752
11/25/2011,11.3415
11/26/2011,11.3441
11/27/2011,11.3467
11/28/2011,11.3585
11/29/2011,11.3754
11/30/2011,11.4694
12/01/2011,11.4939
12/02/2011,11.5312
12/03/2011,11.5336
12/04/2011,11.5360
12/05/2011,11.6004
12/06/2011,11.6031
12/07/2011,11.6366
12/08/2011,11.6785
12/09/2011,11.68
12/10/2011,11.6822
12/11/2011,11.6845
12/12/2011,11.7310
12/13/2011,11.7602
12/14/2011,11.7057
12/15/2011,11.7113
12/16/2011,11.8103
12/17/2011,11.8129
12/18/2011,11.8156
12/19/2011,11.8653
12/20/2011,11.9156
12/21/2011,11.8879
12/22/2011,11.8891
12/23/2011,11.8490
12/24/2011,11.8517
12/25/2011,11.8543
12/26/2011,11.8056
12/27/2011,11.7754
12/28/2011,11.7962
12/29/2011,11.7518
12/30/2011,11.7164
12/31/2011,11.7190
01/01/2012,11.7217
01/02/2012,11.8404
01/03/2012,11.9034
01/04/2012,11.9032
01/05/2012,11.9354
01/06/2012,11.9990
01/07/2012,12.0018
01/08/2012,12.0045
01/09/2012,12.0325
01/10/2012,12.0198
01/11/2012,12.0026
01/12/2012,12.0019
01/13/2012,12.0466
01/14/2012,12.0493
01/15/2012,12.0520
01/16/2012,12.0364
01/17/2012,12.0414
01/18/2012,12.0594
01/19/2012,12.0731
01/20/2012,12.0705
01/21/2012,12.0732
01/22/2012,12.0759
01/23/2012,12.0808
01/24/2012,11.9806
01/25/2012,11.9922
01/26/2012,11.9949
01/27/2012,11.9672
01/28/2012,11.9699
01/29/2012,11.9726
01/30/2012,11.9992
01/31/2012,12.0157
02/01/2012,12.0992
02/02/2012,12.1182
02/03/2012,12.1067
02/04/2012,12.1094
02/05/2012,12.1121
02/06/2012,12.1004
02/07/2012,12.0976
02/08/2012,12.0774
02/09/2012,12.0553
02/10/2012,12.0917
02/11/2012,12.0944
02/12/2012,12.0971
02/13/2012,12.0938
02/14/2012,12.1115
02/15/2012,12.1460
02/16/2012,12.1487
02/17/2012,12.1521
02/18/2012,12.1540
02/19/2012,12.1559
02/20/2012,12.1578
02/21/2012,12.1610
02/22/2012,12.1355
02/23/2012,12.1493
02/24/2012,12.1333
02/25/2012,12.1359
02/26/2012,12.1385
02/27/2012,12.1432
02/28/2012,12.1615
02/29/2012,12.1675
03/01/2012,12.1494
03/02/2012,12.1618
03/03/2012,12.1645
03/04/2012,12.1673
03/05/2012,12.1687
03/06/2012,12.1750
03/07/2012,12.1758
03/08/2012,12.1785
03/09/2012,12.1583
03/10/2012,12.1611
03/11/2012,12.1638
03/12/2012,12.1563
03/13/2012,12.1401
03/14/2012,12.1687
03/15/2012,12.1273
03/16/2012,12.0820
03/17/2012,12.0847
03/18/2012,12.0875
03/19/2012,12.0907
03/20/2012,12.0988
03/21/2012,12.1120
03/22/2012,12.1240
03/23/2012,12.1267
03/24/2012,12.1294
03/25/2012,12.1321
03/26/2012,12.0916
03/27/2012,12.0635
03/28/2012,11.9958
03/29/2012,11.9736
03/30/2012,11.9897
03/31/2012,11.9926
04/01/2012,11.9952
04/02/2012,11.9980
04/03/2012,11.8713
04/04/2012,11.8979
04/05/2012,11.9006
04/06/2012,11.9033
04/07/2012,11.9060
04/08/2012,11.9087
04/09/2012,11.9648
04/10/2012,11.9944
04/11/2012,12.0282
04/12/2012,12.1075
04/13/2012,12.0964
04/14/2012,12.0991
04/15/2012,12.1017
04/16/2012,12.1218
04/17/2012,12.1976
04/18/2012,12.1921
04/19/2012,12.1621
04/20/2012,12.0810
04/21/2012,12.0837
04/22/2012,12.0863
04/23/2012,12.0729
04/24/2012,12.0769
04/25/2012,12.0331
04/26/2012,12.0207
04/27/2012,12.0217
04/28/2012,12.0244
04/29/2012,12.0272
04/30/2012,12.0199
05/01/2012,12.0227
05/02/2012,12.0338
05/03/2012,12.0505
05/04/2012,12.0256
05/05/2012,12.0284
05/06/2012,12.0312
05/07/2012,12.0243
05/08/2012,12.1116
05/09/2012,12.0994
05/10/2012,12.0997
05/11/2012,12.0910
05/12/2012,12.0938
05/13/2012,12.0966
05/14/2012,12.1246
05/15/2012,12.1444
05/16/2012,12.1486
05/17/2012,12.1609
05/18/2012,12.1583
05/19/2012,12.1611
05/20/2012,12.1639
05/21/2012,12.1586
05/22/2012,12.1781
05/23/2012,12.1901
05/24/2012,12.1965
05/25/2012,12.1952
05/26/2012,12.1980
05/27/2012,12.2007
05/28/2012,12.2121
05/29/2012,12.2153
05/30/2012,12.2326
05/31/2012,12.3412
06/01/2012,12.3502
06/02/2012,12.3531
06/03/2012,12.3559
06/04/2012,12.3983
06/05/2012,12.4276
06/06/2012,12.4139
06/07/2012,12.4365
06/08/2012,12.4275
06/09/2012,12.4303
06/10/2012,12.4331
06/11/2012,12.4398
06/12/2012,12.4907
06/13/2012,12.5030
06/14/2012,12.4733
06/15/2012,12.4617
06/16/2012,12.4645
06/17/2012,12.4674
06/18/2012,12.3754
06/19/2012,12.3981
06/20/2012,12.4074
06/21/2012,12.4553
06/22/2012,12.4637
06/23/2012,12.4665
06/24/2012,12.4693
06/25/2012,12.4744
06/26/2012,12.4697
06/27/2012,12.4583
06/28/2012,12.46
06/29/2012,12.4502
06/30/2012,12.4529
07/01/2012,12.4557
07/02/2012,12.4539
07/03/2012,12.4821
07/04/2012,12.5105
07/05/2012,12.4985
07/06/2012,12.5243
07/07/2012,12.5272
07/08/2012,12.5301
07/09/2012,12.5464
07/10/2012,12.5354
07/11/2012,12.5534
07/12/2012,12.5676
07/13/2012,12.5714
07/14/2012,12.5742
07/15/2012,12.5771
07/16/2012,12.6168
07/17/2012,12.61
07/18/2012,12.6388
07/19/2012,12.6301
07/20/2012,12.6434
07/21/2012,12.6462
07/22/2012,12.6491
07/23/2012,12.6749
07/24/2012,12.6646
07/25/2012,12.6450
07/26/2012,12.6468
07/27/2012,12.6497
07/28/2012,12.6525
07/29/2012,12.6553
07/30/2012,12.6368
07/31/2012,12.5492
08/01/2012,12.5577
08/02/2012,12.5652
08/03/2012,12.5536
08/04/2012,12.5564
08/05/2012,12.5593
08/06/2012,12.5777
08/07/2012,12.6194
08/08/2012,12.6296
08/09/2012,12.6276
08/10/2012,12.6183
08/11/2012,12.6212
08/12/2012,12.6240
08/13/2012,12.6096
08/14/2012,12.6086
08/15/2012,12.6114
08/16/2012,12.5944
08/17/2012,12.6048
08/18/2012,12.6077
08/19/2012,12.6105
08/20/2012,12.6134
08/21/2012,12.6069
08/22/2012,12.6242
08/23/2012,12.6217
08/24/2012,12.6365
08/25/2012,12.6394
08/26/2012,12.6422
08/27/2012,12.6513
08/28/2012,12.6577
08/29/2012,12.6599
08/30/2012,12.6575
08/31/2012,12.6337
09/01/2012,12.6365
09/02/2012,12.6392
09/03/2012,12.6560
09/04/2012,12.6624
09/05/2012,12.6817
09/06/2012,12.6908
09/07/2012,12.6667
09/08/2012,12.6696
09/09/2012,12.6724
09/10/2012,12.6940
09/11/2012,12.6999
09/12/2012,12.6867
09/13/2012,12.7070
09/14/2012,12.7065
09/15/2012,12.7094
09/16/2012,12.7122
09/17/2012,12.7143
09/18/2012,12.7352
09/19/2012,12.7381
09/20/2012,12.7461
09/21/2012,12.7452
09/22/2012,12.7480
09/23/2012,12.7509
09/24/2012,12.7645
09/25/2012,12.7535
09/26/2012,12.7507
09/27/2012,12.7670
09/28/2012,12.8228
09/29/2012,12.8257
09/30/2012,12.8286
10/01/2012,12.8433
10/02/2012,12.8462
10/03/2012,12.8587
10/04/2012,12.8682
10/05/2012,12.8567
10/06/2012,12.8597
10/07/2012,12.8626
10/08/2012,12.8820
10/09/2012,12.8895
10/10/2012,12.8817
10/11/2012,12.8801
10/12/2012,12.8891
10/13/2012,12.8918
10/14/2012,12.8946
10/15/2012,12.9008
10/16/2012,12.9256
10/17/2012,12.9426
10/18/2012,12.9642
10/19/2012,12.9710
10/20/2012,12.9740
10/21/2012,12.9770
10/22/2012,12.9737
10/23/2012,12.9680
10/24/2012,12.9709
10/25/2012,12.9832
10/26/2012,12.9861
10/27/2012,12.9890
10/28/2012,12.9919
10/29/2012,12.9874
10/30/2012,12.9507
10/31/2012,12.9221
11/01/2012,12.9370
11/02/2012,12.9390
11/03/2012,12.9418
11/04/2012,12.9447
11/05/2012,12.9497
11/06/2012,12.9715
11/07/2012,12.9724
11/08/2012,12.9737
11/09/2012,12.9688
11/10/2012,12.9717
11/11/2012,12.9746
11/12/2012,12.9792
11/13/2012,12.9821
11/14/2012,12.9850
11/15/2012,12.9946
11/16/2012,12.9994
11/17/2012,13.0023
11/18/2012,13.0051
11/19/2012,13.0081
11/20/2012,13.0051
11/21/2012,13.0014
11/22/2012,12.9849
11/23/2012,12.9754
11/24/2012,12.9783
11/25/2012,12.9812
11/26/2012,12.9927
11/27/2012,13.0077
11/28/2012,13.0107
11/29/2012,13.0044
11/30/2012,13.0431
12/01/2012,13.0461
12/02/2012,13.0490
12/03/2012,13.0517
12/04/2012,13.0628
12/05/2012,13.0758
12/06/2012,13.0807
12/07/2012,13.0908
12/08/2012,13.0937
12/09/2012,13.0966
12/10/2012,13.0998
12/11/2012,13.0985
12/12/2012,13.0973
12/13/2012,13.12
12/14/2012,13.1335
12/15/2012,13.1362
12/16/2012,13.1390
12/17/2012,13.1428
12/18/2012,13.1418
12/19/2012,13.1402
12/20/2012,13.1445
12/21/2012,13.1523
12/22/2012,13.1551
12/23/2012,13.1580
12/24/2012,13.1681
12/25/2012,13.1710
12/26/2012,13.1842
12/27/2012,13.1974
12/28/2012,13.2130
12/29/2012,13.2159
12/30/2012,13.2159
12/31/2012,13.2551
01/01/2013,13.3238
01/02/2013,13.3395
01/03/2013,13.3602
01/04/2013,13.3890
01/05/2013,13.3919
01/06/2013,13.3948
01/07/2013,13.4270
01/08/2013,13.4299
01/09/2013,13.4423
01/10/2013,13.4724
01/11/2013,13.4911
01/12/2013,13.4940
01/13/2013,13.4969
01/14/2013,13.5759
01/15/2013,13.5561
01/16/2013,13.5082
01/17/2013,13.5359
01/18/2013,13.5269
01/19/2013,13.5297
01/20/2013,13.5326
01/21/2013,13.5269
01/22/2013,13.5309
01/23/2013,13.5112
01/24/2013,13.5016
01/25/2013,13.5045
01/26/2013,13.5074
01/27/2013,13.5103
01/28/2013,13.5292
01/29/2013,13.5350
01/30/2013,13.5076
01/31/2013,13.4936
02/01/2013,13.5028
02/02/2013,13.5057
02/03/2013,13.5085
02/04/2013,13.4810
02/05/2013,13.4932
02/06/2013,13.5123
02/07/2013,13.5518
02/08/2013,13.5791
02/09/2013,13.5820
02/10/2013,13.5849
02/11/2013,13.5778
02/12/2013,13.5698
02/13/2013,13.5953
02/14/2013,13.6140
02/15/2013,13.6086
02/16/2013,13.6115
02/17/2013,13.6144
02/18/2013,13.6171
02/19/2013,13.62
02/20/2013,13.6433
02/21/2013,13.6362
02/22/2013,13.6490
02/23/2013,13.6519
02/24/2013,13.6549
02/25/2013,13.6545
02/26/2013,13.6395
02/27/2013,13.6462
02/28/2013,13.5914
03/01/2013,13.5739
03/02/2013,13.5767
03/03/2013,13.5796
03/04/2013,13.6020
03/05/2013,13.6112
03/06/2013,13.6274
03/07/2013,13.6268
03/08/2013,13.6445
03/09/2013,13.6473
03/10/2013,13.6502
03/11/2013,13.6619
03/12/2013,13.6384
03/13/2013,13.6319
03/14/2013,13.6572
03/15/2013,13.6570
03/16/2013,13.66
03/17/2013,13.6629
03/18/2013,13.6415
03/19/2013,13.6176
03/20/2013,13.5986
03/21/2013,13.6052
03/22/2013,13.5862
03/23/2013,13.5891
03/24/2013,13.5919
03/25/2013,13.5963
03/26/2013,13.5832
03/27/2013,13.5861
03/28/2013,13.6187
03/29/2013,13.6216
03/30/2013,13.6215
03/31/2013,13.6243
04/01/2013,13.6273
04/02/2013,13.6105
04/03/2013,13.6384
04/04/2013,13.6487
04/05/2013,13.6693
04/06/2013,13.6720
04/07/2013,13.6747
04/08/2013,13.6945
04/09/2013,13.7255
04/10/2013,13.7283
04/11/2013,13.7313
04/12/2013,13.7675
04/13/2013,13.7705
04/14/2013,13.7734
04/15/2013,13.8210
04/16/2013,13.8488
04/17/2013,13.8790
04/18/2013,13.9219
04/19/2013,13.9249
04/20/2013,13.9277
04/21/2013,13.9306
04/22/2013,13.9650
04/23/2013,13.9891
04/24/2013,13.9922
04/25/2013,13.9601
04/26/2013,13.9861
04/27/2013,13.9891
04/28/2013,13.9921
04/29/2013,13.9819
04/30/2013,13.9959
05/01/2013,13.9989
05/02/2013,14.0168
05/03/2013,14.0127
05/04/2013,14.0157
05/05/2013,14.0186
05/06/2013,14.0159
05/07/2013,14.0423
05/08/2013,14.1079
05/09/2013,14.2205
05/10/2013,14.2527
05/11/2013,14.2557
05/12/2013,14.2587
05/13/2013,14.2731
05/14/2013,14.3736
05/15/2013,14.4297
05/16/2013,14.5049
05/17/2013,14.5405
05/18/2013,14.5436
05/19/2013,14.5465
05/20/2013,14.5930
05/21/2013,14.5857
05/22/2013,14.5766
05/23/2013,14.5763
05/24/2013,14.6169
05/25/2013,14.6198
05/26/2013,14.6226
05/27/2013,14.6276
05/28/2013,14.6271
05/29/2013,14.5937
05/30/2013,14.5635
05/31/2013,14.5379
06/01/2013,14.5409
06/02/2013,14.5437
06/03/2013,14.5426
06/04/2013,14.6130
06/05/2013,14.5959
06/06/2013,14.6003
06/07/2013,14.5773
06/08/2013,14.5803
06/09/2013,14.5833
06/10/2013,14.5099
06/11/2013,14.4685
06/12/2013,14.4789
06/13/2013,14.4469
06/14/2013,14.4643
06/15/2013,14.4674
06/16/2013,14.4703
06/17/2013,14.5413
06/18/2013,14.5186
06/19/2013,14.5218
06/20/2013,14.3593
06/21/2013,14.3693
06/22/2013,14.3723
06/23/2013,14.3753
06/24/2013,14.2992
06/25/2013,14.2890
06/26/2013,14.2038
06/27/2013,14.2166
06/28/2013,14.3232
06/29/2013,14.3261
06/30/2013,14.3291
07/01/2013,14.3226
07/02/2013,14.3039
07/03/2013,14.2525
07/04/2013,14.3464
07/05/2013,14.2981
07/06/2013,14.3011
07/07/2013,14.3041
07/08/2013,14.2442
07/09/2013,14.2840
07/10/2013,14.2995
07/11/2013,14.3530
07/12/2013,14.2836
07/13/2013,14.2865
07/14/2013,14.2894
07/15/2013,14.2659
07/16/2013,13.7224
07/17/2013,13.7230
07/18/2013,13.8102
07/19/2013,13.7798
07/20/2013,13.7829
07/21/2013,13.7858
07/22/2013,13.6599
07/23/2013,13.6004
07/24/2013,13.4142
07/25/2013,13.5156
07/26/2013,13.5614
07/27/2013,13.5645
07/28/2013,13.5674
07/29/2013,13.5632
07/30/2013,13.4357
07/31/2013,13.4250
08/01/2013,13.5117
08/02/2013,13.3715
08/03/2013,13.3746
08/04/2013,13.3775
08/05/2013,13.4439
08/06/2013,13.42
08/07/2013,13.4307
08/08/2013,13.4584
08/09/2013,13.4615
08/10/2013,13.4644
08/11/2013,13.4674
08/12/2013,13.3092
08/13/2013,13.2049
08/14/2013,13.1371
08/15/2013,13.1401
08/16/2013,12.8789
08/17/2013,12.8819
08/18/2013,12.8848
08/19/2013,12.6587
08/20/2013,12.8556
08/21/2013,13.2877
08/22/2013,13.4292
08/23/2013,13.3603
08/24/2013,13.3633
08/25/2013,13.3663
08/26/2013,13.3251
08/27/2013,13.0762
08/28/2013,12.9147
08/29/2013,13.0469
08/30/2013,13.0642
08/31/2013,13.0673
09/01/2013,13.0703
09/02/2013,13.2162
09/03/2013,13.1576
09/04/2013,13.2585
09/05/2013,13.2736
09/06/2013,13.1955
09/07/2013,13.1985
09/08/2013,13.2015
09/09/2013,13.2044
09/10/2013,13.2449
09/11/2013,13.2541
09/12/2013,13.2161
09/13/2013,13.2152
09/14/2013,13.2183
09/15/2013,13.2212
09/16/2013,13.2458
09/17/2013,13.2543
09/18/2013,13.3122
09/19/2013,13.5347
09/20/2013,13.2305
09/21/2013,13.2335
09/22/2013,13.2364
09/23/2013,13.0014
09/24/2013,12.9790
09/25/2013,12.9673
09/26/2013,13.0456
09/27/2013,13.0459
09/28/2013,13.0490
09/29/2013,13.0520
09/30/2013,13.0483
10/01/2013,13.0869
10/02/2013,13.0901
10/03/2013,13.1634
10/04/2013,13.2097
10/05/2013,13.2128
10/06/2013,13.2159
10/07/2013,13.1937
10/08/2013,13.3749
10/09/2013,13.4124
10/10/2013,13.4329
10/11/2013,13.3944
10/12/2013,13.3974
10/13/2013,13.4003
10/14/2013,13.3279
10/15/2013,13.2361
10/16/2013,13.2393
10/17/2013,13.3085
10/18/2013,13.3467
10/19/2013,13.3498
10/20/2013,13.3528
10/21/2013,13.3286
10/22/2013,13.3306
10/23/2013,13.3228
10/24/2013,13.3468
10/25/2013,13.3448
10/26/2013,13.3479
10/27/2013,13.3509
10/28/2013,13.3122
10/29/2013,13.3861
10/30/2013,13.4045
10/31/2013,13.3824
11/01/2013,13.3570
11/02/2013,13.36
11/03/2013,13.3630
11/04/2013,13.3660
11/05/2013,13.3472
11/06/2013,13.3013
11/07/2013,13.2663
11/08/2013,13.1719
11/09/2013,13.1750
11/10/2013,13.1780
11/11/2013,13.1830
11/12/2013,13.1220
11/13/2013,13.2268
11/14/2013,13.1862
11/15/2013,13.1893
11/16/2013,13.1922
11/17/2013,13.1952
11/18/2013,13.2587
11/19/2013,13.3160
11/20/2013,13.2997
11/21/2013,13.2751
11/22/2013,13.2588
11/23/2013,13.2619
11/24/2013,13.2649
11/25/2013,13.2739
11/26/2013,13.3019
11/27/2013,13.3433
11/28/2013,13.3439
11/29/2013,13.3206
11/30/2013,13.3238
12/01/2013,13.3268
12/02/2013,13.3341
12/03/2013,13.3258
12/04/2013,13.3161
12/05/2013,13.3103
12/06/2013,13.2526
12/07/2013,13.2557
12/08/2013,13.2588
12/09/2013,13.2079
12/10/2013,13.2279
12/11/2013,13.2199
12/12/2013,13.2191
12/13/2013,13.1742
12/14/2013,13.1773
12/15/2013,13.1803
12/16/2013,13.2097
12/17/2013,13.1786
12/18/2013,13.2758
12/19/2013,13.3378
12/20/2013,13.3178
12/21/2013,13.3208
12/22/2013,13.3238
12/23/2013,13.3074
12/24/2013,13.2834
12/25/2013,13.2866
12/26/2013,13.2830
12/27/2013,13.2607
12/28/2013,13.2639
12/29/2013,13.2670
12/30/2013,13.3155
12/31/2013,13.3576
01/01/2014,13.3497
01/02/2014,13.3488
01/03/2014,13.3533
01/04/2014,13.3564
01/05/2014,13.3595
01/06/2014,13.4039
01/07/2014,13.4049
01/08/2014,13.4059
01/09/2014,13.4458
01/10/2014,13.4725
01/11/2014,13.4756
01/12/2014,13.4786
01/13/2014,13.5362
01/14/2014,13.5393
01/15/2014,13.6262
01/16/2014,13.6643
01/17/2014,13.6495
01/18/2014,13.6527
01/19/2014,13.6558
01/20/2014,13.7389
01/21/2014,13.7160
01/22/2014,13.6874
01/23/2014,13.6609
01/24/2014,13.5849
01/25/2014,13.5882
01/26/2014,13.5913
01/27/2014,13.5524
01/28/2014,13.5375
01/29/2014,13.5080
01/30/2014,13.4576
01/31/2014,13.4627
02/01/2014,13.4659
02/02/2014,13.4690
02/03/2014,13.5019
02/04/2014,13.5587
02/05/2014,13.5444
02/06/2014,13.5513
02/07/2014,13.5430
02/08/2014,13.5462
02/09/2014,13.5493
02/10/2014,13.5725
02/11/2014,13.5269
02/12/2014,13.4611
02/13/2014,13.4293
02/14/2014,13.4574
02/15/2014,13.4606
02/16/2014,13.4638
02/17/2014,13.4616
02/18/2014,13.4872
02/19/2014,13.4904
02/20/2014,13.4880
02/21/2014,13.4937
02/22/2014,13.4969
02/23/2014,13.50
02/24/2014,13.4492
02/25/2014,13.4474
02/26/2014,13.4348
02/27/2014,13.4379
02/28/2014,13.4908
03/01/2014,13.4940
03/02/2014,13.4970
03/03/2014,13.4745
03/04/2014,13.5023
03/05/2014,13.5085
03/06/2014,13.5420
03/07/2014,13.5434
03/08/2014,13.5466
03/09/2014,13.5496
03/10/2014,13.5655
03/11/2014,13.6174
03/12/2014,13.6248
03/13/2014,13.6263
03/14/2014,13.6103
03/15/2014,13.6136
03/16/2014,13.6168
03/17/2014,13.6199
03/18/2014,13.6353
03/19/2014,13.6610
03/20/2014,13.6538
03/21/2014,13.6808
03/22/2014,13.6839
03/23/2014,13.6870
03/24/2014,13.7063
03/25/2014,13.6997
03/26/2014,13.7134
03/27/2014,13.7151
03/28/2014,13.7325
03/29/2014,13.7355
03/30/2014,13.7354
03/31/2014,13.7384
04/01/2014,13.7414
04/02/2014,13.6135
04/03/2014,13.5834
04/04/2014,13.5417
04/05/2014,13.5448
04/06/2014,13.5477
04/07/2014,13.5409
04/08/2014,13.5440
04/09/2014,13.5819
04/10/2014,13.6101
04/11/2014,13.6588
04/12/2014,13.6620
04/13/2014,13.6651
04/14/2014,13.6683
04/15/2014,13.6760
04/16/2014,13.6843
04/17/2014,13.7676
04/18/2014,13.7709
04/19/2014,13.7741
04/20/2014,13.7773
04/21/2014,13.8127
04/22/2014,13.8570
04/23/2014,13.8547
04/24/2014,13.8580
04/25/2014,13.8447
04/26/2014,13.8479
04/27/2014,13.8511
04/28/2014,13.8590
04/30/2014,13.9041
05/01/2014,13.9073
05/02/2014,13.9306
05/03/2014,13.9339
05/04/2014,13.9370
05/05/2014,13.9927
05/06/2014,13.9798
05/07/2014,13.9678
05/08/2014,13.9845
05/09/2014,14.0093
05/10/2014,14.0125
05/11/2014,14.0156
05/12/2014,14.0246
05/13/2014,14.0012
05/14/2014,14.0045
05/15/2014,14.0125
05/16/2014,14.0065
05/17/2014,14.0097
05/18/2014,14.0129
05/19/2014,14.0232
05/20/2014,14.0419
05/22/2014,14.1339
05/23/2014,14.2042
05/24/2014,14.2074
05/25/2014,14.2106
05/26/2014,14.1815
05/27/2014,14.2090
05/30/2014,14.2999
05/31/2014,14.3032
06/01/2014,14.3064
06/02/2014,14.3187
06/03/2014,14.3859
06/05/2014,14.5052
06/06/2014,14.5586
06/07/2014,14.5619
06/08/2014,14.5650
06/09/2014,14.5365
06/10/2014,14.5276
06/11/2014,14.5396
06/12/2014,14.5287
06/13/2014,14.4921
06/14/2014,14.4954
06/15/2014,14.4986
06/16/2014,14.4722
06/17/2014,14.5051
06/18/2014,14.4592
06/20/2014,14.4033
06/21/2014,14.4066
06/22/2014,14.4098
06/23/2014,14.3692
06/25/2014,14.4185
06/26/2014,14.4050
06/28/2014,14.3921
06/29/2014,14.3952
07/03/2014,14.4837
07/05/2014,14.4964
07/06/2014,14.4995
07/12/2014,14.4288
07/13/2014,14.4320
07/19/2014,14.4807
07/20/2014,14.4839
07/26/2014,14.5778
07/27/2014,14.5811
07/29/2014,14.5574
08/02/2014,14.5343
08/03/2014,14.5376
08/09/2014,14.4072
08/10/2014,14.4105
08/14/2014,14.5330
08/15/2014,14.5363
08/16/2014,14.5397
08/17/2014,14.5430
08/18/2014,14.5463
08/23/2014,14.6092
08/24/2014,14.6125
08/29/2014,14.6057
08/30/2014,14.6057
08/31/2014,14.6091
09/06/2014,14.6512
09/07/2014,14.6545
09/13/2014,14.6902
09/14/2014,14.6935
09/20/2014,14.7883
09/21/2014,14.7916
09/27/2014,14.8236
09/28/2014,14.8270
10/02/2014,14.8133
10/03/2014,14.8167
10/04/2014,14.8201
10/05/2014,14.8235
10/06/2014,14.8268
10/11/2014,14.8783
10/12/2014,14.8816
10/15/2014,14.9428
10/17/2014,14.9834
10/18/2014,14.9868
10/19/2014,14.9901
10/23/2014,15.0689
10/24/2014,15.0723
10/25/2014,15.0757
10/26/2014,15.0791
11/01/2014,15.2647
11/02/2014,15.2681
11/04/2014,15.3130
11/06/2014,15.3989
11/08/2014,15.3895
11/09/2014,15.3929
11/15/2014,15.3794
11/16/2014,15.3827
11/22/2014,15.4592
11/23/2014,15.4626
11/29/2014,15.5740
11/30/2014,15.5774
12/06/2014,15.7808
12/07/2014,15.7842
12/13/2014,15.9728
12/14/2014,15.9762
12/16/2014,15.8060
12/20/2014,15.8275
12/21/2014,15.8309
12/25/2014,15.8305
12/27/2014,15.8084
12/28/2014,15.8119
01/03/2015,15.8913
01/04/2015,15.8948
01/10/2015,15.9315
01/11/2015,15.9349
01/17/2015,16.1920
01/18/2015,16.1955
01/24/2015,16.2666
01/25/2015,16.2701
01/26/2015,16.2735
01/30/2015,16.3072
01/31/2015,16.3107
02/01/2015,16.3142
02/07/2015,16.3461
02/08/2015,16.3496
02/14/2015,16.3680
02/15/2015,16.3715
02/17/2015,16.3674
02/19/2015,16.3706
02/21/2015,16.3894
02/22/2015,16.3929
02/28/2015,16.3966
03/01/2015,16.4002
03/06/2015,16.4010
03/07/2015,16.4045
03/08/2015,16.4081
03/14/2015,16.3268
03/15/2015,16.3303
03/21/2015,16.3769
03/22/2015,16.3804
03/28/2015,16.3524
03/29/2015,16.3559
04/01/2015,16.4322
04/02/2015,16.4357
04/03/2015,16.4393
04/04/2015,16.4428
04/05/2015,16.4464
04/06/2015,16.4790
04/11/2015,16.4119
04/12/2015,16.4154
04/14/2015,16.4154
04/18/2015,16.4301
04/19/2015,16.4337
04/25/2015,16.4531
04/26/2015,16.4567
05/01/2015,16.4095
05/02/2015,16.4131
05/03/2015,16.4167
05/04/2015,16.4203
05/09/2015,16.2789
05/10/2015,16.2824
05/16/2015,16.2892
05/17/2015,16.2928
05/23/2015,16.4181
05/24/2015,16.4217
05/30/2015,16.4532
05/31/2015,16.4568
06/06/2015,16.2658
06/07/2015,16.2694
06/13/2015,16.1713
06/14/2015,16.1749
06/19/2015,16.4056
06/20/2015,16.4092
06/21/2015,16.4129
06/27/2015,16.3102
06/28/2015,16.3138
07/04/2015,16.4010
07/05/2015,16.4046
07/11/2015,16.4668
07/12/2015,16.4704
07/18/2015,16.4213
07/19/2015,16.4249
07/25/2015,16.4551
07/26/2015,16.4587
08/01/2015,16.5447
08/02/2015,16.5483
08/08/2015,16.5699
08/09/2015,16.5736
08/15/2015,16.6754
08/16/2015,16.6790
08/18/2015,16.6856
08/21/2015,16.6780
08/22/2015,16.6816
08/23/2015,16.6852
08/29/2015,16.6998
08/30/2015,16.6998
09/05/2015,16.7325
09/06/2015,16.7361
09/12/2015,16.7486
09/13/2015,16.7522
09/17/2015,16.8013
09/19/2015,16.8782
09/20/2015,16.8819
09/25/2015,16.8794
09/26/2015,16.8830
09/27/2015,16.8867
10/02/2015,17.0843
10/03/2015,17.0879
10/04/2015,17.0915
10/10/2015,17.1643
10/11/2015,17.1680
10/17/2015,17.1602
10/18/2015,17.1639
10/22/2015,17.1705
10/24/2015,17.1681
10/25/2015,17.1718
10/31/2015,17.1331
11/01/2015,17.1368
11/07/2015,17.1173
11/08/2015,17.1210
11/11/2015,17.1036
11/12/2015,17.1073
11/14/2015,17.1478
11/15/2015,17.1514
11/22/2015,17.1031
11/25/2015,17.1097
11/28/2015,17.0639
11/29/2015,17.0676
12/05/2015,17.0589
12/06/2015,17.0626
12/12/2015,17.0601
12/13/2015,17.0638
12/19/2015,17.0529
12/20/2015,17.0566
12/23/2015,17.0537
12/24/2015,17.0574
12/25/2015,17.0612
12/26/2015,17.0649
12/27/2015,17.0687
01/02/2016,17.0670
01/03/2016,17.0708
01/06/2016,17.0822
01/09/2016,17.1044
01/10/2016,17.1082
01/16/2016,16.9814
01/17/2016,16.9852
01/23/2016,17.0534
01/24/2016,17.0572
01/26/2016,17.0175
01/30/2016,16.9753
01/31/2016,16.9791
02/06/2016,16.9604
02/07/2016,16.9641
02/13/2016,16.9559
02/14/2016,16.9597
02/19/2016,16.9012
02/20/2016,16.9049
02/21/2016,16.9087
02/27/2016,16.8064
02/28/2016,16.8102
03/05/2016,17.1003
03/06/2016,17.1040
03/07/2016,17.1077
03/12/2016,17.1298
03/13/2016,17.1335
03/15/2016,17.2342
03/19/2016,17.4470
03/20/2016,17.4508
03/24/2016,17.6062
03/25/2016,17.61
03/26/2016,17.6137
03/27/2016,17.6175
04/01/2016,17.6718
04/02/2016,17.6755
04/03/2016,17.6793
04/08/2016,17.8569
04/09/2016,17.8607
04/10/2016,17.8645
04/13/2016,17.8981
04/14/2016,17.9019
04/15/2016,17.9057
04/16/2016,17.9095
04/17/2016,17.9133
04/18/2016,17.9287
04/19/2016,17.9325
04/23/2016,17.9277
04/24/2016,17.9316
04/25/2016,17.8970
04/30/2016,17.9137
05/01/2016,17.9175
05/07/2016,17.9389
05/08/2016,17.9427
05/14/2016,17.9703
05/15/2016,17.9742
05/21/2016,17.9640
05/22/2016,17.9678
05/28/2016,17.9906
05/29/2016,17.9945
06/04/2016,18.0368
06/05/2016,18.0407
06/11/2016,18.0611
06/12/2016,18.0650
06/19/2016,18.0802
06/25/2016,18.1572
06/26/2016,18.1610
07/02/2016,18.3739
07/03/2016,18.3778
07/06/2016,18.4089
07/09/2016,18.4575
07/10/2016,18.4614
07/16/2016,18.6458
07/17/2016,18.6496
07/23/2016,18.7895
07/24/2016,18.7934
07/30/2016,19.0732
07/31/2016,19.0771
08/06/2016,19.1332
08/07/2016,19.1371
08/13/2016,19.4244
08/14/2016,19.4283
08/15/2016,19.4322
08/17/2016,19.4135
08/20/2016,19.3763
08/21/2016,19.3802
08/27/2016,19.3960
08/28/2016,19.3999
09/03/2016,19.4520
09/04/2016,19.4559
09/05/2016,19.4599
09/10/2016,19.5867
09/11/2016,19.5907
09/13/2016,19.5405
09/17/2016,19.5464
09/18/2016,19.5504
09/24/2016,19.7009
09/25/2016,19.7048
10/01/2016,19.7445
10/02/2016,19.7484
10/08/2016,19.8385
10/09/2016,19.8424
10/11/2016,19.8758
10/12/2016,19.8798
10/15/2016,19.7952
10/16/2016,19.7992
10/22/2016,19.8264
10/23/2016,19.8304
10/29/2016,19.8237
10/30/2016,19.8237
10/31/2016,19.8277
11/04/2016,19.7472
11/05/2016,19.7511
11/06/2016,19.7551
11/09/2016,19.9504
11/12/2016,19.9547
11/13/2016,19.9587
11/14/2016,19.9627
11/19/2016,20.3893
11/20/2016,20.3933
11/26/2016,20.9654
11/27/2016,20.9694
12/03/2016,20.8979
12/04/2016,20.9019
12/10/2016,20.4659
12/11/2016,20.4699
12/12/2016,20.4739
12/17/2016,20.2350
12/18/2016,20.2390
12/24/2016,20.0819
12/25/2016,20.0859
12/31/2016,20.0771
01/01/2017,20.0811
01/07/2017,20.3895
01/08/2017,20.3936
01/14/2017,20.3176
01/15/2017,20.3216
01/21/2017,20.2809
01/22/2017,20.2849
01/26/2017,20.2908
01/28/2017,20.2815
01/29/2017,20.2854
02/04/2017,20.3201
02/05/2017,20.3241
02/11/2017,19.6627
02/12/2017,19.6667
02/18/2017,19.6522
02/19/2017,19.6563
02/21/2017,19.6107
02/24/2017,19.5629
02/25/2017,19.5669
02/26/2017,19.5710
03/04/2017,19.6029
03/05/2017,19.6069
03/11/2017,19.4109
03/12/2017,19.4150
03/13/2017,19.4190
03/18/2017,19.5574
03/19/2017,19.5614
03/25/2017,19.7450
03/26/2017,19.7490
03/28/2017,19.8927
04/01/2017,19.9032
04/02/2017,19.9072
04/04/2017,19.8825
04/08/2017,19.7377
04/09/2017,19.7417
04/14/2017,19.8741
04/15/2017,19.8782
04/16/2017,19.8822
04/22/2017,19.8210
04/23/2017,19.8251
04/29/2017,19.8598
04/30/2017,19.8639
05/01/2017,19.8680
05/06/2017,19.8609
05/07/2017,19.8649
05/10/2017,19.8755
05/13/2017,19.9115
05/14/2017,19.9156
05/15/2017,20.0245
05/20/2017,20.0118
05/21/2017,20.0159
05/27/2017,20.2217
05/28/2017,20.2257
05/30/2017,20.2175
06/03/2017,20.3595
06/04/2017,20.3635
06/10/2017,20.7999
06/11/2017,20.8040
06/17/2017,20.8492
06/18/2017,20.8532
06/24/2017,20.9014
06/25/2017,20.9055
06/26/2017,20.9097
06/28/2017,20.8150
07/01/2017,20.8166
07/02/2017,20.8207
07/08/2017,20.7837
07/09/2017,20.7878
07/15/2017,20.8882
07/16/2017,20.8924
07/22/2017,20.9975
07/23/2017,21.0017
07/29/2017,20.9814
07/30/2017,20.9814
08/05/2017,21.0689
08/06/2017,21.0730
08/12/2017,20.9859
08/13/2017,20.99
08/15/2017,20.9930
08/17/2017,20.9860
08/19/2017,21.0234
08/20/2017,21.0275
08/25/2017,20.9797
08/26/2017,20.9839
08/27/2017,20.9880
08/29/2017,21.0095
09/02/2017,21.0735
09/03/2017,21.0776
09/09/2017,21.0784
09/10/2017,21.0826
09/16/2017,21.0175
09/17/2017,21.0216
09/23/2017,20.9301
09/24/2017,20.9342
09/30/2017,20.9549
10/01/2017,20.9591
10/02/2017,20.9632
10/07/2017,20.8454
10/08/2017,20.8495
10/14/2017,20.9088
10/15/2017,20.9129
10/19/2017,20.9197
10/20/2017,20.9239
10/21/2017,20.9281
10/22/2017,20.9322
10/28/2017,20.8973
10/29/2017,20.9015
11/04/2017,20.9025
11/05/2017,20.9067
11/11/2017,20.8317
11/12/2017,20.8359
11/18/2017,20.7268
11/19/2017,20.7310
11/25/2017,20.7648
11/26/2017,20.7690
12/01/2017,20.7633
12/02/2017,20.7675
12/03/2017,20.7718
12/09/2017,20.7815
12/10/2017,20.7857
12/16/2017,20.7823
12/17/2017,20.7866
12/23/2017,20.6831
12/24/2017,20.6873
12/25/2017,20.6916
12/30/2017,20.5730
12/31/2017,20.5772
01/06/2018,20.6991
01/07/2018,20.7033
01/13/2018,20.5418
01/14/2018,20.5460
01/20/2018,20.5113
01/21/2018,20.5156
01/26/2018,20.5687
01/27/2018,20.5729
01/28/2018,20.5772
02/03/2018,20.2605
02/04/2018,20.2647
02/10/2018,20.3571
02/11/2018,20.3613
02/13/2018,20.3645
02/17/2018,20.2943
02/18/2018,20.2986
02/19/2018,20.3029
02/24/2018,20.1790
02/25/2018,20.1833
03/02/2018,20.1757
03/03/2018,20.18
03/04/2018,20.1842
03/10/2018,20.2783
03/11/2018,20.2826
03/13/2018,20.2969
03/17/2018,20.4451
03/18/2018,20.4494
03/24/2018,20.5090
03/25/2018,20.5132
03/29/2018,20.8293
03/30/2018,20.8293
04/01/2018,20.8383
04/02/2018,20.8426
04/07/2018,21.2280
04/08/2018,21.2323
04/14/2018,20.8955
04/15/2018,20.8998
04/20/2018,20.5275
04/21/2018,20.5318
04/22/2018,20.5361
04/28/2018,20.4843
04/29/2018,20.4887
04/30/2018,20.4930
05/01/2018,20.4974
05/05/2018,20.5207
05/06/2018,20.5250
05/12/2018,20.5587
05/13/2018,20.5631
05/19/2018,20.3899
05/20/2018,20.3943
05/26/2018,20.4715
05/27/2018,20.4758
06/02/2018,20.4669
06/03/2018,20.4713
06/16/2018,20.4393
06/17/2018,20.4437
06/23/2018,20.5846
06/24/2018,20.5889
06/30/2018,20.4976
07/01/2018,20.5020
07/07/2018,20.5165
07/08/2018,20.5209
07/14/2018,20.6230
07/15/2018,20.6274
07/21/2018,20.6952
07/22/2018,20.6997
07/28/2018,20.6994
07/29/2018,20.7038
08/04/2018,20.7722
08/05/2018,20.7766
08/11/2018,20.8136
08/12/2018,20.8180
08/15/2018,20.7775
08/17/2018,20.7156
08/18/2018,20.72
08/19/2018,20.7243
08/22/2018,20.7829
08/25/2018,20.7271
08/26/2018,20.7315
09/01/2018,20.6440
09/02/2018,20.6484
09/08/2018,20.5501
09/09/2018,20.5546
09/13/2018,20.4932
09/15/2018,20.5395
09/16/2018,20.5439
09/20/2018,20.6199
09/22/2018,20.6485
09/23/2018,20.6530
09/29/2018,20.7280
09/30/2018,20.7324
10/02/2018,20.7862
10/06/2018,20.7499
10/07/2018,20.7543
10/13/2018,20.7987
10/14/2018,20.8032
10/20/2018,20.8982
10/21/2018,20.9027
10/27/2018,20.9961
10/28/2018,21.0006
11/03/2018,21.2734
11/04/2018,21.2779
11/07/2018,21.2845
11/08/2018,21.2890
11/10/2018,21.3432
11/11/2018,21.3477
11/17/2018,21.3935
11/18/2018,21.3980
11/21/2018,21.4538
11/23/2018,21.5365
11/24/2018,21.5411
11/25/2018,21.5457
12/01/2018,21.7935
12/02/2018,21.7981
12/08/2018,22.0385
12/15/2018,22.1142
12/16/2018,22.1187
12/22/2018,22.3220
12/23/2018,22.3266
12/25/2018,22.3321
12/29/2018,22.3171
12/30/2018,22.3171
01/05/2019,22.2150
01/06/2019,22.2196
01/12/2019,22.2908
01/13/2019,22.2954
01/19/2019,22.2084
01/20/2019,22.2130
01/26/2019,22.27
01/27/2019,22.2747
02/02/2019,22.2574
02/03/2019,22.2620
02/09/2019,22.3465
02/10/2019,22.3512
02/16/2019,22.2996
02/17/2019,22.3042
02/19/2019,22.3072
02/23/2019,22.3065
03/02/2019,22.2904
03/03/2019,22.2951
03/04/2019,22.2998
03/09/2019,22.3853
03/10/2019,22.39
03/16/2019,22.4534
03/17/2019,22.4581
03/21/2019,22.5248
03/23/2019,22.6045
03/24/2019,22.6092
04/01/2019,22.7293
04/06/2019,22.6828
04/07/2019,22.6874
04/13/2019,22.6336
04/14/2019,22.6383
04/17/2019,22.6572
04/19/2019,22.6299
04/20/2019,22.6346
04/21/2019,22.6394
04/27/2019,22.68
04/28/2019,22.6847
04/29/2019,22.6894
05/01/2019,22.6999
05/04/2019,22.7730
05/05/2019,22.7777
05/11/2019,22.8721
05/12/2019,22.8768
05/18/2019,22.9805
05/19/2019,22.9853
05/25/2019,23.2370
05/26/2019,23.2417
06/01/2019,23.5904
06/02/2019,23.5951
06/05/2019,23.6266
06/08/2019,23.7452
06/09/2019,23.7499
06/15/2019,23.9134
06/16/2019,23.9182
06/22/2019,24.1824
06/23/2019,24.1871
06/29/2019,24.1813
06/30/2019,24.1861
07/06/2019,24.5138
07/07/2019,24.5185
07/13/2019,24.8519
07/14/2019,24.8567
07/20/2019,24.9348
07/21/2019,24.9396
07/27/2019,24.6941
07/28/2019,24.6990
08/03/2019,24.8842
08/04/2019,24.8890
08/10/2019,24.8275
08/11/2019,24.8322
08/12/2019,24.8370
08/15/2019,24.6372
08/17/2019,24.7785
08/18/2019,24.7834
08/24/2019,24.7928
08/25/2019,24.7976
08/31/2019,24.7957
09/01/2019,24.8005
09/02/2019,24.8054
09/07/2019,24.8615
09/08/2019,24.8663
09/10/2019,24.9104
09/14/2019,24.8032
09/15/2019,24.8081
09/21/2019,24.4989
09/22/2019,24.5037
09/28/2019,24.5811
09/29/2019,24.5859
10/02/2019,24.7711
10/05/2019,24.7990
10/06/2019,24.8037
10/08/2019,24.7936
10/12/2019,24.7136
10/13/2019,24.7185
10/19/2019,24.7686
10/20/2019,24.7735
10/21/2019,24.7784
10/26/2019,24.8203
10/27/2019,24.8252
10/28/2019,24.8301
11/02/2019,24.8879
11/03/2019,24.8928
11/09/2019,24.8060
11/10/2019,24.8108
11/12/2019,24.7931
11/16/2019,24.8576
11/17/2019,24.8625
11/23/2019,24.9216
11/24/2019,24.9265
11/30/2019,24.9929
12/01/2019,24.9978
12/07/2019,24.8137
12/08/2019,24.8186
12/14/2019,24.6680
12/15/2019,24.6728
12/21/2019,25.0978
12/22/2019,25.1027
12/25/2019,25.1373
12/28/2019,25.2154
12/29/2019,25.2203
01/04/2020,25.2632
01/05/2020,25.2682
01/11/2020,25.1628
01/12/2020,25.1677
01/18/2020,25.1609
01/25/2020,25.2754
01/26/2020,25.2803
02/01/2020,25.2699
02/02/2020,25.2749
02/08/2020,25.6699
02/09/2020,25.6748
02/15/2020,25.8962
02/16/2020,25.9012
02/19/2020,25.9494
02/21/2020,25.9318
02/22/2020,25.9367
02/23/2020,25.9417
02/29/2020,26.0128
03/01/2020,26.0178
03/07/2020,26.3449
03/08/2020,26.3498
03/10/2020,26.5447
03/14/2020,26.0566
03/15/2020,26.0616
04/18/2020,25.9913
04/19/2020,25.9963
04/25/2020,26.5270
04/26/2020,26.5320
05/01/2020,26.5959
05/02/2020,26.6010
05/03/2020,26.6061
05/07/2020,26.8528
05/09/2020,26.9460
05/10/2020,26.9510
05/16/2020,26.9379
05/17/2020,26.9429
05/23/2020,27.1841
05/24/2020,27.1891
05/25/2020,27.1942
05/30/2020,27.2329
05/31/2020,27.2380
06/06/2020,27.2314
06/07/2020,27.2364
06/13/2020,27.2283
06/14/2020,27.2334
06/20/2020,27.2920
06/21/2020,27.2972
06/26/2020,27.3087
06/27/2020,27.3138
06/28/2020,27.3189
07/04/2020,27.4711
07/05/2020,27.4762
07/11/2020,27.7234
07/12/2020,27.7285
07/18/2020,27.8165
07/19/2020,27.8217
07/25/2020,27.8674
07/26/2020,27.8726
08/01/2020,27.8448
08/02/2020,27.85
08/08/2020,27.7815
08/09/2020,27.7866
08/15/2020,27.7321
08/16/2020,27.7372
08/22/2020,27.44
08/23/2020,27.4452
08/29/2020,27.2876
08/30/2020,27.2876
09/05/2020,27.7908
09/06/2020,27.7959
09/12/2020,27.5867
09/13/2020,27.5919
09/19/2020,27.5914
09/20/2020,27.5965
09/26/2020,27.5456
09/27/2020,27.5508
10/02/2020,27.56
10/03/2020,27.5652
10/04/2020,27.5704
10/10/2020,27.7990
10/11/2020,27.8041
10/17/2020,27.8830
10/18/2020,27.8882
10/24/2020,27.9925
10/25/2020,27.9977
10/30/2020,28.0803
10/31/2020,28.0855
11/01/2020,28.0907
11/07/2020,28.1192
11/08/2020,28.1244
11/14/2020,28.1519
11/15/2020,28.1571
11/16/2020,28.1623
11/21/2020,28.2345
11/22/2020,28.2397
11/28/2020,28.2910
11/29/2020,28.2962
11/30/2020,28.3015
12/05/2020,28.3703
12/06/2020,28.3754
12/12/2020,28.3447
12/13/2020,28.3499
12/19/2020,28.3651
12/20/2020,28.3703
12/25/2020,28.3842
12/26/2020,28.3894
12/27/2020,28.3946
01/02/2021,28.4989
01/03/2021,28.5041
01/09/2021,28.5726
01/10/2021,28.5779
01/16/2021,28.4314
01/17/2021,28.4367
01/23/2021,28.5107
01/24/2021,28.5158
01/26/2021,28.5088
01/30/2021,28.5238
01/31/2021,28.5290
02/06/2021,28.0258
02/07/2021,28.0310
02/13/2021,28.0580
02/14/2021,28.0633
02/19/2021,27.8883
02/20/2021,27.8935
02/21/2021,27.8987
02/27/2021,27.6708
02/28/2021,27.6865
03/06/2021,27.7507
03/07/2021,27.7559
03/11/2021,27.7283
03/13/2021,27.6953
03/14/2021,27.7005
03/20/2021,27.8323
03/21/2021,27.8376
03/27/2021,28.0753
03/28/2021,28.0805
03/29/2021,28.0858
04/01/2021,28.0994
04/02/2021,28.1046
04/03/2021,28.1098
04/04/2021,28.1150
04/10/2021,28.3124
04/11/2021,28.3176
04/13/2021,28.2935
04/14/2021,28.2988
04/17/2021,28.2041
04/18/2021,28.2093
04/21/2021,28.2259
04/24/2021,28.2480
04/25/2021,28.2533
05/01/2021,28.3755
05/02/2021,28.3808
05/08/2021,28.4425
05/09/2021,28.4478
05/13/2021,28.4707
05/15/2021,28.45
05/16/2021,28.4553
05/22/2021,28.5454
05/23/2021,28.5505
05/26/2021,28.5752
05/29/2021,28.5402
05/30/2021,28.5404
06/05/2021,28.4864
06/06/2021,28.4915
06/12/2021,28.6369
06/13/2021,28.6421
06/19/2021,28.5218
06/20/2021,28.5270
06/26/2021,28.4855
06/27/2021,28.4907
07/03/2021,28.4016
07/04/2021,28.4068
07/10/2021,28.3841
07/11/2021,28.3893
07/17/2021,28.3737
07/18/2021,28.3790
07/21/2021,28.4607
07/24/2021,28.4326
07/25/2021,28.4379
07/31/2021,28.4390
08/01/2021,28.4442
08/07/2021,28.4106
08/08/2021,28.4159
