Date (MM/DD/YYYY),Net Asset Value (INR)
12/14/2009,10
12/15/2009,10
12/16/2009,10
12/17/2009,10
12/18/2009,10
12/19/2009,10
12/20/2009,10
12/21/2009,10
12/22/2009,10
12/23/2009,10
12/24/2009,10
12/25/2009,10
12/26/2009,10
12/27/2009,10
12/28/2009,10
12/29/2009,10
12/30/2009,10
12/31/2009,10
01/01/2010,10
01/02/2010,10
01/03/2010,10
01/04/2010,10
01/05/2010,10
01/06/2010,10
01/07/2010,10
01/08/2010,10
01/09/2010,10
01/10/2010,10
01/11/2010,10
01/12/2010,10
01/13/2010,10
01/14/2010,10
01/15/2010,10
01/16/2010,10
01/17/2010,10
01/18/2010,9.7507
01/19/2010,9.7507
01/20/2010,9.7507
01/21/2010,9.7507
01/22/2010,9.7517
01/23/2010,9.7527
01/24/2010,9.7537
01/25/2010,9.7547
01/26/2010,9.7556
01/27/2010,9.7565
01/28/2010,9.7573
01/29/2010,9.7582
01/30/2010,9.7590
01/31/2010,9.7598
02/01/2010,9.7606
02/02/2010,9.7614
02/03/2010,9.7622
02/04/2010,9.7633
02/05/2010,9.7644
02/06/2010,9.7655
02/07/2010,9.7666
02/08/2010,9.8118
02/09/2010,9.8129
02/10/2010,10.0195
02/11/2010,10.0206
02/12/2010,10.0217
02/13/2010,10.0228
02/14/2010,10.0239
02/15/2010,10.0250
02/16/2010,10.0255
02/17/2010,10.0267
02/18/2010,10.0280
02/19/2010,10.0293
02/20/2010,10.0306
02/21/2010,10.0318
02/22/2010,10.0331
02/23/2010,10.0343
02/24/2010,10.0355
02/25/2010,10.0367
02/26/2010,10.0379
02/27/2010,10.0391
02/28/2010,10.0403
03/01/2010,10.0415
03/02/2010,10.0431
03/03/2010,10.0444
03/04/2010,10.0458
03/05/2010,10.0471
03/06/2010,10.0484
03/07/2010,10.0497
03/08/2010,10.0510
03/09/2010,10.0523
03/10/2010,10.0536
03/11/2010,10.0549
03/12/2010,10.0563
03/13/2010,10.0576
03/14/2010,10.0588
03/15/2010,10.0601
03/16/2010,10.0614
03/17/2010,10.0627
03/18/2010,10.0640
03/19/2010,10.0652
03/20/2010,10.0665
03/21/2010,10.0678
03/22/2010,10.0691
03/23/2010,10.0703
03/24/2010,10.0716
03/25/2010,10.0729
03/26/2010,10.0741
03/27/2010,10.0754
03/28/2010,10.0766
03/29/2010,10.0779
03/30/2010,10.0792
03/31/2010,10.0801
04/01/2010,10.0815
04/02/2010,10.0828
04/03/2010,10.0841
04/04/2010,10.0855
04/05/2010,10.0868
04/06/2010,10.0881
04/07/2010,10.0894
04/08/2010,10.0907
04/09/2010,10.0919
04/10/2010,10.0932
04/11/2010,10.0945
04/12/2010,10.0958
04/13/2010,10.0971
04/14/2010,10.0985
04/15/2010,10.0998
04/16/2010,10.1011
04/17/2010,10.1024
04/18/2010,10.1038
04/19/2010,10.1051
04/20/2010,10.1064
04/21/2010,10.1077
04/22/2010,10.1090
04/23/2010,10.1103
04/24/2010,10.1116
04/25/2010,10.1129
04/26/2010,10.1142
04/27/2010,10.1156
04/28/2010,10.1169
04/29/2010,10.1183
04/30/2010,10.1196
05/01/2010,10.1209
05/02/2010,10.1222
05/03/2010,10.1235
05/04/2010,10.1248
05/05/2010,10.1261
05/06/2010,10.1273
05/07/2010,10.1286
05/08/2010,10.1299
05/09/2010,10.1312
05/10/2010,10.1325
05/11/2010,10.1338
05/12/2010,10.1352
05/13/2010,10.1366
05/14/2010,10.1380
05/15/2010,10.1393
05/16/2010,10.1407
05/17/2010,10.1421
05/18/2010,10.1434
05/19/2010,10.1447
05/20/2010,10.1461
05/21/2010,10.1474
05/22/2010,10.1487
05/23/2010,10.15
05/24/2010,10.1514
05/25/2010,10.1527
05/26/2010,10.1540
05/27/2010,10.1553
05/28/2010,10.1566
05/29/2010,10.1579
05/30/2010,10.1592
05/31/2010,10.1605
06/01/2010,10.1618
06/02/2010,10.1631
06/03/2010,10.1644
06/04/2010,10.1658
06/05/2010,10.1671
06/06/2010,10.1684
06/07/2010,10.1697
06/08/2010,10.1711
06/09/2010,10.1724
06/10/2010,10.1737
06/11/2010,10.1750
06/12/2010,10.1763
06/13/2010,10.1776
06/14/2010,10.1789
06/15/2010,10.1801
06/16/2010,10.1813
06/17/2010,10.1827
06/18/2010,10.1840
06/19/2010,10.1852
06/20/2010,10.1864
06/21/2010,10.1878
06/22/2010,10.1891
06/23/2010,10.1904
06/24/2010,10.1916
06/25/2010,10.1929
06/26/2010,10.1941
06/27/2010,10.1953
06/28/2010,10.1968
06/29/2010,10.1980
06/30/2010,10.1992
07/01/2010,10.2003
07/02/2010,10.2017
07/03/2010,10.2028
07/04/2010,10.2038
07/05/2010,10.2055
07/06/2010,10.2013
07/07/2010,10.2026
07/08/2010,10.2040
07/09/2010,10.2053
07/10/2010,10.2063
07/11/2010,10.2074
07/12/2010,10.2091
07/13/2010,10.2103
07/14/2010,10.2116
07/15/2010,10.2129
07/16/2010,10.2142
07/17/2010,10.2152
07/18/2010,10.2161
07/19/2010,10.2181
07/20/2010,10.2193
07/21/2010,10.2206
07/22/2010,10.2218
07/23/2010,10.2229
07/24/2010,10.2237
07/25/2010,10.2245
07/26/2010,10.2262
07/27/2010,10.2274
07/28/2010,10.2286
07/29/2010,10.2298
07/30/2010,10.2311
07/31/2010,10.2318
08/01/2010,10.2326
08/02/2010,10.2348
08/03/2010,10.2360
08/04/2010,10.2372
08/05/2010,10.2384
08/06/2010,10.2396
08/07/2010,10.2403
08/08/2010,10.2410
08/09/2010,10.2433
08/10/2010,10.2446
08/11/2010,10.2458
08/12/2010,10.2471
08/13/2010,10.2483
08/14/2010,10.2489
08/15/2010,10.2495
08/16/2010,10.2522
08/17/2010,10.2536
08/18/2010,10.2547
08/19/2010,10.2551
08/20/2010,10.2570
08/21/2010,10.2574
08/22/2010,10.2578
08/23/2010,10.2609
08/24/2010,10.3771
08/25/2010,10.3792
08/26/2010,10.3813
08/27/2010,10.3834
08/28/2010,10.3856
08/29/2010,10.3879
08/30/2010,10.3897
08/31/2010,10.3897
09/01/2010,10.3917
09/02/2010,10.3955
09/03/2010,10.3974
09/04/2010,10.3993
09/05/2010,10.4013
09/06/2010,10.4035
09/07/2010,10.4055
09/08/2010,10.4073
09/09/2010,10.4094
09/10/2010,10.4110
09/11/2010,10.4126
09/12/2010,10.4142
09/13/2010,10.4170
09/14/2010,10.4173
09/15/2010,10.4162
09/16/2010,10.4182
09/17/2010,10.4202
09/18/2010,10.4217
09/19/2010,10.4233
09/20/2010,10.4277
09/21/2010,10.4266
09/22/2010,10.4302
09/23/2010,10.4338
09/24/2010,10.4282
09/25/2010,10.4298
09/26/2010,10.4313
09/27/2010,10.4298
09/28/2010,10.4303
09/29/2010,10.4324
09/30/2010,10.4336
10/01/2010,10.4360
10/02/2010,10.4373
10/03/2010,10.4386
10/04/2010,10.4415
10/05/2010,10.4799
10/06/2010,10.4848
10/07/2010,10.4850
10/08/2010,10.4872
10/09/2010,10.4894
10/10/2010,10.4916
10/11/2010,10.4941
10/12/2010,10.5666
10/13/2010,10.5666
10/14/2010,10.5649
10/15/2010,10.5669
10/16/2010,10.5689
10/17/2010,10.5709
10/18/2010,10.5743
10/19/2010,10.5691
10/20/2010,10.5716
10/21/2010,10.5741
10/22/2010,10.5766
10/23/2010,10.5792
10/24/2010,10.5818
10/25/2010,10.5841
10/26/2010,10.5841
10/27/2010,10.5866
10/28/2010,10.5916
10/29/2010,10.5941
10/30/2010,10.5966
10/31/2010,10.5990
11/01/2010,10.6017
11/02/2010,10.6090
11/03/2010,10.6139
11/04/2010,10.6164
11/05/2010,10.6188
11/06/2010,10.6213
11/07/2010,10.6237
11/08/2010,10.6265
11/09/2010,10.6219
11/10/2010,10.6174
11/11/2010,10.6176
11/12/2010,10.6177
11/13/2010,10.6201
11/14/2010,10.6225
11/15/2010,10.6299
11/16/2010,10.6255
11/17/2010,10.6279
11/18/2010,10.6068
11/19/2010,10.6071
11/20/2010,10.6098
11/21/2010,10.6125
11/22/2010,10.6150
11/23/2010,10.6073
11/24/2010,10.6099
11/25/2010,10.6125
11/26/2010,10.6074
11/27/2010,10.6101
11/28/2010,10.6128
11/29/2010,10.6026
11/30/2010,10.6002
12/01/2010,10.5974
12/02/2010,10.5952
12/03/2010,10.5954
12/04/2010,10.5980
12/05/2010,10.6005
12/06/2010,10.5889
12/07/2010,10.5844
12/08/2010,10.5775
12/09/2010,10.5733
12/10/2010,10.5714
12/11/2010,10.5738
12/12/2010,10.5762
12/13/2010,10.5769
12/14/2010,10.5816
12/15/2010,10.5841
12/16/2010,10.5888
12/17/2010,10.5912
12/18/2010,10.5936
12/19/2010,10.5959
12/20/2010,10.6001
12/21/2010,10.6027
12/22/2010,10.6054
12/23/2010,10.6081
12/24/2010,10.6107
12/25/2010,10.6130
12/26/2010,10.6153
12/27/2010,10.6186
12/28/2010,10.6213
12/29/2010,10.6239
12/30/2010,10.6161
12/31/2010,10.6187
01/01/2011,10.6210
01/02/2011,10.6233
01/03/2011,10.6268
01/04/2011,10.6295
01/05/2011,10.6343
01/06/2011,10.6369
01/07/2011,10.6396
01/08/2011,10.6419
01/09/2011,10.6441
01/10/2011,10.6487
01/11/2011,10.6489
01/12/2011,10.6537
01/13/2011,10.6449
01/14/2011,10.6387
01/15/2011,10.6412
01/16/2011,10.6436
01/17/2011,10.6444
01/18/2011,10.6471
01/19/2011,10.6334
01/20/2011,10.6295
01/21/2011,10.6301
01/22/2011,10.6325
01/23/2011,10.6349
01/24/2011,10.6383
01/25/2011,10.6324
01/26/2011,10.6348
01/27/2011,10.6378
01/28/2011,10.6405
01/29/2011,10.6429
01/30/2011,10.6453
01/31/2011,10.6488
02/01/2011,10.6432
02/02/2011,10.6438
02/03/2011,10.6487
02/04/2011,10.6493
02/05/2011,10.6517
02/06/2011,10.6540
02/07/2011,10.6535
02/08/2011,10.6562
02/09/2011,10.6604
02/10/2011,10.6610
02/11/2011,10.6638
02/12/2011,10.6658
02/13/2011,10.6678
02/14/2011,10.6718
02/15/2011,10.6745
02/16/2011,10.6765
02/17/2011,10.6799
02/18/2011,10.6843
02/19/2011,10.6863
02/20/2011,10.6883
02/21/2011,10.6907
02/22/2011,10.6952
02/23/2011,10.6979
02/24/2011,10.6989
02/25/2011,10.7016
02/26/2011,10.7036
02/27/2011,10.7055
02/28/2011,10.7097
03/01/2011,10.7124
03/02/2011,10.7143
03/03/2011,10.7178
03/04/2011,10.7205
03/05/2011,10.7224
03/06/2011,10.7243
03/07/2011,10.7287
03/08/2011,10.7314
03/09/2011,10.7357
03/10/2011,10.7385
03/11/2011,10.7412
03/12/2011,10.7431
03/13/2011,10.7450
03/14/2011,10.7494
03/15/2011,10.7521
03/16/2011,10.7548
03/17/2011,10.7576
03/18/2011,10.7604
03/19/2011,10.7622
03/20/2011,10.7641
03/21/2011,10.7687
03/22/2011,10.7684
03/23/2011,10.7727
03/24/2011,10.7755
03/25/2011,10.7783
03/26/2011,10.7801
03/27/2011,10.7819
03/28/2011,10.7868
03/29/2011,10.7972
03/30/2011,10.8047
03/31/2011,10.8062
04/01/2011,10.8080
04/02/2011,10.8098
04/03/2011,10.8116
04/04/2011,10.8134
04/05/2011,10.8280
04/06/2011,10.8441
04/07/2011,10.8527
04/08/2011,10.8568
04/09/2011,10.8596
04/10/2011,10.8624
04/11/2011,10.8651
04/12/2011,10.8679
04/13/2011,10.8706
04/14/2011,10.8733
04/15/2011,10.8753
04/16/2011,10.8781
04/17/2011,10.8808
04/18/2011,10.8785
04/19/2011,10.8812
04/20/2011,10.8810
04/21/2011,10.8727
04/22/2011,10.8754
04/23/2011,10.8781
04/24/2011,10.8808
04/25/2011,10.8808
04/26/2011,10.8819
04/27/2011,10.8832
04/28/2011,10.8860
04/29/2011,10.8873
04/30/2011,10.89
05/01/2011,10.8927
05/02/2011,10.8956
05/03/2011,10.8816
05/04/2011,10.8830
05/05/2011,10.8699
05/06/2011,10.8741
05/07/2011,10.8767
05/08/2011,10.8794
05/09/2011,10.8824
05/10/2011,10.8771
05/11/2011,10.8758
05/12/2011,10.8758
05/13/2011,10.8727
05/14/2011,10.8755
05/15/2011,10.8784
05/16/2011,10.8743
05/17/2011,10.8772
05/18/2011,10.8732
05/19/2011,10.8727
05/20/2011,10.8683
05/21/2011,10.8710
05/22/2011,10.8737
05/23/2011,10.8744
05/24/2011,10.8717
05/25/2011,10.8634
05/26/2011,10.8631
05/27/2011,10.8448
05/28/2011,10.8475
05/29/2011,10.8502
05/30/2011,10.8451
05/31/2011,10.8392
06/01/2011,10.8387
06/02/2011,10.8485
06/03/2011,10.8514
06/04/2011,10.8541
06/05/2011,10.8567
06/06/2011,10.8626
06/07/2011,10.8673
06/08/2011,10.8710
06/09/2011,10.9388
06/10/2011,10.9420
06/11/2011,10.9432
06/12/2011,10.9445
06/13/2011,10.9526
06/14/2011,10.9493
06/15/2011,10.9508
06/16/2011,10.9593
06/17/2011,10.9713
06/18/2011,10.9730
06/19/2011,10.9747
06/20/2011,10.9792
06/21/2011,10.9877
06/22/2011,10.9857
06/23/2011,10.9860
06/24/2011,10.9933
06/25/2011,10.9950
06/26/2011,10.9966
06/27/2011,11.0036
06/28/2011,11.0063
06/29/2011,11.0021
06/30/2011,11.0047
07/02/2011,11.0081
07/03/2011,11.0097
07/04/2011,11.0155
07/05/2011,11.0342
07/06/2011,11.0346
07/07/2011,11.0419
07/08/2011,11.0412
07/09/2011,11.0428
07/10/2011,11.0445
07/11/2011,11.0595
07/12/2011,11.0793
07/13/2011,11.0785
07/14/2011,11.0903
07/15/2011,11.1042
07/16/2011,11.1058
07/17/2011,11.1074
07/18/2011,11.1054
07/19/2011,11.1102
07/20/2011,11.1095
07/21/2011,11.1099
07/22/2011,11.1159
07/23/2011,11.1176
07/24/2011,11.1192
07/25/2011,11.1284
07/26/2011,11.1073
07/27/2011,11.1046
07/28/2011,11.0991
07/29/2011,11.0927
07/30/2011,11.0954
07/31/2011,11.0980
08/01/2011,11.1040
08/02/2011,11.1021
08/03/2011,11.1084
08/04/2011,11.1045
08/05/2011,11.1326
08/06/2011,11.1353
08/07/2011,11.1380
08/08/2011,11.1659
08/09/2011,11.1841
08/10/2011,11.1880
08/11/2011,11.1908
08/12/2011,11.1803
08/13/2011,11.1829
08/14/2011,11.1855
08/15/2011,11.1881
08/16/2011,11.1782
08/17/2011,11.1750
08/18/2011,11.1777
08/19/2011,11.1802
08/20/2011,11.1828
08/21/2011,11.1853
08/22/2011,11.1993
08/23/2011,11.2032
08/24/2011,11.2016
08/25/2011,11.2072
08/26/2011,11.2067
08/27/2011,11.2092
08/28/2011,11.2117
08/29/2011,11.2156
08/30/2011,11.2151
08/31/2011,11.2176
09/01/2011,11.2201
09/02/2011,11.2189
09/03/2011,11.2214
09/04/2011,11.2239
09/05/2011,11.2303
09/06/2011,11.2309
09/07/2011,11.2277
09/08/2011,11.2259
09/09/2011,11.2295
09/10/2011,11.2321
09/11/2011,11.2348
09/12/2011,11.2373
09/13/2011,11.2365
09/14/2011,11.2302
09/15/2011,11.2225
09/16/2011,11.2201
09/17/2011,11.2227
09/18/2011,11.2253
09/19/2011,11.2319
09/20/2011,11.2346
09/21/2011,11.2363
09/22/2011,11.2371
09/23/2011,11.2409
09/24/2011,11.2435
09/25/2011,11.2460
09/26/2011,11.2469
09/27/2011,11.2486
09/28/2011,11.2414
09/29/2011,11.2231
09/30/2011,11.2259
10/01/2011,11.2283
10/02/2011,11.2308
10/03/2011,11.2342
10/04/2011,11.2092
10/05/2011,11.21
10/06/2011,11.2125
10/07/2011,11.1953
10/08/2011,11.1978
10/09/2011,11.2004
10/10/2011,11.1642
10/11/2011,11.1584
10/12/2011,11.1782
10/13/2011,11.1838
10/14/2011,11.1810
10/15/2011,11.1835
10/16/2011,11.1860
10/17/2011,11.1847
10/18/2011,11.1948
10/19/2011,11.2016
10/20/2011,11.2043
10/21/2011,11.2030
10/22/2011,11.2054
10/23/2011,11.2079
10/24/2011,11.2089
10/25/2011,11.2612
10/26/2011,11.2636
10/27/2011,11.2661
10/28/2011,11.2468
10/29/2011,11.2496
10/30/2011,11.2525
10/31/2011,11.2468
11/01/2011,11.2438
11/02/2011,11.2466
11/03/2011,11.2609
11/04/2011,11.2610
11/05/2011,11.2638
11/06/2011,11.2665
11/07/2011,11.2693
11/08/2011,11.2723
11/09/2011,11.2344
11/10/2011,11.2371
11/11/2011,11.24
11/12/2011,11.2428
11/13/2011,11.2455
11/14/2011,11.2410
11/15/2011,11.2525
11/16/2011,11.2582
11/17/2011,11.2933
11/18/2011,11.2985
11/19/2011,11.3012
11/20/2011,11.3039
11/21/2011,11.3051
11/22/2011,11.3053
11/23/2011,11.3108
11/24/2011,11.3292
11/25/2011,11.3318
11/26/2011,11.3345
11/27/2011,11.3371
11/28/2011,11.3378
11/29/2011,11.3381
11/30/2011,11.3590
12/01/2011,11.3697
12/02/2011,11.3838
12/03/2011,11.3865
12/04/2011,11.3891
12/05/2011,11.4218
12/06/2011,11.4244
12/07/2011,11.4347
12/08/2011,11.4656
12/09/2011,11.4759
12/10/2011,11.4785
12/11/2011,11.4811
12/12/2011,11.4913
12/13/2011,11.5045
12/14/2011,11.5038
12/15/2011,11.5059
12/16/2011,11.5298
12/17/2011,11.5324
12/18/2011,11.5349
12/19/2011,11.5586
12/20/2011,11.5469
12/21/2011,11.5364
12/22/2011,11.5215
12/23/2011,11.5214
12/24/2011,11.5239
12/25/2011,11.5264
12/26/2011,11.5217
12/27/2011,11.5072
12/28/2011,11.5175
12/29/2011,11.51
12/30/2011,11.5133
12/31/2011,11.5158
01/01/2012,11.5183
01/02/2012,11.5511
01/03/2012,11.5643
01/04/2012,11.5646
01/05/2012,11.5734
01/06/2012,11.5868
01/07/2012,11.5893
01/08/2012,11.5918
01/09/2012,11.6173
01/10/2012,11.6110
01/11/2012,11.6008
01/12/2012,11.60
01/13/2012,11.6016
01/14/2012,11.6040
01/15/2012,11.6065
01/16/2012,11.6099
01/17/2012,11.6132
01/18/2012,11.6246
01/19/2012,11.6342
01/20/2012,11.6446
01/21/2012,11.6470
01/22/2012,11.6494
01/23/2012,11.6495
01/24/2012,11.6319
01/25/2012,11.6327
01/26/2012,11.6351
01/27/2012,11.6377
01/28/2012,11.6401
01/29/2012,11.6425
01/30/2012,11.6490
01/31/2012,11.6526
02/01/2012,11.6809
02/02/2012,11.6841
02/03/2012,11.6874
02/04/2012,11.6897
02/05/2012,11.6921
02/06/2012,11.6971
02/07/2012,11.6972
02/08/2012,11.7002
02/09/2012,11.7022
02/10/2012,11.7041
02/11/2012,11.7065
02/12/2012,11.7088
02/13/2012,11.7121
02/14/2012,11.7155
02/15/2012,11.7749
02/16/2012,11.7772
02/17/2012,11.8207
02/18/2012,11.8218
02/19/2012,11.8229
02/20/2012,11.8240
02/21/2012,11.8273
02/22/2012,11.8306
02/23/2012,11.8332
02/24/2012,11.8351
02/25/2012,11.8375
02/26/2012,11.8399
02/27/2012,11.8438
02/28/2012,11.8437
02/29/2012,11.8647
03/01/2012,11.7735
03/02/2012,11.7740
03/03/2012,11.7768
03/04/2012,11.7797
03/05/2012,11.8617
03/06/2012,11.8633
03/07/2012,11.8461
03/08/2012,11.8489
03/09/2012,11.8344
03/10/2012,11.8373
03/11/2012,11.8401
03/12/2012,11.8295
03/13/2012,11.8675
03/14/2012,11.8361
03/15/2012,11.8277
03/16/2012,11.8184
03/17/2012,11.8211
03/18/2012,11.8239
03/19/2012,11.8272
03/20/2012,11.8346
03/21/2012,11.8712
03/22/2012,11.8375
03/23/2012,11.8403
03/24/2012,11.8430
03/25/2012,11.8458
03/26/2012,11.8794
03/27/2012,11.8724
03/28/2012,11.8501
03/29/2012,11.8514
03/30/2012,11.8542
03/31/2012,11.8570
04/01/2012,11.8597
04/02/2012,11.8624
04/03/2012,11.8467
04/04/2012,11.8490
04/05/2012,11.8517
04/06/2012,11.8544
04/07/2012,11.8571
04/08/2012,11.8598
04/09/2012,11.9160
04/10/2012,11.8876
04/11/2012,11.9033
04/12/2012,11.8794
04/13/2012,11.8834
04/14/2012,11.8860
04/15/2012,11.8887
04/16/2012,11.9512
04/17/2012,11.9786
04/18/2012,11.9964
04/19/2012,11.9911
04/20/2012,11.9892
04/21/2012,11.9919
04/22/2012,11.9945
04/23/2012,11.9921
04/24/2012,11.9586
04/25/2012,11.9689
04/26/2012,11.9676
04/27/2012,11.9753
04/28/2012,11.9779
04/29/2012,11.9805
04/30/2012,11.9842
05/01/2012,11.9868
05/02/2012,11.9890
05/03/2012,12.0021
05/04/2012,12.0053
05/05/2012,12.0079
05/06/2012,12.0106
05/07/2012,12.0159
05/08/2012,12.0249
05/09/2012,12.0285
05/10/2012,12.0260
05/11/2012,12.0388
05/12/2012,12.0414
05/13/2012,12.0440
05/14/2012,12.0302
05/15/2012,12.0351
05/16/2012,12.0372
05/17/2012,12.0418
05/18/2012,12.0439
05/19/2012,12.0464
05/20/2012,12.0490
05/21/2012,12.0519
05/22/2012,12.0502
05/23/2012,12.0502
05/24/2012,12.0459
05/25/2012,11.9969
05/26/2012,11.9994
05/27/2012,12.0019
05/28/2012,12.0551
05/29/2012,12.0593
05/30/2012,12.0904
05/31/2012,12.0766
06/01/2012,12.0862
06/02/2012,12.0887
06/03/2012,12.0912
06/04/2012,12.0370
06/05/2012,12.0989
06/06/2012,12.1154
06/07/2012,12.1150
06/08/2012,12.1335
06/09/2012,12.1360
06/10/2012,12.1385
06/11/2012,12.1411
06/12/2012,12.1541
06/13/2012,12.1628
06/14/2012,12.1486
06/15/2012,12.1477
06/16/2012,12.1501
06/17/2012,12.1525
06/18/2012,12.1381
06/19/2012,12.1337
06/20/2012,12.1345
06/21/2012,12.1464
06/22/2012,12.1783
06/23/2012,12.1807
06/24/2012,12.1831
06/25/2012,12.1873
06/26/2012,12.1594
06/27/2012,12.1571
06/28/2012,12.1971
06/29/2012,12.1623
06/30/2012,12.1647
07/01/2012,12.1671
07/02/2012,12.1303
07/03/2012,12.1256
07/04/2012,12.1788
07/05/2012,12.1832
07/06/2012,12.1874
07/07/2012,12.1898
07/08/2012,12.1922
07/09/2012,12.1999
07/10/2012,12.2050
07/11/2012,12.1818
07/12/2012,12.2148
07/13/2012,12.2176
07/14/2012,12.2199
07/15/2012,12.2223
07/16/2012,12.2409
07/17/2012,12.2432
07/18/2012,12.2625
07/19/2012,12.2608
07/20/2012,12.2713
07/21/2012,12.2737
07/22/2012,12.2760
07/23/2012,12.2863
07/24/2012,12.2947
07/25/2012,12.2977
07/26/2012,12.2984
07/27/2012,12.3008
07/28/2012,12.3031
07/29/2012,12.3055
07/30/2012,12.3016
07/31/2012,12.2946
08/01/2012,12.2999
08/02/2012,12.3336
08/03/2012,12.3160
08/04/2012,12.3184
08/05/2012,12.3207
08/06/2012,12.3192
08/07/2012,12.3407
08/08/2012,12.3430
08/09/2012,12.3440
08/10/2012,12.3413
08/11/2012,12.3436
08/12/2012,12.3459
08/13/2012,12.3487
08/14/2012,12.3524
08/15/2012,12.3546
08/16/2012,12.3560
08/17/2012,12.3618
08/18/2012,12.3638
08/19/2012,12.3659
08/20/2012,12.3680
08/21/2012,12.3742
08/22/2012,12.3757
08/23/2012,12.4089
08/24/2012,12.4058
08/25/2012,12.4088
08/26/2012,12.4118
08/27/2012,12.4237
08/28/2012,12.4165
08/29/2012,12.4391
08/30/2012,12.4604
08/31/2012,12.4419
09/01/2012,12.4445
09/02/2012,12.4472
09/03/2012,12.4666
09/04/2012,12.4753
09/05/2012,12.4834
09/06/2012,12.4958
09/07/2012,12.4959
09/08/2012,12.4982
09/09/2012,12.5004
09/10/2012,12.5095
09/11/2012,12.5175
09/12/2012,12.5195
09/13/2012,12.5259
09/14/2012,12.5375
09/15/2012,12.5397
09/16/2012,12.5420
09/17/2012,12.5581
09/18/2012,12.5769
09/19/2012,12.5791
09/20/2012,12.5774
09/21/2012,12.5901
09/22/2012,12.5923
09/23/2012,12.5945
09/24/2012,12.6134
09/25/2012,12.6661
09/26/2012,12.6651
09/27/2012,12.6657
09/28/2012,12.6947
09/29/2012,12.6974
09/30/2012,12.7002
10/01/2012,12.7083
10/02/2012,12.7111
10/03/2012,12.7232
10/04/2012,12.7098
10/05/2012,12.7256
10/06/2012,12.7283
10/07/2012,12.7310
10/08/2012,12.7125
10/09/2012,12.7423
10/10/2012,12.7260
10/11/2012,12.7522
10/12/2012,12.7557
10/13/2012,12.7583
10/14/2012,12.7609
10/15/2012,12.7702
10/16/2012,12.7831
10/17/2012,12.7902
10/18/2012,12.7935
10/19/2012,12.8024
10/20/2012,12.8048
10/21/2012,12.8073
10/22/2012,12.7987
10/23/2012,12.7889
10/24/2012,12.7913
10/25/2012,12.8090
10/26/2012,12.8113
10/27/2012,12.8137
10/28/2012,12.8160
10/29/2012,12.8050
10/30/2012,12.8040
10/31/2012,12.7783
11/01/2012,12.7812
11/02/2012,12.8018
11/03/2012,12.8041
11/04/2012,12.8064
11/05/2012,12.8076
11/06/2012,12.8088
11/07/2012,12.8001
11/08/2012,12.8205
11/09/2012,12.8241
11/10/2012,12.8268
11/11/2012,12.8294
11/12/2012,12.8331
11/13/2012,12.8358
11/14/2012,12.8385
11/15/2012,12.8422
11/16/2012,12.8461
11/17/2012,12.8488
11/18/2012,12.8514
11/19/2012,12.8581
11/20/2012,12.8595
11/21/2012,12.8603
11/22/2012,12.8361
11/23/2012,12.8539
11/24/2012,12.8563
11/25/2012,12.8588
11/26/2012,12.8702
11/27/2012,12.8874
11/28/2012,12.8898
11/29/2012,12.9065
11/30/2012,12.9206
12/01/2012,12.9235
12/02/2012,12.9265
12/03/2012,12.9164
12/04/2012,12.9427
12/05/2012,12.94
12/06/2012,12.9410
12/07/2012,12.9483
12/08/2012,12.9512
12/09/2012,12.9541
12/10/2012,12.9579
12/11/2012,12.9687
12/12/2012,12.9696
12/13/2012,12.9643
12/14/2012,12.9746
12/15/2012,12.9774
12/16/2012,12.9802
12/17/2012,12.9881
12/18/2012,12.9989
12/19/2012,12.9867
12/20/2012,12.9969
12/21/2012,12.9697
12/22/2012,12.9725
12/23/2012,12.9753
12/24/2012,13.0034
12/25/2012,13.0061
12/26/2012,13.0109
12/27/2012,13.0186
12/28/2012,13.0257
12/29/2012,13.0284
12/30/2012,13.0311
12/31/2012,13.0472
01/01/2013,13.0559
01/02/2013,13.0929
01/03/2013,13.1121
01/04/2013,13.1598
01/05/2013,13.1629
01/06/2013,13.1660
01/07/2013,13.1803
01/08/2013,13.1864
01/09/2013,13.1605
01/10/2013,13.2174
01/11/2013,13.2356
01/12/2013,13.2387
01/13/2013,13.2417
01/14/2013,13.2730
01/15/2013,13.2133
01/16/2013,13.1758
01/17/2013,13.1813
01/18/2013,13.2207
01/19/2013,13.2237
01/20/2013,13.2268
01/21/2013,13.2346
01/22/2013,13.2310
01/23/2013,13.1972
01/24/2013,13.2610
01/25/2013,13.2640
01/26/2013,13.2670
01/27/2013,13.27
01/28/2013,13.2406
01/29/2013,13.2450
01/30/2013,13.2724
01/31/2013,13.2402
02/01/2013,13.2259
02/02/2013,13.2288
02/03/2013,13.2318
02/04/2013,13.2244
02/05/2013,13.2274
02/06/2013,13.2352
02/07/2013,13.2734
02/08/2013,13.2782
02/09/2013,13.2811
02/10/2013,13.2841
02/11/2013,13.2843
02/12/2013,13.2661
02/13/2013,13.2915
02/14/2013,13.2881
02/15/2013,13.2858
02/16/2013,13.2887
02/17/2013,13.2916
02/18/2013,13.2451
02/19/2013,13.2479
02/20/2013,13.2961
02/21/2013,13.2943
02/22/2013,13.2614
02/23/2013,13.2642
02/24/2013,13.2671
02/25/2013,13.2668
02/26/2013,13.2988
02/27/2013,13.2847
02/28/2013,13.2829
03/01/2013,13.2894
03/02/2013,13.2923
03/03/2013,13.2951
03/04/2013,13.2927
03/05/2013,13.2680
03/06/2013,13.2806
03/07/2013,13.3183
03/08/2013,13.3277
03/09/2013,13.3307
03/10/2013,13.3337
03/11/2013,13.3360
03/12/2013,13.3340
03/13/2013,13.3363
03/14/2013,13.3787
03/15/2013,13.4031
03/16/2013,13.4060
03/17/2013,13.4090
03/18/2013,13.3933
03/19/2013,13.37
03/20/2013,13.3727
03/21/2013,13.3834
03/22/2013,13.3749
03/23/2013,13.3778
03/24/2013,13.3807
03/25/2013,13.3814
03/26/2013,13.3521
03/27/2013,13.3550
03/28/2013,13.4072
03/29/2013,13.41
03/30/2013,13.4129
03/31/2013,13.4157
04/01/2013,13.4186
04/02/2013,13.4220
04/03/2013,13.4342
04/04/2013,13.4578
04/05/2013,13.4623
04/06/2013,13.4652
04/07/2013,13.4680
04/08/2013,13.4869
04/09/2013,13.4907
04/10/2013,13.5012
04/11/2013,13.5041
04/12/2013,13.5159
04/13/2013,13.5188
04/14/2013,13.5215
04/15/2013,13.5409
04/16/2013,13.5577
04/17/2013,13.5730
04/18/2013,13.6055
04/19/2013,13.6083
04/20/2013,13.6110
04/21/2013,13.6138
04/22/2013,13.5924
04/23/2013,13.6053
04/24/2013,13.6081
04/25/2013,13.5973
04/26/2013,13.6179
04/27/2013,13.6210
04/28/2013,13.6241
04/29/2013,13.6592
04/30/2013,13.7030
05/01/2013,13.7062
05/02/2013,13.7240
05/03/2013,13.6856
05/04/2013,13.6888
05/05/2013,13.6918
05/06/2013,13.7377
05/07/2013,13.7517
05/08/2013,13.80
05/09/2013,13.8329
05/10/2013,13.8474
05/11/2013,13.8504
05/12/2013,13.8532
05/13/2013,13.8692
05/14/2013,13.9798
05/15/2013,14.0385
05/16/2013,14.0429
05/17/2013,14.0352
05/18/2013,14.0381
05/19/2013,14.0410
05/20/2013,14.0487
05/21/2013,14.0348
05/22/2013,14.0575
05/23/2013,14.0333
05/24/2013,14.0656
05/25/2013,14.0686
05/26/2013,14.0714
05/27/2013,14.0664
05/28/2013,14.0653
05/29/2013,14.0140
05/30/2013,14.0427
05/31/2013,13.9987
06/01/2013,14.0016
06/02/2013,14.0044
06/03/2013,14.0282
06/04/2013,14.0348
06/05/2013,14.0464
06/06/2013,14.0398
06/07/2013,13.9914
06/08/2013,13.9946
06/09/2013,13.9978
06/10/2013,13.9944
06/11/2013,13.9461
06/12/2013,13.9224
06/13/2013,13.9198
06/14/2013,13.9410
06/15/2013,13.9442
06/16/2013,13.9473
06/17/2013,14.0037
06/18/2013,14.0053
06/19/2013,14.0031
06/20/2013,13.8927
06/21/2013,13.8849
06/22/2013,13.8880
06/23/2013,13.8910
06/24/2013,13.8369
06/25/2013,13.8107
06/26/2013,13.7576
06/27/2013,13.7286
06/28/2013,13.8482
06/29/2013,13.8512
06/30/2013,13.8542
07/01/2013,13.8602
07/02/2013,13.8517
07/03/2013,13.8035
07/04/2013,13.8229
07/05/2013,13.8142
07/06/2013,13.8173
07/07/2013,13.8203
07/08/2013,13.7550
07/09/2013,13.7639
07/10/2013,13.7580
07/11/2013,13.7825
07/12/2013,13.7774
07/13/2013,13.7805
07/14/2013,13.7835
07/15/2013,13.7528
07/16/2013,13.3132
07/17/2013,13.2935
07/18/2013,13.4071
07/19/2013,13.5075
07/20/2013,13.5106
07/21/2013,13.5136
07/22/2013,13.4291
07/23/2013,13.3927
07/24/2013,13.2454
07/25/2013,13.3357
07/26/2013,13.4339
07/27/2013,13.4370
07/28/2013,13.4399
07/29/2013,13.4317
07/30/2013,13.3989
07/31/2013,13.3327
08/01/2013,13.3964
08/02/2013,13.3654
08/03/2013,13.3684
08/04/2013,13.3713
08/05/2013,13.4111
08/06/2013,13.3726
08/07/2013,13.4134
08/08/2013,13.4314
08/09/2013,13.4345
08/10/2013,13.4374
08/11/2013,13.4403
08/12/2013,13.3818
08/13/2013,13.3037
08/14/2013,13.2282
08/15/2013,13.2312
08/16/2013,13.1297
08/17/2013,13.1327
08/18/2013,13.1356
08/19/2013,12.9548
08/20/2013,13.0508
08/21/2013,13.3497
08/22/2013,13.3468
08/23/2013,13.3960
08/24/2013,13.3993
08/25/2013,13.4025
08/26/2013,13.4059
08/27/2013,13.2348
08/28/2013,13.1227
08/29/2013,13.1440
08/30/2013,13.2373
08/31/2013,13.2405
09/01/2013,13.2437
09/02/2013,13.3063
09/03/2013,13.3069
09/04/2013,13.3853
09/05/2013,13.4428
09/06/2013,13.4258
09/07/2013,13.4290
09/08/2013,13.4321
09/09/2013,13.4352
09/10/2013,13.4388
09/11/2013,13.4633
09/12/2013,13.4501
09/13/2013,13.4428
09/14/2013,13.4460
09/15/2013,13.4491
09/16/2013,13.4895
09/17/2013,13.5236
09/18/2013,13.5309
09/19/2013,13.6392
09/20/2013,13.5331
09/21/2013,13.5363
09/22/2013,13.5393
09/23/2013,13.4085
09/24/2013,13.40
09/25/2013,13.3913
09/26/2013,13.4343
09/27/2013,13.4445
09/28/2013,13.4477
09/29/2013,13.4506
09/30/2013,13.4824
10/01/2013,13.4778
10/02/2013,13.4809
10/03/2013,13.5084
10/04/2013,13.5572
10/05/2013,13.5603
10/06/2013,13.5634
10/07/2013,13.5922
10/08/2013,13.7015
10/09/2013,13.7115
10/10/2013,13.7078
10/11/2013,13.7067
10/12/2013,13.7098
10/13/2013,13.7128
10/14/2013,13.6777
10/15/2013,13.6552
10/16/2013,13.6584
10/17/2013,13.6609
10/18/2013,13.7034
10/19/2013,13.7065
10/20/2013,13.7095
10/21/2013,13.7096
10/22/2013,13.7090
10/23/2013,13.7045
10/24/2013,13.7089
10/25/2013,13.6993
10/26/2013,13.7026
10/27/2013,13.7058
10/28/2013,13.7040
10/29/2013,13.7270
10/30/2013,13.7707
10/31/2013,13.7352
11/01/2013,13.7185
11/02/2013,13.7218
11/03/2013,13.7250
11/04/2013,13.7282
11/05/2013,13.7117
11/06/2013,13.6789
11/07/2013,13.6640
11/08/2013,13.6413
11/09/2013,13.6446
11/10/2013,13.6478
11/11/2013,13.5967
11/12/2013,13.5793
11/13/2013,13.6202
11/14/2013,13.5768
11/15/2013,13.5801
11/16/2013,13.5833
11/17/2013,13.5865
11/18/2013,13.6127
11/19/2013,13.6440
11/20/2013,13.6388
11/21/2013,13.6352
11/22/2013,13.6555
11/23/2013,13.6587
11/24/2013,13.6619
11/25/2013,13.6851
11/26/2013,13.7124
11/27/2013,13.7346
11/28/2013,13.7558
11/29/2013,13.7549
11/30/2013,13.7581
12/01/2013,13.7613
12/02/2013,13.7752
12/03/2013,13.7773
12/04/2013,13.7768
12/05/2013,13.7925
12/06/2013,13.7862
12/07/2013,13.7899
12/08/2013,13.7935
12/09/2013,13.7483
12/10/2013,13.7561
12/11/2013,13.7702
12/12/2013,13.7793
12/13/2013,13.7306
12/14/2013,13.7339
12/15/2013,13.7371
12/16/2013,13.7746
12/17/2013,13.7703
12/18/2013,13.7839
12/19/2013,13.7901
12/20/2013,13.8004
12/21/2013,13.8037
12/22/2013,13.8068
12/23/2013,13.8223
12/24/2013,13.8098
12/25/2013,13.8132
12/26/2013,13.7980
12/27/2013,13.7987
12/28/2013,13.8021
12/29/2013,13.8053
12/30/2013,13.8131
12/31/2013,13.9205
01/01/2014,13.8327
01/02/2014,13.8655
01/03/2014,13.8734
01/04/2014,13.8767
01/05/2014,13.8799
01/06/2014,13.8910
01/07/2014,13.9142
01/08/2014,13.8881
01/09/2014,13.8833
01/10/2014,13.8971
01/11/2014,13.9004
01/12/2014,13.9036
01/13/2014,13.9163
01/14/2014,13.9195
01/15/2014,13.9641
01/16/2014,13.9763
01/17/2014,13.9979
01/18/2014,14.0011
01/19/2014,14.0042
01/20/2014,14.0097
01/21/2014,14.0526
01/22/2014,14.0239
01/23/2014,14.0196
01/24/2014,13.9960
01/25/2014,13.9991
01/26/2014,14.0022
01/27/2014,14.0027
01/28/2014,13.9732
01/29/2014,13.9482
01/30/2014,13.9428
01/31/2014,13.9290
02/01/2014,13.9321
02/02/2014,13.9352
02/03/2014,13.9368
02/04/2014,13.9547
02/05/2014,13.9854
02/06/2014,13.9762
02/07/2014,13.9818
02/08/2014,13.9849
02/09/2014,13.9880
02/10/2014,13.9775
02/11/2014,13.9667
02/12/2014,13.9613
02/13/2014,13.9367
02/14/2014,13.9370
02/15/2014,13.9401
02/16/2014,13.9432
02/17/2014,13.9480
02/18/2014,13.9510
02/19/2014,13.9543
02/20/2014,13.9606
02/21/2014,13.9638
02/22/2014,13.9670
02/23/2014,13.9702
02/24/2014,13.9666
02/25/2014,13.9538
02/26/2014,13.9474
02/27/2014,13.9507
02/28/2014,13.9770
03/01/2014,13.9803
03/02/2014,13.9835
03/03/2014,13.9606
03/04/2014,13.9689
03/05/2014,13.9793
03/06/2014,14.0053
03/07/2014,14.0038
03/08/2014,14.0070
03/09/2014,14.0102
03/10/2014,14.0150
03/11/2014,14.0304
03/12/2014,14.0433
03/13/2014,14.0539
03/14/2014,14.0444
03/15/2014,14.0476
03/16/2014,14.0507
03/17/2014,14.0538
03/18/2014,14.0565
03/19/2014,14.0793
03/20/2014,14.0772
03/21/2014,14.1167
03/22/2014,14.1199
03/23/2014,14.1230
03/24/2014,14.1470
03/25/2014,14.1728
03/26/2014,14.1618
03/27/2014,14.1735
03/28/2014,14.18
03/29/2014,14.1832
03/30/2014,14.1863
03/31/2014,14.1896
04/01/2014,14.1926
04/02/2014,14.1563
04/03/2014,14.1514
04/04/2014,14.1108
04/05/2014,14.1139
04/06/2014,14.1170
04/07/2014,14.1814
04/08/2014,14.1845
04/09/2014,14.1179
04/10/2014,14.1016
04/11/2014,14.1393
04/12/2014,14.1427
04/13/2014,14.1459
04/14/2014,14.1492
04/15/2014,14.1526
04/16/2014,14.1580
04/17/2014,14.1811
04/18/2014,14.1844
04/19/2014,14.1876
04/20/2014,14.1908
04/21/2014,14.2313
04/22/2014,14.2581
04/23/2014,14.2662
04/24/2014,14.2695
04/25/2014,14.3318
04/26/2014,14.3351
04/27/2014,14.3383
04/28/2014,14.3370
04/29/2014,14.3517
04/30/2014,14.3628
05/01/2014,14.3661
05/02/2014,14.3805
05/03/2014,14.3838
05/04/2014,14.3870
05/05/2014,14.4205
05/06/2014,14.4228
05/07/2014,14.4188
05/08/2014,14.4232
05/09/2014,14.4254
05/10/2014,14.4287
05/11/2014,14.4318
05/12/2014,14.4515
05/13/2014,14.4481
05/14/2014,14.4513
05/15/2014,14.4539
05/16/2014,14.4895
05/17/2014,14.4927
05/18/2014,14.4958
05/19/2014,14.4758
05/20/2014,14.4904
05/21/2014,14.4781
05/22/2014,14.5180
05/23/2014,14.5522
05/24/2014,14.5556
05/25/2014,14.5588
05/26/2014,14.5888
05/27/2014,14.6119
05/28/2014,14.6367
05/29/2014,14.5766
05/30/2014,14.6022
05/31/2014,14.6056
06/01/2014,14.6088
06/02/2014,14.6162
06/03/2014,14.6632
06/04/2014,14.6984
06/05/2014,14.7098
06/06/2014,14.7338
06/07/2014,14.7371
06/08/2014,14.7403
06/09/2014,14.7575
06/10/2014,14.7619
06/11/2014,14.7653
06/12/2014,14.7751
06/13/2014,14.7866
06/14/2014,14.7899
06/15/2014,14.7931
06/16/2014,14.7698
06/17/2014,14.7760
06/18/2014,14.7607
06/19/2014,14.7663
06/20/2014,14.7513
06/21/2014,14.7546
06/22/2014,14.7577
06/23/2014,14.7485
06/24/2014,14.7631
06/25/2014,14.7548
06/26/2014,14.7570
06/27/2014,14.7729
06/28/2014,14.7761
06/29/2014,14.7792
06/30/2014,14.7702
07/01/2014,14.7642
07/02/2014,14.7623
07/03/2014,14.7904
07/04/2014,14.7924
07/05/2014,14.7956
07/06/2014,14.7987
07/07/2014,14.8139
07/08/2014,14.7878
07/09/2014,14.8148
07/10/2014,14.8223
07/11/2014,14.7302
07/12/2014,14.7336
07/13/2014,14.7369
07/14/2014,14.6984
07/15/2014,14.7084
07/16/2014,14.7227
07/17/2014,14.7362
07/18/2014,14.7460
07/19/2014,14.7493
07/20/2014,14.7526
07/21/2014,14.7642
07/22/2014,14.8080
07/23/2014,14.7972
07/24/2014,14.8098
07/25/2014,14.8123
07/26/2014,14.8156
07/27/2014,14.8189
07/28/2014,14.8149
07/29/2014,14.8182
07/30/2014,14.8103
07/31/2014,14.8146
08/01/2014,14.8110
08/02/2014,14.8143
08/03/2014,14.8176
08/04/2014,14.8333
08/05/2014,14.8103
08/06/2014,14.7997
08/07/2014,14.787
08/08/2014,14.7805
08/09/2014,14.7838
08/10/2014,14.7872
08/11/2014,14.7975
08/12/2014,14.8093
08/13/2014,14.8176
08/14/2014,14.8203
08/15/2014,14.8239
08/16/2014,14.8275
08/17/2014,14.8311
08/18/2014,14.8347
08/19/2014,14.8477
08/20/2014,14.8763
08/21/2014,14.8585
08/22/2014,14.8516
08/23/2014,14.8552
08/24/2014,14.8588
08/25/2014,14.8699
08/26/2014,14.8696
08/27/2014,14.8657
08/28/2014,14.9012
08/29/2014,14.9048
08/30/2014,14.9081
08/31/2014,14.9115
09/01/2014,14.9180
09/02/2014,14.8960
09/03/2014,14.9178
09/04/2014,14.9235
09/05/2014,14.9276
09/06/2014,14.9309
09/07/2014,14.9343
09/08/2014,14.9570
09/09/2014,14.9396
09/10/2014,14.9423
09/11/2014,14.9507
09/12/2014,14.9516
09/13/2014,14.9552
09/14/2014,14.9588
09/15/2014,14.9707
09/16/2014,14.9638
09/17/2014,14.9835
09/18/2014,15.0169
09/19/2014,15.0298
09/20/2014,15.0334
09/21/2014,15.0370
09/22/2014,15.0598
09/23/2014,15.0606
09/24/2014,15.0638
09/25/2014,15.0530
09/26/2014,15.1225
09/27/2014,15.1261
09/28/2014,15.1297
09/29/2014,15.0917
09/30/2014,15.1126
10/01/2014,15.1180
10/02/2014,15.1216
10/03/2014,15.1251
10/04/2014,15.1287
10/05/2014,15.1322
10/06/2014,15.1358
10/07/2014,15.1746
10/08/2014,15.1780
10/09/2014,15.1732
10/10/2014,15.1767
10/11/2014,15.1802
10/12/2014,15.1838
10/13/2014,15.2261
10/14/2014,15.2443
10/15/2014,15.2478
10/16/2014,15.3027
10/17/2014,15.2958
10/18/2014,15.2993
10/19/2014,15.3028
10/20/2014,15.3043
10/21/2014,15.3382
10/22/2014,15.3363
10/23/2014,15.3397
10/24/2014,15.3432
10/25/2014,15.3467
10/26/2014,15.3501
10/27/2014,15.3709
10/28/2014,15.3862
10/29/2014,15.4100
10/30/2014,15.4360
10/31/2014,15.4639
11/01/2014,15.4673
11/02/2014,15.4707
11/03/2014,15.5085
11/04/2014,15.5119
11/05/2014,15.5582
11/06/2014,15.5616
11/07/2014,15.5678
11/08/2014,15.5712
11/09/2014,15.5746
11/10/2014,15.5961
11/11/2014,15.5889
11/12/2014,15.5955
11/13/2014,15.5778
11/14/2014,15.5901
11/15/2014,15.5937
11/16/2014,15.5973
11/17/2014,15.6131
11/18/2014,15.6314
11/19/2014,15.6312
11/20/2014,15.6425
11/21/2014,15.6708
11/22/2014,15.6744
11/23/2014,15.6781
11/24/2014,15.5964
11/25/2014,15.6801
11/26/2014,15.6821
11/27/2014,15.6876
11/28/2014,15.7218
11/29/2014,15.7252
11/30/2014,15.7286
12/01/2014,15.7658
12/02/2014,15.7229
12/03/2014,15.8319
12/04/2014,15.8168
12/05/2014,15.8273
12/06/2014,15.8309
12/07/2014,15.8345
12/08/2014,15.7602
12/09/2014,15.7710
12/10/2014,15.7164
12/11/2014,15.8495
12/12/2014,15.8527
12/13/2014,15.8563
12/14/2014,15.8598
12/15/2014,15.8134
12/16/2014,15.7543
12/17/2014,15.7470
12/18/2014,15.7538
12/19/2014,15.7266
12/20/2014,15.7302
12/21/2014,15.7337
12/22/2014,15.7587
12/23/2014,15.7692
12/24/2014,15.7804
12/25/2014,15.7840
12/26/2014,15.7884
12/27/2014,15.7920
12/28/2014,15.7955
12/29/2014,15.7907
12/30/2014,15.8293
12/31/2014,15.8461
01/01/2015,15.8506
01/02/2015,15.8317
01/03/2015,15.8352
01/04/2015,15.8388
01/05/2015,15.8679
01/06/2015,15.8300
01/07/2015,15.8478
01/08/2015,15.8642
01/09/2015,15.8690
01/10/2015,15.8725
01/11/2015,15.8760
01/12/2015,15.9168
01/13/2015,15.9669
01/14/2015,15.9682
01/15/2015,16.0504
01/16/2015,16.1455
01/17/2015,16.1490
01/18/2015,16.1525
01/19/2015,16.1348
01/20/2015,16.1427
01/21/2015,16.1473
01/22/2015,16.1568
01/23/2015,16.1381
01/24/2015,16.1418
01/25/2015,16.1455
01/26/2015,16.1491
01/27/2015,16.1498
01/28/2015,16.1841
01/29/2015,16.1616
01/30/2015,16.1899
01/31/2015,16.1936
02/01/2015,16.1972
02/02/2015,16.1682
02/03/2015,16.0578
02/04/2015,16.1666
02/05/2015,16.1376
02/06/2015,16.0716
02/07/2015,16.0752
02/08/2015,16.0788
02/09/2015,16.1213
02/10/2015,16.1319
02/11/2015,16.1207
02/12/2015,16.1488
02/13/2015,16.1666
02/14/2015,16.1701
02/15/2015,16.1737
02/16/2015,16.1248
02/17/2015,16.1284
02/18/2015,16.1331
02/19/2015,16.1367
02/20/2015,16.1771
02/21/2015,16.1807
02/22/2015,16.1842
02/23/2015,16.1591
02/24/2015,16.1733
02/25/2015,16.1968
02/26/2015,16.2250
02/27/2015,16.2468
02/28/2015,16.2503
03/01/2015,16.2538
03/02/2015,16.2498
03/03/2015,16.2214
03/04/2015,16.2984
03/05/2015,16.2814
03/06/2015,16.2849
03/07/2015,16.2884
03/08/2015,16.2919
03/09/2015,16.2748
03/10/2015,16.2880
03/11/2015,16.2734
03/12/2015,16.2475
03/13/2015,16.2133
03/14/2015,16.2169
03/15/2015,16.2205
03/16/2015,16.2225
03/17/2015,16.2254
03/18/2015,16.2102
03/19/2015,16.2433
03/20/2015,16.2233
03/21/2015,16.2269
03/22/2015,16.2304
03/23/2015,16.2454
03/24/2015,16.2483
03/25/2015,16.2465
03/26/2015,16.2936
03/27/2015,16.2597
03/28/2015,16.2632
03/29/2015,16.2668
03/30/2015,16.3110
03/31/2015,16.3340
04/01/2015,16.3377
04/02/2015,16.3414
04/03/2015,16.3451
04/04/2015,16.3488
04/05/2015,16.3525
04/06/2015,16.3823
04/07/2015,16.3629
04/08/2015,16.3165
04/09/2015,16.3626
04/10/2015,16.3329
04/11/2015,16.3367
04/12/2015,16.3405
04/13/2015,16.3653
04/14/2015,16.3691
04/15/2015,16.3466
04/16/2015,16.3824
04/17/2015,16.3965
04/18/2015,16.4002
04/19/2015,16.4040
04/20/2015,16.4074
04/21/2015,16.3984
04/22/2015,16.4081
04/23/2015,16.4144
04/24/2015,16.3933
04/25/2015,16.3970
04/26/2015,16.4008
04/27/2015,16.4216
04/28/2015,16.4158
04/29/2015,16.4291
04/30/2015,16.3953
05/01/2015,16.3990
05/02/2015,16.4027
05/03/2015,16.4064
05/04/2015,16.4101
05/05/2015,16.3937
05/06/2015,16.3535
05/07/2015,16.3661
05/08/2015,16.2956
05/09/2015,16.2993
05/10/2015,16.3029
05/11/2015,16.3299
05/12/2015,16.3282
05/13/2015,16.3157
05/14/2015,16.3266
05/15/2015,16.3321
05/16/2015,16.3358
05/17/2015,16.3394
05/18/2015,16.3577
05/19/2015,16.3882
05/20/2015,16.4059
05/21/2015,16.4307
05/22/2015,16.4320
05/23/2015,16.4358
05/24/2015,16.4395
05/25/2015,16.4611
05/26/2015,16.4601
05/27/2015,16.4435
05/28/2015,16.4752
05/29/2015,16.4918
05/30/2015,16.4955
05/31/2015,16.4992
06/01/2015,16.5180
06/02/2015,16.4527
06/03/2015,16.4165
06/04/2015,16.4057
06/05/2015,16.4110
06/06/2015,16.4147
06/07/2015,16.4184
06/08/2015,16.4016
06/09/2015,16.4185
06/10/2015,16.4267
06/11/2015,16.3849
06/12/2015,16.3958
06/13/2015,16.3995
06/14/2015,16.4032
06/15/2015,16.4345
06/16/2015,16.4277
06/17/2015,16.4292
06/18/2015,16.4956
06/19/2015,16.5114
06/20/2015,16.5150
06/21/2015,16.5187
06/22/2015,16.5069
06/23/2015,16.4967
06/24/2015,16.5002
06/25/2015,16.5094
06/26/2015,16.4672
06/27/2015,16.4708
06/28/2015,16.4745
06/29/2015,16.4363
06/30/2015,16.4856
07/01/2015,16.5004
07/02/2015,16.5174
07/03/2015,16.5397
07/04/2015,16.5433
07/05/2015,16.5468
07/06/2015,16.5515
07/07/2015,16.5716
07/08/2015,16.5708
07/09/2015,16.5535
07/10/2015,16.5585
07/11/2015,16.5621
07/12/2015,16.5658
07/13/2015,16.5472
07/14/2015,16.5551
07/15/2015,16.5871
07/16/2015,16.5929
07/17/2015,16.5920
07/18/2015,16.5959
07/19/2015,16.5997
07/20/2015,16.5980
07/21/2015,16.6161
07/22/2015,16.6151
07/23/2015,16.6397
07/24/2015,16.6494
07/25/2015,16.6533
07/26/2015,16.6571
07/27/2015,16.6513
07/28/2015,16.6817
07/29/2015,16.7050
07/30/2015,16.7100
07/31/2015,16.7235
08/01/2015,16.7273
08/02/2015,16.7311
08/03/2015,16.7396
08/04/2015,16.7281
08/05/2015,16.7116
08/06/2015,16.7426
08/07/2015,16.7598
08/08/2015,16.7636
08/09/2015,16.7673
08/10/2015,16.7677
08/11/2015,16.7558
08/12/2015,16.7918
08/13/2015,16.7990
08/14/2015,16.8089
08/15/2015,16.8127
08/16/2015,16.8164
08/17/2015,16.8391
08/18/2015,16.8428
08/19/2015,16.8394
08/20/2015,16.8479
08/21/2015,16.8425
08/22/2015,16.8462
08/23/2015,16.85
08/24/2015,16.8435
08/25/2015,16.8500
08/26/2015,16.8560
08/27/2015,16.8896
08/28/2015,16.8986
08/29/2015,16.9023
08/30/2015,16.9060
08/31/2015,16.8999
09/01/2015,16.9174
09/02/2015,16.9152
09/03/2015,16.8947
09/04/2015,16.8893
09/05/2015,16.8929
09/06/2015,16.8966
09/07/2015,16.8800
09/08/2015,16.8898
09/09/2015,16.8924
09/10/2015,16.8941
09/11/2015,16.8966
09/12/2015,16.9001
09/13/2015,16.9037
09/14/2015,16.9081
09/15/2015,16.9109
09/16/2015,16.8977
09/17/2015,16.9012
09/18/2015,16.9235
09/19/2015,16.9270
09/20/2015,16.9304
09/21/2015,16.9544
09/22/2015,16.9595
09/23/2015,16.9628
09/24/2015,16.9702
09/25/2015,16.9738
09/26/2015,16.9774
09/27/2015,16.9811
09/28/2015,16.9879
09/29/2015,17.0869
09/30/2015,17.1261
10/01/2015,17.1327
10/02/2015,17.1363
10/03/2015,17.1399
10/04/2015,17.1434
10/05/2015,17.1650
10/06/2015,17.1636
10/07/2015,17.1860
10/08/2015,17.1566
10/09/2015,17.2186
10/10/2015,17.2225
10/11/2015,17.2263
10/12/2015,17.1777
10/13/2015,17.2247
10/14/2015,17.2416
10/15/2015,17.2503
10/16/2015,17.2643
10/17/2015,17.2682
10/18/2015,17.2721
10/19/2015,17.2638
10/20/2015,17.2737
10/21/2015,17.2727
10/22/2015,17.2766
10/23/2015,17.2461
10/24/2015,17.25
10/25/2015,17.2539
10/26/2015,17.3064
10/27/2015,17.3025
10/28/2015,17.3022
10/29/2015,17.3041
10/30/2015,17.2991
10/31/2015,17.3030
11/01/2015,17.3069
11/02/2015,17.3098
11/03/2015,17.3090
11/04/2015,17.3000
11/05/2015,17.2894
11/06/2015,17.2815
11/07/2015,17.2853
11/08/2015,17.2892
11/09/2015,17.2612
11/10/2015,17.2804
11/11/2015,17.2843
11/12/2015,17.2882
11/13/2015,17.2985
11/14/2015,17.3024
11/15/2015,17.3063
11/16/2015,17.3102
11/17/2015,17.2861
11/18/2015,17.3079
11/19/2015,17.3206
11/20/2015,17.2974
11/21/2015,17.2974
11/22/2015,17.3051
11/23/2015,17.2899
11/24/2015,17.2809
11/25/2015,17.2847
11/26/2015,17.2879
11/27/2015,17.2897
11/28/2015,17.2936
11/29/2015,17.2974
11/30/2015,17.2965
12/01/2015,17.3029
12/02/2015,17.3211
12/03/2015,17.3421
12/04/2015,17.3162
12/05/2015,17.3201
12/06/2015,17.3239
12/07/2015,17.3208
12/08/2015,17.3139
12/09/2015,17.2656
12/10/2015,17.2885
12/11/2015,17.2791
12/12/2015,17.2830
12/13/2015,17.2870
12/14/2015,17.2870
12/15/2015,17.2632
12/16/2015,17.2925
12/17/2015,17.3047
12/18/2015,17.3109
12/19/2015,17.3148
12/20/2015,17.3187
12/21/2015,17.3053
12/22/2015,17.2960
12/23/2015,17.3066
12/24/2015,17.3105
12/25/2015,17.3144
12/26/2015,17.3183
12/27/2015,17.3222
12/28/2015,17.3258
12/29/2015,17.3254
12/30/2015,17.3115
12/31/2015,17.3360
01/01/2016,17.3496
01/02/2016,17.3535
01/03/2016,17.3574
01/04/2016,17.3745
01/05/2016,17.3539
01/06/2016,17.3927
01/07/2016,17.3938
01/08/2016,17.4086
01/09/2016,17.4124
01/10/2016,17.4163
01/11/2016,17.3956
01/12/2016,17.4031
01/13/2016,17.3884
01/14/2016,17.3918
01/15/2016,17.3770
01/16/2016,17.3810
01/17/2016,17.3849
01/18/2016,17.3799
01/19/2016,17.3697
01/20/2016,17.3799
01/21/2016,17.4012
01/22/2016,17.3880
01/23/2016,17.3919
01/24/2016,17.3957
01/25/2016,17.4191
01/26/2016,17.4230
01/27/2016,17.4119
01/28/2016,17.4158
01/29/2016,17.4039
01/30/2016,17.4079
01/31/2016,17.4118
02/01/2016,17.4234
02/02/2016,17.3984
02/03/2016,17.3622
02/04/2016,17.3386
02/05/2016,17.3606
02/06/2016,17.3645
02/07/2016,17.3684
02/08/2016,17.3769
02/09/2016,17.3646
02/10/2016,17.3666
02/11/2016,17.3580
02/12/2016,17.3539
02/13/2016,17.3578
02/14/2016,17.3616
02/15/2016,17.3596
02/16/2016,17.3529
02/17/2016,17.3339
02/18/2016,17.3395
02/19/2016,17.3435
02/20/2016,17.3475
02/21/2016,17.3515
02/22/2016,17.3238
02/23/2016,17.2716
02/24/2016,17.2743
02/25/2016,17.2545
02/26/2016,17.2706
02/27/2016,17.2746
02/28/2016,17.2786
02/29/2016,17.3269
03/01/2016,17.3588
03/02/2016,17.3793
03/03/2016,17.3624
03/04/2016,17.3955
03/05/2016,17.3994
03/06/2016,17.4033
03/07/2016,17.4072
03/08/2016,17.4376
03/09/2016,17.4417
03/10/2016,17.4649
03/11/2016,17.4548
03/12/2016,17.4588
03/13/2016,17.4628
03/14/2016,17.4731
03/15/2016,17.4718
03/16/2016,17.5229
03/17/2016,17.5572
03/18/2016,17.5910
03/19/2016,17.5950
03/20/2016,17.5989
03/21/2016,17.6769
03/22/2016,17.6809
03/23/2016,17.7012
03/24/2016,17.7051
03/25/2016,17.7091
03/26/2016,17.7130
03/27/2016,17.7169
03/28/2016,17.7033
03/29/2016,17.7098
03/30/2016,17.7131
03/31/2016,17.7408
04/01/2016,17.7448
04/02/2016,17.7488
04/03/2016,17.7527
04/04/2016,17.8024
04/05/2016,17.8771
04/06/2016,17.8822
04/07/2016,17.8963
04/08/2016,17.9002
04/09/2016,17.9041
04/10/2016,17.9080
04/11/2016,17.9289
04/12/2016,17.9578
04/13/2016,17.9543
04/14/2016,17.9583
04/15/2016,17.9623
04/16/2016,17.9663
04/17/2016,17.9703
04/18/2016,17.9625
04/19/2016,17.9665
04/20/2016,17.9517
04/21/2016,17.9405
04/22/2016,17.9386
04/23/2016,17.9426
04/24/2016,17.9465
04/25/2016,17.9416
04/26/2016,17.9639
04/27/2016,17.9723
04/28/2016,17.9538
04/29/2016,17.9567
04/30/2016,17.9606
05/01/2016,17.9645
05/02/2016,17.9640
05/03/2016,17.9856
05/04/2016,17.9840
05/05/2016,17.9874
05/06/2016,17.9911
05/07/2016,17.9951
05/08/2016,17.9990
05/09/2016,17.9965
05/10/2016,17.9918
05/11/2016,18.0145
05/12/2016,17.9979
05/13/2016,18.0123
05/14/2016,18.0163
05/15/2016,18.0203
05/16/2016,18.0043
05/17/2016,18.0133
05/18/2016,18.0168
05/19/2016,18.0079
05/20/2016,18.0093
05/21/2016,18.0132
05/22/2016,18.0172
05/23/2016,18.0236
05/24/2016,18.0231
05/25/2016,18.0244
05/26/2016,18.0267
05/27/2016,18.0479
05/28/2016,18.0520
05/29/2016,18.0560
05/30/2016,18.0449
05/31/2016,18.0509
06/01/2016,18.0560
06/02/2016,18.0342
06/03/2016,18.0343
06/04/2016,18.0384
06/05/2016,18.0424
06/06/2016,18.0486
06/07/2016,18.0541
06/08/2016,18.0730
06/09/2016,18.0683
06/10/2016,18.0689
06/11/2016,18.0730
06/12/2016,18.0770
06/13/2016,18.0779
06/14/2016,18.0750
06/15/2016,18.0499
06/16/2016,18.0650
06/17/2016,18.0627
06/18/2016,18.0627
06/19/2016,18.0707
06/20/2016,18.0646
06/21/2016,18.0897
06/22/2016,18.1014
06/23/2016,18.0886
06/24/2016,18.0937
06/25/2016,18.0977
06/26/2016,18.1017
06/27/2016,18.1105
06/28/2016,18.1253
06/29/2016,18.1336
06/30/2016,18.1608
07/01/2016,18.2008
07/02/2016,18.2048
07/03/2016,18.2089
07/04/2016,18.2047
07/05/2016,18.2444
07/06/2016,18.2485
07/07/2016,18.2794
07/08/2016,18.2875
07/09/2016,18.2916
07/10/2016,18.2956
07/11/2016,18.3118
07/12/2016,18.3480
07/13/2016,18.3588
07/14/2016,18.3948
07/15/2016,18.4075
07/16/2016,18.4115
07/17/2016,18.4155
07/18/2016,18.4177
07/19/2016,18.4291
07/20/2016,18.4599
07/21/2016,18.4838
07/22/2016,18.4975
07/23/2016,18.5016
07/24/2016,18.5056
07/25/2016,18.5108
07/26/2016,18.5178
07/27/2016,18.5289
07/28/2016,18.5962
07/29/2016,18.6319
07/30/2016,18.6360
07/31/2016,18.64
08/01/2016,18.6841
08/02/2016,18.6886
08/03/2016,18.6626
08/04/2016,18.6688
08/05/2016,18.6887
08/06/2016,18.6927
08/07/2016,18.6966
08/08/2016,18.6895
08/09/2016,18.7670
08/10/2016,18.8479
08/11/2016,18.8555
08/12/2016,18.8705
08/13/2016,18.8745
08/14/2016,18.8786
08/15/2016,18.8826
08/16/2016,18.8815
08/17/2016,18.8856
08/18/2016,18.8462
08/19/2016,18.8248
08/20/2016,18.8289
08/21/2016,18.8329
08/22/2016,18.8267
08/23/2016,18.8244
08/24/2016,18.8199
08/25/2016,18.8617
08/26/2016,18.8908
08/27/2016,18.8948
08/28/2016,18.8989
08/29/2016,18.8988
08/30/2016,18.9234
08/31/2016,18.9267
09/01/2016,18.9320
09/02/2016,18.9598
09/03/2016,18.9639
09/04/2016,18.9680
09/05/2016,18.9722
09/06/2016,18.9800
09/07/2016,19.0470
09/08/2016,19.0818
09/09/2016,19.0711
09/10/2016,19.0751
09/11/2016,19.0792
09/12/2016,19.0760
09/13/2016,19.0801
09/14/2016,19.0798
09/15/2016,19.0933
09/16/2016,19.0937
09/17/2016,19.0977
09/18/2016,19.1016
09/19/2016,19.0974
09/20/2016,19.0991
09/21/2016,19.1123
09/22/2016,19.1726
09/23/2016,19.1814
09/24/2016,19.1855
09/25/2016,19.1895
09/26/2016,19.2100
09/27/2016,19.2335
09/28/2016,19.2214
09/29/2016,19.2000
09/30/2016,19.2510
10/01/2016,19.2552
10/02/2016,19.2593
10/03/2016,19.3150
10/04/2016,19.3274
10/05/2016,19.3856
10/06/2016,19.4118
10/07/2016,19.4054
10/08/2016,19.4095
10/09/2016,19.4136
10/10/2016,19.4218
10/11/2016,19.4259
10/12/2016,19.43
10/13/2016,19.4149
10/14/2016,19.4007
10/15/2016,19.4048
10/16/2016,19.4090
10/17/2016,19.3762
10/18/2016,19.3613
10/19/2016,19.3950
10/20/2016,19.3688
10/21/2016,19.3531
10/22/2016,19.3572
10/23/2016,19.3612
10/24/2016,19.3616
10/25/2016,19.3778
10/26/2016,19.3571
10/27/2016,19.3832
10/28/2016,19.3782
10/29/2016,19.3823
10/30/2016,19.3863
10/31/2016,19.3904
11/01/2016,19.3936
11/02/2016,19.3885
11/03/2016,19.3844
11/04/2016,19.3832
11/05/2016,19.3872
11/06/2016,19.3913
11/07/2016,19.3841
11/08/2016,19.3751
11/09/2016,19.5049
11/10/2016,19.5253
11/11/2016,19.5375
11/12/2016,19.5417
11/13/2016,19.5459
11/14/2016,19.5501
11/15/2016,19.6556
11/16/2016,19.8657
11/17/2016,19.8740
11/18/2016,19.8284
11/19/2016,19.8326
11/20/2016,19.8368
11/21/2016,19.9239
11/22/2016,19.9522
11/23/2016,19.9876
11/24/2016,20.0429
11/25/2016,20.0347
11/26/2016,20.0388
11/27/2016,20.0429
11/28/2016,19.9886
11/29/2016,19.9375
11/30/2016,19.9662
12/01/2016,19.9948
12/02/2016,19.9685
12/03/2016,19.9727
12/04/2016,19.9768
12/05/2016,20.0223
12/06/2016,20.0312
12/07/2016,19.8042
12/08/2016,19.7324
12/09/2016,19.7382
12/10/2016,19.7423
12/11/2016,19.7464
12/12/2016,19.7505
12/13/2016,19.7337
12/14/2016,19.7673
12/15/2016,19.7168
12/16/2016,19.7018
12/17/2016,19.7059
12/18/2016,19.71
12/19/2016,19.7107
12/20/2016,19.7321
12/21/2016,19.7618
12/22/2016,19.7398
12/23/2016,19.7436
12/24/2016,19.7477
12/25/2016,19.7518
12/26/2016,19.7361
12/27/2016,19.6558
12/28/2016,19.5875
12/29/2016,19.6801
12/30/2016,19.7360
12/31/2016,19.7401
01/01/2017,19.7441
01/02/2017,19.8534
01/03/2017,19.8993
01/04/2017,19.9128
01/05/2017,19.9302
01/06/2017,19.9290
01/07/2017,19.9331
01/08/2017,19.9373
01/09/2017,19.9407
01/10/2017,19.9334
01/11/2017,19.9434
01/12/2017,19.9457
01/13/2017,19.9543
01/14/2017,19.9585
01/15/2017,19.9627
01/16/2017,19.9540
01/17/2017,19.9553
01/18/2017,19.9552
01/19/2017,19.9362
01/20/2017,19.9437
01/21/2017,19.9478
01/22/2017,19.9519
01/23/2017,19.9695
01/24/2017,19.9772
01/25/2017,19.9797
01/26/2017,19.9839
01/27/2017,19.9892
01/28/2017,19.9934
01/29/2017,19.9975
01/30/2017,19.9938
01/31/2017,20.0136
02/01/2017,20.0160
02/02/2017,20.0333
02/03/2017,20.0497
02/04/2017,20.0539
02/05/2017,20.0582
02/06/2017,20.0487
02/07/2017,20.0542
02/08/2017,19.8095
02/09/2017,19.7180
02/10/2017,19.7333
02/11/2017,19.7374
02/12/2017,19.7416
02/13/2017,19.7529
02/14/2017,19.7445
02/15/2017,19.7659
02/16/2017,19.7343
02/17/2017,19.7222
02/18/2017,19.7263
02/19/2017,19.7304
02/20/2017,19.7081
02/21/2017,19.7122
02/22/2017,19.6778
02/23/2017,19.6519
02/24/2017,19.6561
02/25/2017,19.6604
02/26/2017,19.6646
02/27/2017,19.7216
02/28/2017,19.7258
03/01/2017,19.6533
03/02/2017,19.6490
03/03/2017,19.6512
03/04/2017,19.6553
03/05/2017,19.6594
03/06/2017,19.6315
03/07/2017,19.6047
03/08/2017,19.5877
03/09/2017,19.5535
03/10/2017,19.5264
03/11/2017,19.5306
03/12/2017,19.5348
03/13/2017,19.5390
03/14/2017,19.5186
03/15/2017,19.5550
03/16/2017,19.6213
03/17/2017,19.6591
03/18/2017,19.6634
03/19/2017,19.6676
03/20/2017,19.6252
03/21/2017,19.6300
03/22/2017,19.7226
03/23/2017,19.7850
03/24/2017,19.7845
03/25/2017,19.7888
03/26/2017,19.7930
03/27/2017,19.8429
03/28/2017,19.8472
03/29/2017,19.8913
03/30/2017,19.9107
03/31/2017,19.9447
04/01/2017,19.9490
04/02/2017,19.9533
04/03/2017,19.9297
04/04/2017,19.9340
04/05/2017,19.9311
04/06/2017,19.8607
04/07/2017,19.8138
04/08/2017,19.8180
04/09/2017,19.8222
04/10/2017,19.8392
04/11/2017,19.8537
04/12/2017,19.8854
04/13/2017,19.9268
04/14/2017,19.9311
04/15/2017,19.9353
04/16/2017,19.9396
04/17/2017,19.9188
04/18/2017,19.9051
04/19/2017,19.9401
04/20/2017,19.9490
04/21/2017,19.9532
04/22/2017,19.9575
04/23/2017,19.9617
04/24/2017,19.9388
04/25/2017,19.9368
04/26/2017,19.9133
04/27/2017,19.9049
04/28/2017,19.9214
04/29/2017,19.9257
04/30/2017,19.9301
05/01/2017,19.9344
05/02/2017,19.9392
05/03/2017,19.9359
05/04/2017,19.9429
05/05/2017,19.9430
05/06/2017,19.9473
05/07/2017,19.9515
05/08/2017,19.9979
05/09/2017,19.9981
05/10/2017,20.0023
05/11/2017,20.0130
05/12/2017,20.0053
05/13/2017,20.0095
05/14/2017,20.0138
05/15/2017,20.0649
05/16/2017,20.0849
05/17/2017,20.0817
05/18/2017,20.0896
05/19/2017,20.0977
05/20/2017,20.1020
05/21/2017,20.1063
05/22/2017,20.1193
05/23/2017,20.1506
05/24/2017,20.1377
05/25/2017,20.1660
05/26/2017,20.1932
05/27/2017,20.1975
05/28/2017,20.2018
05/29/2017,20.1882
05/30/2017,20.1857
05/31/2017,20.2025
06/01/2017,20.2379
06/02/2017,20.2526
06/03/2017,20.2570
06/04/2017,20.2613
06/05/2017,20.2625
06/06/2017,20.2715
06/07/2017,20.3410
06/08/2017,20.4484
06/09/2017,20.4817
06/10/2017,20.4860
06/11/2017,20.4904
06/12/2017,20.4879
06/13/2017,20.5263
06/14/2017,20.5335
06/15/2017,20.5424
06/16/2017,20.5194
06/17/2017,20.5237
06/18/2017,20.5281
06/19/2017,20.5322
06/20/2017,20.5306
06/21/2017,20.5566
06/22/2017,20.5705
06/23/2017,20.5519
06/24/2017,20.5563
06/25/2017,20.5607
06/26/2017,20.5651
06/27/2017,20.5815
06/28/2017,20.5621
06/29/2017,20.5593
06/30/2017,20.5296
07/01/2017,20.5339
07/02/2017,20.5383
07/03/2017,20.4644
07/04/2017,20.5129
07/05/2017,20.5124
07/06/2017,20.5708
07/07/2017,20.5601
07/08/2017,20.5644
07/09/2017,20.5687
07/10/2017,20.5999
07/11/2017,20.6035
07/12/2017,20.6149
07/13/2017,20.6598
07/14/2017,20.6538
07/15/2017,20.6581
07/16/2017,20.6624
07/17/2017,20.6745
07/18/2017,20.6826
07/19/2017,20.7058
07/20/2017,20.7164
07/21/2017,20.7434
07/22/2017,20.7478
07/23/2017,20.7522
07/24/2017,20.8011
07/25/2017,20.7949
07/26/2017,20.7852
07/27/2017,20.8008
07/28/2017,20.8027
07/29/2017,20.8071
07/30/2017,20.8115
07/31/2017,20.8118
08/01/2017,20.8142
08/02/2017,20.8304
08/03/2017,20.8700
08/04/2017,20.8555
08/05/2017,20.8598
08/06/2017,20.8641
08/07/2017,20.8678
08/08/2017,20.8731
08/09/2017,20.8660
08/10/2017,20.8573
08/11/2017,20.8333
08/12/2017,20.8377
08/13/2017,20.8421
08/14/2017,20.8464
08/15/2017,20.8508
08/16/2017,20.8294
08/17/2017,20.8337
08/18/2017,20.8507
08/19/2017,20.8550
08/20/2017,20.8593
08/21/2017,20.8573
08/22/2017,20.8639
08/23/2017,20.8470
08/24/2017,20.8518
08/25/2017,20.8561
08/26/2017,20.8604
08/27/2017,20.8647
08/28/2017,20.8591
08/29/2017,20.8677
08/30/2017,20.8677
08/31/2017,20.8845
09/01/2017,20.9470
09/02/2017,20.9514
09/03/2017,20.9558
09/04/2017,20.9484
09/05/2017,20.9456
09/06/2017,20.9547
09/07/2017,20.9549
09/08/2017,20.9443
09/09/2017,20.9487
09/10/2017,20.9531
09/11/2017,20.9497
09/12/2017,20.9315
09/13/2017,20.9209
09/14/2017,20.9071
09/15/2017,20.9145
09/16/2017,20.9188
09/17/2017,20.9231
09/18/2017,20.9070
09/19/2017,20.9133
09/20/2017,20.9054
09/21/2017,20.8828
09/22/2017,20.8793
09/23/2017,20.8836
09/24/2017,20.8880
09/25/2017,20.8975
09/26/2017,20.9193
09/27/2017,20.9120
09/28/2017,20.9226
09/29/2017,20.9060
09/30/2017,20.9102
10/01/2017,20.9145
10/02/2017,20.9188
10/03/2017,20.9621
10/04/2017,20.9324
10/05/2017,20.9121
10/06/2017,20.9215
10/07/2017,20.9259
10/08/2017,20.9303
10/09/2017,20.9129
10/10/2017,20.9087
10/11/2017,20.9174
10/12/2017,20.9286
10/13/2017,20.9356
10/14/2017,20.94
10/15/2017,20.9444
10/16/2017,20.9450
10/17/2017,20.9533
10/18/2017,20.9579
10/19/2017,20.9623
10/20/2017,20.9667
10/21/2017,20.9710
10/22/2017,20.9754
10/23/2017,20.9412
10/24/2017,20.9413
10/25/2017,20.9372
10/26/2017,20.9420
10/27/2017,20.9382
10/28/2017,20.9427
10/29/2017,20.9472
10/30/2017,20.9370
10/31/2017,20.9349
11/01/2017,20.9497
11/02/2017,20.9567
11/03/2017,20.9608
11/04/2017,20.9653
11/05/2017,20.9698
11/06/2017,20.9676
11/07/2017,20.9359
11/08/2017,20.9167
11/09/2017,20.9246
11/10/2017,20.9194
11/11/2017,20.9238
11/12/2017,20.9283
11/13/2017,20.9401
11/14/2017,20.8815
11/15/2017,20.8941
11/16/2017,20.8653
11/17/2017,20.9088
11/18/2017,20.9133
11/19/2017,20.9177
11/20/2017,20.9885
11/21/2017,20.9983
11/22/2017,20.9423
11/23/2017,20.8686
11/24/2017,20.8791
11/25/2017,20.8835
11/26/2017,20.8879
11/27/2017,20.9007
11/28/2017,20.8834
11/29/2017,20.8994
11/30/2017,20.9008
12/01/2017,20.9053
12/02/2017,20.9098
12/03/2017,20.9144
12/04/2017,20.9116
12/05/2017,20.9287
12/06/2017,20.9345
12/07/2017,20.9380
12/08/2017,20.9519
12/09/2017,20.9564
12/10/2017,20.9609
12/11/2017,20.9096
12/12/2017,20.8821
12/13/2017,20.8745
12/14/2017,20.8937
12/15/2017,20.9031
12/16/2017,20.9077
12/17/2017,20.9122
12/18/2017,20.8859
12/19/2017,20.8975
12/20/2017,20.9018
12/21/2017,20.8532
12/22/2017,20.8878
12/23/2017,20.8923
12/24/2017,20.8968
12/25/2017,20.9014
12/26/2017,20.8816
12/27/2017,20.9082
12/28/2017,20.8508
12/29/2017,20.8661
12/30/2017,20.8706
12/31/2017,20.8751
01/01/2018,20.8872
01/02/2018,20.8831
01/03/2018,20.8698
01/04/2018,20.8757
01/05/2018,20.9207
01/06/2018,20.9251
01/07/2018,20.9296
01/08/2018,20.9659
01/09/2018,20.9632
01/10/2018,20.9164
01/11/2018,20.9015
01/12/2018,20.8981
01/13/2018,20.9026
01/14/2018,20.9070
01/15/2018,20.9304
01/16/2018,20.8458
01/17/2018,20.9166
01/18/2018,20.9020
01/19/2018,20.9220
01/20/2018,20.9264
01/21/2018,20.9309
01/22/2018,20.9156
01/23/2018,20.9381
01/24/2018,20.9409
01/25/2018,20.9289
01/26/2018,20.9334
01/27/2018,20.9379
01/28/2018,20.9425
01/29/2018,20.9395
01/30/2018,20.9024
01/31/2018,20.8984
02/01/2018,20.7826
02/02/2018,20.8021
02/03/2018,20.8066
02/04/2018,20.8111
02/05/2018,20.8224
02/06/2018,20.7932
02/07/2018,20.9007
02/08/2018,20.9165
02/09/2018,20.9223
02/10/2018,20.9268
02/11/2018,20.9313
02/12/2018,20.9207
02/13/2018,20.9252
02/14/2018,20.9263
02/15/2018,20.8395
02/16/2018,20.8884
02/17/2018,20.8929
02/18/2018,20.8975
02/19/2018,20.9021
02/20/2018,20.8280
02/21/2018,20.8291
02/22/2018,20.7505
02/23/2018,20.7805
02/24/2018,20.7851
02/25/2018,20.7897
02/26/2018,20.6915
02/27/2018,20.6436
02/28/2018,20.6505
03/01/2018,20.6337
03/02/2018,20.6383
03/03/2018,20.6429
03/04/2018,20.6474
03/05/2018,20.6505
03/06/2018,20.6370
03/07/2018,20.6790
03/08/2018,20.6962
03/09/2018,20.6869
03/10/2018,20.6914
03/11/2018,20.6959
03/12/2018,20.7779
03/13/2018,20.7709
03/14/2018,20.8029
03/15/2018,20.7713
03/16/2018,20.8167
03/17/2018,20.8213
03/18/2018,20.8258
03/19/2018,20.8098
03/20/2018,20.8505
03/21/2018,20.8527
03/22/2018,20.8285
03/23/2018,20.8704
03/24/2018,20.8749
03/25/2018,20.8794
03/26/2018,20.9248
03/27/2018,21.0884
03/28/2018,21.1770
03/29/2018,21.1817
03/30/2018,21.1863
03/31/2018,21.1849
04/01/2018,21.1895
04/02/2018,21.1942
04/03/2018,21.2507
04/04/2018,21.2636
04/05/2018,21.3806
04/06/2018,21.3563
04/07/2018,21.3608
04/08/2018,21.3654
04/09/2018,21.3542
04/10/2018,21.2256
04/11/2018,21.1315
04/12/2018,21.1373
04/13/2018,21.1249
04/14/2018,21.1297
04/15/2018,21.1343
04/16/2018,21.1342
04/17/2018,21.1283
04/18/2018,21.1078
04/19/2018,21.0297
04/20/2018,20.9366
04/21/2018,20.9413
04/22/2018,20.9460
04/23/2018,20.9039
04/24/2018,20.9258
04/25/2018,20.9004
04/26/2018,20.8803
04/27/2018,20.8667
04/28/2018,20.8714
04/29/2018,20.8761
04/30/2018,20.8809
05/01/2018,20.8856
05/02/2018,20.9073
05/03/2018,20.9210
05/04/2018,20.9376
05/05/2018,20.9423
05/06/2018,20.9470
05/07/2018,20.9881
05/08/2018,21.0018
05/09/2018,20.9370
05/10/2018,20.9723
05/11/2018,20.9056
05/12/2018,20.9103
05/13/2018,20.9150
05/14/2018,20.9103
05/15/2018,20.8052
05/16/2018,20.7834
05/17/2018,20.7568
05/18/2018,20.7903
05/19/2018,20.7950
05/20/2018,20.7997
05/21/2018,20.8156
05/22/2018,20.8495
05/23/2018,20.8213
05/24/2018,20.7945
05/25/2018,20.8339
05/26/2018,20.8385
05/27/2018,20.8432
05/28/2018,20.8845
05/29/2018,20.8877
05/30/2018,20.8967
05/31/2018,20.8438
06/01/2018,20.8194
06/02/2018,20.8241
06/03/2018,20.8288
06/04/2018,20.8194
06/05/2018,20.8243
06/06/2018,20.7612
06/07/2018,20.6689
06/08/2018,20.6751
06/11/2018,20.7459
06/12/2018,20.7469
06/13/2018,20.7042
06/14/2018,20.7470
06/15/2018,20.7785
06/16/2018,20.7832
06/17/2018,20.7879
06/18/2018,20.8185
06/19/2018,20.8707
06/20/2018,20.8483
06/21/2018,20.9315
06/22/2018,20.9323
06/23/2018,20.9370
06/24/2018,20.9418
06/25/2018,20.9391
06/26/2018,20.9471
06/27/2018,20.9367
06/28/2018,20.8963
06/29/2018,20.9692
06/30/2018,20.9739
07/01/2018,20.9786
07/02/2018,20.9307
07/03/2018,20.9410
07/04/2018,20.9886
07/05/2018,20.9794
07/06/2018,20.9679
07/07/2018,20.9727
07/08/2018,20.9775
07/09/2018,20.9820
07/10/2018,20.9958
07/11/2018,20.9913
07/12/2018,21.0246
07/13/2018,21.0187
07/14/2018,21.0234
07/15/2018,21.0282
07/16/2018,21.0247
07/17/2018,21.0729
07/18/2018,21.0913
07/19/2018,21.0916
07/20/2018,21.0838
07/21/2018,21.0885
07/22/2018,21.0933
07/23/2018,21.0985
07/24/2018,21.0836
07/25/2018,21.1003
07/26/2018,21.1086
07/27/2018,21.1358
07/28/2018,21.1406
07/29/2018,21.1453
07/30/2018,21.1407
07/31/2018,21.1482
08/01/2018,21.1987
08/02/2018,21.2141
08/03/2018,21.1886
08/04/2018,21.1935
08/05/2018,21.1983
08/06/2018,21.1967
08/07/2018,21.1946
08/08/2018,21.2035
08/09/2018,21.2122
08/10/2018,21.2302
08/11/2018,21.2350
08/12/2018,21.2398
08/13/2018,21.2116
08/14/2018,21.1948
08/15/2018,21.1996
08/16/2018,21.1815
08/17/2018,21.1863
08/18/2018,21.1911
08/19/2018,21.1959
08/20/2018,21.2140
08/21/2018,21.2331
08/22/2018,21.2379
08/23/2018,21.2368
08/24/2018,21.2233
08/25/2018,21.2281
08/26/2018,21.2329
08/27/2018,21.2249
08/28/2018,21.2301
08/29/2018,21.2439
08/30/2018,21.2183
08/31/2018,21.2270
09/01/2018,21.2317
09/02/2018,21.2364
09/03/2018,21.2136
09/04/2018,21.1474
09/05/2018,21.0940
09/06/2018,21.0859
09/07/2018,21.1092
09/08/2018,21.1139
09/09/2018,21.1187
09/10/2018,20.9919
09/11/2018,20.9563
09/12/2018,20.9896
09/13/2018,20.9944
09/14/2018,20.9929
09/15/2018,20.9977
09/16/2018,21.0025
09/17/2018,21.0128
09/18/2018,21.0512
09/19/2018,21.0395
09/20/2018,21.0442
09/21/2018,21.0451
09/22/2018,21.0499
09/23/2018,21.0547
09/24/2018,20.9714
09/25/2018,20.9864
09/26/2018,20.9834
09/27/2018,21.0534
09/28/2018,21.0853
09/29/2018,21.0901
09/30/2018,21.0948
10/01/2018,21.1185
10/02/2018,21.1232
10/03/2018,21.0871
10/04/2018,21.0043
10/05/2018,21.0955
10/06/2018,21.1003
10/07/2018,21.1050
10/08/2018,21.0936
10/09/2018,21.0989
10/10/2018,21.1011
10/11/2018,21.1238
10/12/2018,21.1216
10/13/2018,21.1264
10/14/2018,21.1311
10/15/2018,21.1633
10/16/2018,21.1921
10/17/2018,21.2070
10/19/2018,21.2196
10/20/2018,21.2244
10/21/2018,21.2291
10/22/2018,21.2357
10/23/2018,21.2402
10/24/2018,21.2681
10/25/2018,21.2536
10/26/2018,21.2560
10/27/2018,21.2608
10/28/2018,21.2655
10/29/2018,21.2993
10/30/2018,21.3186
10/31/2018,21.2832
11/01/2018,21.2253
11/02/2018,21.3414
11/03/2018,21.3461
11/04/2018,21.3508
11/05/2018,21.3536
11/06/2018,21.3586
11/07/2018,21.3633
11/08/2018,21.3680
11/09/2018,21.3804
11/10/2018,21.3851
11/11/2018,21.3898
11/12/2018,21.3884
11/13/2018,21.4242
11/14/2018,21.4115
11/15/2018,21.4454
11/16/2018,21.4280
11/17/2018,21.4328
11/18/2018,21.4376
11/19/2018,21.4552
11/20/2018,21.4599
11/21/2018,21.4647
11/22/2018,21.4870
11/23/2018,21.4918
11/24/2018,21.4966
11/25/2018,21.5014
11/26/2018,21.5129
11/27/2018,21.5300
11/28/2018,21.5372
11/29/2018,21.5972
11/30/2018,21.5986
12/01/2018,21.6034
12/02/2018,21.6082
12/03/2018,21.6181
12/04/2018,21.6360
12/05/2018,21.7200
12/06/2018,21.7209
12/07/2018,21.7230
12/08/2018,21.7279
12/10/2018,21.6586
12/11/2018,21.6444
12/12/2018,21.6820
12/13/2018,21.6993
12/14/2018,21.6986
12/15/2018,21.7035
12/16/2018,21.7084
12/17/2018,21.7001
12/18/2018,21.7295
12/19/2018,21.8299
12/20/2018,21.8675
12/21/2018,21.8728
12/22/2018,21.8777
12/23/2018,21.8826
12/24/2018,21.8799
12/25/2018,21.8848
12/26/2018,21.9084
12/27/2018,21.9377
12/28/2018,21.9335
12/29/2018,21.9384
12/30/2018,21.9433
12/31/2018,21.9543
01/01/2019,21.9342
01/02/2019,21.9479
01/03/2019,21.9390
01/04/2019,21.9391
01/05/2019,21.9441
01/06/2019,21.9490
01/07/2019,21.9524
01/08/2019,21.9568
01/09/2019,21.9913
01/10/2019,21.9970
01/11/2019,22.0289
01/12/2019,22.0339
01/13/2019,22.0389
01/14/2019,22.0644
01/15/2019,22.0834
01/16/2019,22.0444
01/17/2019,22.0554
01/18/2019,22.0339
01/19/2019,22.0388
01/20/2019,22.0437
01/21/2019,21.9692
01/22/2019,22.0439
01/23/2019,22.0422
01/24/2019,22.0361
01/25/2019,22.0711
01/26/2019,22.0760
01/27/2019,22.0809
01/28/2019,22.0748
01/29/2019,22.0775
01/30/2019,22.0707
01/31/2019,22.0846
02/01/2019,22.0252
02/02/2019,22.0301
02/03/2019,22.0350
02/04/2019,21.9917
02/05/2019,21.9819
02/06/2019,21.9997
02/07/2019,22.0972
02/08/2019,22.0978
02/09/2019,22.1027
02/10/2019,22.1076
02/11/2019,22.1178
02/12/2019,22.0729
02/13/2019,22.1435
02/14/2019,22.0941
02/15/2019,22.0793
02/16/2019,22.0842
02/17/2019,22.0891
02/18/2019,22.0801
02/19/2019,22.0849
02/20/2019,22.0927
02/21/2019,22.1045
02/22/2019,22.1055
02/23/2019,22.1104
02/25/2019,22.1081
02/26/2019,22.0849
02/27/2019,22.0716
02/28/2019,22.0915
03/01/2019,22.1113
03/02/2019,22.1163
03/03/2019,22.1213
03/04/2019,22.1263
03/05/2019,22.1307
03/06/2019,22.1690
03/07/2019,22.2115
03/08/2019,22.2512
03/09/2019,22.2562
03/10/2019,22.2611
03/11/2019,22.3310
03/12/2019,22.3639
03/13/2019,22.3555
03/14/2019,22.3974
03/15/2019,22.4057
03/16/2019,22.4107
03/17/2019,22.4156
03/18/2019,22.4265
03/19/2019,22.4051
03/20/2019,22.4312
03/21/2019,22.4361
03/22/2019,22.5081
03/23/2019,22.5130
03/24/2019,22.5180
03/25/2019,22.5841
03/26/2019,22.5387
03/27/2019,22.5560
03/28/2019,22.6170
03/29/2019,22.6317
03/30/2019,22.6516
03/31/2019,22.6566
04/01/2019,22.6613
04/02/2019,22.6546
04/03/2019,22.6101
04/04/2019,22.5375
04/05/2019,22.5503
04/06/2019,22.5553
04/07/2019,22.5603
04/08/2019,22.4938
04/09/2019,22.5237
04/10/2019,22.5078
04/11/2019,22.5155
04/12/2019,22.4811
04/13/2019,22.4861
04/14/2019,22.4911
04/15/2019,22.4935
04/16/2019,22.5051
04/17/2019,22.51
04/18/2019,22.5145
04/19/2019,22.5194
04/20/2019,22.5244
04/21/2019,22.5294
04/22/2019,22.4635
04/23/2019,22.4630
04/24/2019,22.5135
04/25/2019,22.4852
04/26/2019,22.5306
04/27/2019,22.5356
04/28/2019,22.5407
04/29/2019,22.5458
04/30/2019,22.5538
05/01/2019,22.5588
05/02/2019,22.5509
05/03/2019,22.5326
05/04/2019,22.5376
05/05/2019,22.5427
05/06/2019,22.5434
05/07/2019,22.5892
05/08/2019,22.5755
05/09/2019,22.6017
05/10/2019,22.5679
05/11/2019,22.5729
05/12/2019,22.5779
05/13/2019,22.6365
05/14/2019,22.6911
05/15/2019,22.6861
05/16/2019,22.6956
05/17/2019,22.7249
05/18/2019,22.7299
05/19/2019,22.7349
05/20/2019,22.7855
05/21/2019,22.7874
05/22/2019,22.8000
05/23/2019,22.8734
05/24/2019,22.9168
05/25/2019,22.9219
05/26/2019,22.9269
05/27/2019,23.0140
05/28/2019,23.0336
05/29/2019,23.0736
05/30/2019,23.0654
05/31/2019,23.0819
06/01/2019,23.0869
06/02/2019,23.0917
06/03/2019,23.1845
06/04/2019,23.1588
06/05/2019,23.1638
06/06/2019,23.2502
06/07/2019,23.2288
06/08/2019,23.2338
06/09/2019,23.2388
06/10/2019,23.1822
06/11/2019,23.1438
06/12/2019,23.2354
06/13/2019,23.2614
06/14/2019,23.3120
06/15/2019,23.3171
06/16/2019,23.3221
06/17/2019,23.2955
06/18/2019,23.3379
06/19/2019,23.4028
06/20/2019,23.4647
06/21/2019,23.4002
06/22/2019,23.4052
06/23/2019,23.4102
06/24/2019,23.3859
06/25/2019,23.3889
06/26/2019,23.3302
06/27/2019,23.3572
06/28/2019,23.3408
06/29/2019,23.3458
06/30/2019,23.3507
07/01/2019,23.3806
07/02/2019,23.3748
07/03/2019,23.4244
07/04/2019,23.4733
07/05/2019,23.5748
07/06/2019,23.5798
07/07/2019,23.5848
07/08/2019,23.6459
07/09/2019,23.6830
07/10/2019,23.7126
07/11/2019,23.7902
07/12/2019,23.8084
07/13/2019,23.8133
07/14/2019,23.8183
07/15/2019,23.8443
07/16/2019,23.9216
07/17/2019,23.9420
07/18/2019,23.9183
07/19/2019,23.8903
07/20/2019,23.8951
07/21/2019,23.90
07/22/2019,23.8909
07/23/2019,23.8545
07/24/2019,23.8543
07/25/2019,23.7897
07/26/2019,23.8061
07/27/2019,23.8109
07/28/2019,23.8158
07/29/2019,23.8818
07/30/2019,23.9062
07/31/2019,23.9184
08/01/2019,23.9146
08/02/2019,23.9479
08/03/2019,23.9528
08/04/2019,23.9577
08/05/2019,23.9498
08/06/2019,23.8689
08/07/2019,23.9124
08/08/2019,23.9064
08/09/2019,23.8602
08/10/2019,23.8652
08/11/2019,23.8701
08/12/2019,23.8750
08/13/2019,23.8541
08/14/2019,23.7626
08/15/2019,23.7675
08/16/2019,23.8093
08/17/2019,23.8143
08/18/2019,23.8192
08/19/2019,23.8021
08/20/2019,23.8520
08/21/2019,23.8713
08/22/2019,23.9122
08/23/2019,23.9541
08/24/2019,23.9590
08/25/2019,23.9639
08/26/2019,23.9321
08/27/2019,23.9887
08/28/2019,23.9552
08/29/2019,23.9113
08/30/2019,23.9266
08/31/2019,23.9315
09/01/2019,23.9364
09/02/2019,23.9412
09/03/2019,23.9934
09/04/2019,24.0427
09/05/2019,24.0027
09/06/2019,23.9770
09/07/2019,23.9819
09/08/2019,23.9867
09/09/2019,24.0147
09/10/2019,24.0195
09/11/2019,23.9845
09/12/2019,23.9518
09/13/2019,23.9928
09/14/2019,23.9976
09/15/2019,24.0024
09/16/2019,23.9562
09/17/2019,23.9573
09/18/2019,24.0173
09/19/2019,24.0236
09/20/2019,23.8792
09/21/2019,23.8841
09/22/2019,23.8890
09/23/2019,23.8868
09/24/2019,23.8752
09/25/2019,23.8624
09/26/2019,23.9115
09/27/2019,23.9335
09/28/2019,23.9385
09/29/2019,23.9434
09/30/2019,23.9895
10/01/2019,23.9981
10/02/2019,24.0031
10/03/2019,24.0733
10/04/2019,23.9970
10/05/2019,24.0019
10/06/2019,24.0069
10/07/2019,24.0194
10/08/2019,24.0243
10/09/2019,24.0206
10/10/2019,24.0447
10/11/2019,24.0890
10/12/2019,24.0939
10/13/2019,24.0988
10/14/2019,24.0828
10/15/2019,24.0929
10/16/2019,24.0733
10/17/2019,24.0381
10/18/2019,24.0855
10/19/2019,24.0904
10/20/2019,24.0954
10/21/2019,24.1003
10/22/2019,24.1754
10/23/2019,24.1992
10/24/2019,24.1494
10/25/2019,24.1921
10/26/2019,24.1971
10/27/2019,24.2020
10/28/2019,24.2069
10/29/2019,24.2346
10/30/2019,24.2830
10/31/2019,24.3183
11/01/2019,24.3435
11/02/2019,24.3486
11/03/2019,24.3538
11/04/2019,24.2892
11/05/2019,24.3295
11/06/2019,24.3556
11/07/2019,24.3280
11/08/2019,24.2989
11/09/2019,24.3041
11/10/2019,24.3092
11/11/2019,24.2936
11/12/2019,24.2988
11/13/2019,24.3002
11/14/2019,24.3896
11/15/2019,24.4351
11/16/2019,24.4402
11/17/2019,24.4453
11/18/2019,24.4528
11/19/2019,24.4826
11/20/2019,24.4884
11/21/2019,24.4582
11/22/2019,24.4411
11/23/2019,24.4462
11/24/2019,24.4513
11/25/2019,24.5405
11/26/2019,24.5652
11/27/2019,24.5699
11/28/2019,24.5991
11/29/2019,24.6131
11/30/2019,24.6182
12/01/2019,24.6234
12/02/2019,24.6374
12/03/2019,24.6406
12/04/2019,24.6556
12/05/2019,24.4873
12/06/2019,24.4512
12/07/2019,24.4563
12/08/2019,24.4614
12/09/2019,24.4551
12/10/2019,24.4050
12/11/2019,24.3723
12/12/2019,24.3874
12/13/2019,24.3479
12/14/2019,24.3530
12/15/2019,24.3580
12/16/2019,24.3661
12/17/2019,24.4031
12/18/2019,24.4376
12/19/2019,24.4403
12/20/2019,24.5454
12/21/2019,24.5504
12/22/2019,24.5554
12/23/2019,24.5886
12/24/2019,24.5700
12/25/2019,24.5750
12/26/2019,24.6059
12/27/2019,24.5921
12/28/2019,24.5972
12/29/2019,24.6022
12/30/2019,24.6473
12/31/2019,24.5873
01/01/2020,24.3024
01/02/2020,24.3245
01/03/2020,24.3408
01/04/2020,24.3458
01/05/2020,24.3508
01/06/2020,24.3109
01/07/2020,24.3431
01/08/2020,24.3407
01/09/2020,24.3787
01/10/2020,24.3542
01/11/2020,24.3593
01/12/2020,24.3645
01/13/2020,24.3667
01/14/2020,24.3370
01/15/2020,24.3601
01/16/2020,24.3684
01/17/2020,24.3915
01/18/2020,24.3966
01/20/2020,24.4087
01/21/2020,24.4223
01/22/2020,24.4502
01/23/2020,24.4779
01/24/2020,24.4891
01/25/2020,24.4941
01/26/2020,24.4992
01/27/2020,24.5447
01/28/2020,24.5545
01/29/2020,24.5321
01/30/2020,24.5421
01/31/2020,24.5388
02/01/2020,24.5439
02/02/2020,24.5490
02/03/2020,24.6269
02/04/2020,24.6555
02/05/2020,24.6657
02/06/2020,24.7785
02/07/2020,24.8802
02/08/2020,24.8853
02/09/2020,24.8904
02/10/2020,24.9286
02/11/2020,24.9397
02/12/2020,24.9217
02/13/2020,24.9609
02/14/2020,25.0043
02/15/2020,25.0094
02/16/2020,25.0145
02/17/2020,25.0452
02/18/2020,25.0417
02/19/2020,25.0468
02/20/2020,25.0327
02/21/2020,25.0378
02/22/2020,25.0429
02/23/2020,25.0480
02/24/2020,25.0817
02/25/2020,25.0741
02/26/2020,25.0945
02/27/2020,25.0902
02/28/2020,25.0610
02/29/2020,25.0659
03/01/2020,25.0709
03/02/2020,25.0840
03/03/2020,25.0641
03/04/2020,25.1572
03/05/2020,25.1830
03/06/2020,25.2198
03/07/2020,25.2250
03/08/2020,25.2301
03/09/2020,25.2733
03/10/2020,25.2785
03/11/2020,25.1856
03/12/2020,25.0173
03/13/2020,24.7966
03/14/2020,24.8017
03/15/2020,24.8069
03/16/2020,24.8504
03/17/2020,24.7629
03/18/2020,24.5714
03/19/2020,24.3668
03/20/2020,24.3956
03/23/2020,24.3787
03/24/2020,24.3638
03/26/2020,24.3948
03/27/2020,25.2068
03/30/2020,25.2097
03/31/2020,25.2747
04/03/2020,25.2063
04/07/2020,25.0853
04/08/2020,24.7330
04/09/2020,24.7079
04/13/2020,24.7359
04/15/2020,24.8220
04/16/2020,24.9222
04/17/2020,25.1717
04/18/2020,25.1769
04/19/2020,25.1822
04/20/2020,25.3082
04/21/2020,25.3989
04/22/2020,25.4093
04/23/2020,25.4682
04/24/2020,25.2838
04/25/2020,25.2890
04/26/2020,25.2942
04/27/2020,25.2251
04/28/2020,25.1774
04/29/2020,25.1896
04/30/2020,25.2397
05/01/2020,25.2449
05/02/2020,25.2502
05/03/2020,25.2554
05/04/2020,25.3273
05/05/2020,25.4018
05/06/2020,25.4864
05/07/2020,25.4916
05/08/2020,25.5774
05/09/2020,25.5826
05/10/2020,25.5878
05/11/2020,25.4753
05/12/2020,25.5448
05/13/2020,25.5532
05/14/2020,25.6683
05/15/2020,25.6360
05/16/2020,25.6412
05/17/2020,25.6464
05/18/2020,25.6732
05/19/2020,25.6873
05/20/2020,25.7237
05/21/2020,25.7239
05/22/2020,25.8407
05/23/2020,25.8459
05/24/2020,25.8510
05/25/2020,25.8562
05/26/2020,25.9114
05/27/2020,25.9141
05/28/2020,25.9205
05/29/2020,25.8914
05/30/2020,25.8968
05/31/2020,25.9021
06/01/2020,25.8981
06/02/2020,25.8528
06/03/2020,25.8886
06/04/2020,25.8766
06/05/2020,25.9264
06/06/2020,25.9317
06/07/2020,25.9371
06/08/2020,25.9230
06/09/2020,25.9360
06/10/2020,25.9680
06/11/2020,25.9935
06/12/2020,25.9884
06/13/2020,25.9937
06/14/2020,25.9991
06/15/2020,26.0207
06/16/2020,26.0244
06/17/2020,26.0543
06/18/2020,26.0861
06/19/2020,26.1801
06/20/2020,26.1855
06/21/2020,26.1908
06/22/2020,26.1877
06/23/2020,26.2107
06/24/2020,26.2024
06/25/2020,26.2398
06/26/2020,26.3137
06/27/2020,26.3190
06/28/2020,26.3243
06/29/2020,26.3246
06/30/2020,26.3472
07/01/2020,26.3619
07/02/2020,26.4054
07/03/2020,26.4203
07/04/2020,26.4256
07/05/2020,26.4310
07/06/2020,26.4493
07/07/2020,26.5149
07/08/2020,26.6023
07/09/2020,26.6170
07/10/2020,26.6881
07/11/2020,26.6934
07/12/2020,26.6987
07/13/2020,26.7139
07/14/2020,26.6928
07/15/2020,26.7231
07/16/2020,26.7505
07/17/2020,26.7205
07/18/2020,26.7258
07/19/2020,26.7311
07/20/2020,26.7801
07/21/2020,26.7487
07/22/2020,26.7568
07/23/2020,26.7436
07/24/2020,26.7455
07/25/2020,26.7506
07/26/2020,26.7557
07/27/2020,26.7313
07/28/2020,26.7110
07/29/2020,26.7328
07/30/2020,26.7596
07/31/2020,26.7978
08/01/2020,26.8029
08/02/2020,26.8080
08/03/2020,26.8263
08/04/2020,26.8306
08/05/2020,26.8334
08/06/2020,26.7956
08/07/2020,26.7592
08/08/2020,26.7643
08/09/2020,26.7694
08/10/2020,26.7233
08/11/2020,26.7108
08/12/2020,26.6898
08/13/2020,26.7250
08/14/2020,26.7055
08/15/2020,26.7107
08/16/2020,26.7159
08/17/2020,26.7263
08/18/2020,26.6567
08/19/2020,26.6016
08/20/2020,26.6348
08/21/2020,26.5177
08/22/2020,26.5230
08/23/2020,26.5283
08/24/2020,26.4560
08/25/2020,26.4557
08/26/2020,26.4560
08/27/2020,26.4555
08/28/2020,26.4288
08/29/2020,26.4341
08/30/2020,26.4395
08/31/2020,26.5820
09/01/2020,26.7449
09/02/2020,26.7702
09/03/2020,26.8356
09/04/2020,26.8392
09/05/2020,26.8444
09/06/2020,26.8495
09/07/2020,26.7868
09/08/2020,26.7154
09/09/2020,26.7083
09/10/2020,26.7077
09/11/2020,26.7034
09/12/2020,26.7084
09/13/2020,26.7135
09/14/2020,26.7023
09/15/2020,26.7006
09/16/2020,26.7095
09/17/2020,26.7152
09/18/2020,26.7199
09/19/2020,26.7250
09/20/2020,26.73
09/21/2020,26.7136
09/22/2020,26.7238
09/23/2020,26.7174
09/24/2020,26.6878
09/25/2020,26.6542
09/26/2020,26.6593
09/27/2020,26.6643
09/28/2020,26.6342
09/29/2020,26.6381
09/30/2020,26.6529
10/01/2020,26.6951
10/02/2020,26.7003
10/03/2020,26.7055
10/04/2020,26.7107
10/05/2020,26.6991
10/06/2020,26.6982
10/07/2020,26.7082
10/08/2020,26.7240
10/09/2020,26.9356
10/10/2020,26.9408
10/11/2020,26.9460
10/12/2020,26.9526
10/13/2020,26.9628
10/14/2020,26.9744
10/15/2020,27.0180
10/16/2020,27.0236
10/17/2020,27.0287
10/18/2020,27.0339
10/19/2020,27.0298
10/20/2020,27.0411
10/21/2020,27.0695
10/22/2020,27.1013
10/23/2020,27.1207
10/24/2020,27.1258
10/25/2020,27.1309
10/26/2020,27.2255
10/27/2020,27.1843
10/28/2020,27.1789
10/29/2020,27.1857
10/30/2020,27.1907
10/31/2020,27.1958
11/01/2020,27.2009
11/02/2020,27.2080
11/03/2020,27.1937
11/04/2020,27.1704
11/05/2020,27.2284
11/06/2020,27.2457
11/07/2020,27.2507
11/08/2020,27.2557
11/09/2020,27.2306
11/10/2020,27.2316
11/11/2020,27.2505
11/12/2020,27.2480
11/13/2020,27.2545
11/14/2020,27.2593
11/15/2020,27.2641
11/16/2020,27.2688
11/17/2020,27.2996
11/18/2020,27.2885
11/19/2020,27.3053
11/20/2020,27.3037
11/21/2020,27.3085
11/22/2020,27.3132
11/23/2020,27.3128
11/24/2020,27.3211
11/25/2020,27.3365
11/26/2020,27.3851
11/27/2020,27.3982
11/28/2020,27.4032
11/29/2020,27.4082
11/30/2020,27.4131
12/01/2020,27.3752
12/02/2020,27.3673
12/03/2020,27.3749
12/04/2020,27.3950
12/05/2020,27.40
12/06/2020,27.4049
12/07/2020,27.4050
12/08/2020,27.4028
12/09/2020,27.3898
12/10/2020,27.3918
12/11/2020,27.3800
12/12/2020,27.3849
12/13/2020,27.3898
12/14/2020,27.3966
12/15/2020,27.4008
12/16/2020,27.4181
12/17/2020,27.4376
12/18/2020,27.4397
12/19/2020,27.4446
12/20/2020,27.4495
12/21/2020,27.4028
12/22/2020,27.4214
12/23/2020,27.4387
12/24/2020,27.4567
12/25/2020,27.4616
12/26/2020,27.4665
12/27/2020,27.4714
12/28/2020,27.4919
12/29/2020,27.4953
12/30/2020,27.4944
12/31/2020,27.5141
01/01/2021,27.5241
01/02/2021,27.5291
01/03/2021,27.5342
01/04/2021,27.5409
01/05/2021,27.5726
01/06/2021,27.5927
01/07/2021,27.5991
01/08/2021,27.6118
01/09/2021,27.6168
01/10/2021,27.6218
01/11/2021,27.5670
01/12/2021,27.5410
01/13/2021,27.5433
01/14/2021,27.5076
01/15/2021,27.4962
01/16/2021,27.5013
01/17/2021,27.5064
01/18/2021,27.4883
01/19/2021,27.4663
01/20/2021,27.4612
01/21/2021,27.4899
01/22/2021,27.4762
01/23/2021,27.4815
01/24/2021,27.4869
01/25/2021,27.5085
01/26/2021,27.5138
01/27/2021,27.5273
01/28/2021,27.5371
01/29/2021,27.5486
01/30/2021,27.5539
01/31/2021,27.5591
02/01/2021,27.3655
02/02/2021,27.2671
02/03/2021,27.2688
02/04/2021,27.2930
02/05/2021,27.2495
02/06/2021,27.2547
02/07/2021,27.26
02/08/2021,27.2573
02/09/2021,27.2184
02/10/2021,27.2281
02/11/2021,27.2544
02/12/2021,27.2544
02/13/2021,27.2597
02/14/2021,27.2649
02/15/2021,27.2592
02/16/2021,27.2680
02/17/2021,27.2537
02/18/2021,27.2687
02/19/2021,27.2740
02/20/2021,27.2792
02/21/2021,27.2844
02/22/2021,27.1114
02/23/2021,27.1260
02/24/2021,27.1226
02/25/2021,27.1171
02/26/2021,27.1121
02/27/2021,27.1174
02/28/2021,27.1227
03/01/2021,27.1049
03/02/2021,27.1219
03/03/2021,27.1110
03/04/2021,27.1135
03/05/2021,27.1209
03/06/2021,27.1262
03/07/2021,27.1315
03/08/2021,27.1129
03/09/2021,27.1041
03/10/2021,27.1195
03/11/2021,27.1248
03/12/2021,27.1124
03/13/2021,27.1177
03/14/2021,27.1230
03/15/2021,27.1037
03/16/2021,27.1255
03/17/2021,27.1250
03/18/2021,27.1288
03/19/2021,27.1794
03/20/2021,27.1846
03/21/2021,27.1899
03/22/2021,27.2422
03/23/2021,27.3528
03/24/2021,27.4584
03/25/2021,27.4817
03/26/2021,27.4992
03/27/2021,27.5046
03/28/2021,27.5099
03/29/2021,27.5153
03/30/2021,27.5322
03/31/2021,27.5393
04/01/2021,27.5446
04/02/2021,27.55
04/03/2021,27.5554
04/04/2021,27.5608
04/05/2021,27.5861
04/06/2021,27.6212
04/07/2021,27.6450
04/08/2021,27.6793
04/09/2021,27.7126
04/10/2021,27.7180
04/11/2021,27.7233
04/12/2021,27.7585
04/13/2021,27.7638
04/14/2021,27.7692
04/15/2021,27.7181
04/16/2021,27.7029
04/17/2021,27.7082
04/18/2021,27.7135
04/19/2021,27.7304
04/20/2021,27.7418
04/21/2021,27.7471
04/22/2021,27.7371
04/23/2021,27.7413
04/24/2021,27.7465
04/25/2021,27.7517
04/26/2021,27.7784
04/27/2021,27.7731
04/28/2021,27.7813
04/29/2021,27.7946
04/30/2021,27.8074
05/01/2021,27.8128
05/02/2021,27.8183
05/03/2021,27.8401
05/04/2021,27.8411
05/05/2021,27.8677
05/06/2021,27.9075
05/07/2021,27.9144
05/08/2021,27.9197
05/09/2021,27.9250
05/10/2021,27.9231
05/11/2021,27.9362
05/12/2021,27.9387
05/13/2021,27.9441
05/14/2021,27.9379
05/15/2021,27.9432
05/16/2021,27.9485
05/17/2021,27.9490
05/18/2021,27.9597
05/19/2021,27.9902
05/20/2021,28.0077
05/21/2021,28.0103
05/22/2021,28.0155
05/23/2021,28.0208
05/24/2021,28.0170
05/25/2021,28.0511
05/26/2021,28.0564
05/27/2021,28.0409
05/28/2021,28.0217
05/29/2021,28.0270
05/30/2021,28.0322
05/31/2021,28.0326
06/01/2021,28.0361
06/02/2021,28.0307
06/03/2021,28.0453
06/04/2021,28.0479
06/05/2021,28.0530
06/06/2021,28.0582
06/07/2021,28.0766
06/08/2021,28.0796
06/09/2021,28.1238
06/10/2021,28.1481
06/11/2021,28.1632
06/12/2021,28.1684
06/13/2021,28.1736
06/14/2021,28.1769
06/15/2021,28.1429
06/16/2021,28.0665
06/17/2021,28.0478
06/18/2021,28.0361
06/19/2021,28.0413
06/20/2021,28.0465
06/21/2021,28.0589
06/22/2021,28.0527
06/23/2021,28.0568
06/24/2021,28.0562
06/25/2021,28.0645
06/26/2021,28.0696
06/27/2021,28.0748
06/28/2021,28.0233
06/29/2021,28.0182
06/30/2021,27.9992
07/01/2021,28.0103
07/02/2021,28.0313
07/03/2021,28.0364
07/04/2021,28.0416
07/05/2021,28.0433
07/06/2021,28.0194
07/07/2021,28.0193
07/08/2021,28.0408
07/09/2021,28.0505
07/10/2021,28.0557
07/11/2021,28.0609
07/12/2021,28.0087
07/13/2021,28.0297
07/14/2021,28.0386
07/15/2021,28.0541
07/16/2021,28.1004
07/17/2021,28.1056
07/18/2021,28.1107
07/19/2021,28.1183
07/20/2021,28.1184
07/21/2021,28.1236
07/22/2021,28.1197
07/23/2021,28.1338
07/24/2021,28.1391
07/25/2021,28.1443
07/26/2021,28.1413
07/27/2021,28.1496
07/28/2021,28.1552
07/29/2021,28.1353
07/30/2021,28.1315
07/31/2021,28.1367
08/01/2021,28.1420
08/02/2021,28.1492
08/03/2021,28.1608
08/04/2021,28.1792
08/05/2021,28.1880
08/06/2021,28.1236
08/07/2021,28.1289
08/08/2021,28.1341
08/09/2021,28.1323
08/10/2021,28.1366
08/11/2021,28.1382
08/12/2021,28.1525
08/13/2021,28.1493
08/17/2021,28.1792
08/18/2021,28.2158
08/20/2021,28.2286
08/23/2021,28.2600
08/24/2021,28.2789
08/25/2021,28.2954
08/26/2021,28.3008
08/27/2021,28.3087
08/30/2021,28.3415
08/31/2021,28.3429
09/01/2021,28.3846
09/02/2021,28.4137
09/03/2021,28.4250
09/06/2021,28.4524
09/07/2021,28.4564
09/08/2021,28.4651
09/09/2021,28.4897
09/13/2021,28.5251
09/14/2021,28.5446
09/15/2021,28.5650
09/16/2021,28.5937
09/17/2021,28.6001
09/20/2021,28.6375
09/21/2021,28.6181
09/22/2021,28.6649
09/23/2021,28.6663
09/24/2021,28.6219
09/27/2021,28.6372
09/28/2021,28.6277
09/29/2021,28.6286
09/30/2021,28.6348
10/01/2021,28.6369
10/04/2021,28.6441
10/05/2021,28.6313
10/06/2021,28.6288
10/07/2021,28.6182
10/08/2021,28.5825
10/11/2021,28.5947
10/12/2021,28.6055
10/13/2021,28.6181
10/14/2021,28.6359
10/18/2021,28.6215
10/20/2021,28.5636
10/21/2021,28.5830
10/22/2021,28.6049
10/25/2021,28.6621
10/26/2021,28.6350
10/27/2021,28.6487
10/28/2021,28.6594
10/29/2021,28.6455
11/01/2021,28.6610
11/02/2021,28.6767
11/03/2021,28.6832
11/08/2021,28.7194
11/09/2021,28.7307
11/10/2021,28.7375
11/11/2021,28.7273
11/12/2021,28.7180
11/15/2021,28.7245
11/16/2021,28.7288
11/17/2021,28.7296
11/18/2021,28.7529
11/22/2021,28.7860
11/23/2021,28.7874
11/24/2021,28.7826
11/25/2021,28.7801
11/29/2021,28.8065
11/30/2021,28.8205
12/01/2021,28.8282
12/02/2021,28.8341
12/03/2021,28.8361
12/06/2021,28.8508
12/07/2021,28.8629
12/08/2021,28.8699
12/09/2021,28.8910
12/10/2021,28.8920
12/13/2021,28.9015
12/14/2021,28.9260
12/15/2021,28.9345
12/16/2021,28.9400
12/17/2021,28.9317
12/20/2021,28.9187
12/21/2021,28.8785
12/22/2021,28.8744
12/23/2021,28.8688
12/27/2021,28.8930
12/28/2021,28.8687
12/29/2021,28.8751
12/30/2021,28.8755
12/31/2021,28.8778
01/03/2022,28.8801
01/04/2022,28.8280
01/05/2022,28.8145
01/06/2022,28.7877
01/07/2022,28.7914
01/10/2022,28.7876
01/11/2022,28.8024
01/12/2022,28.8037
01/13/2022,28.7922
01/14/2022,28.7993
01/17/2022,28.7935
01/18/2022,28.7754
01/19/2022,28.7866
01/20/2022,28.7980
01/21/2022,28.8118
01/24/2022,28.8033
01/25/2022,28.8007
01/27/2022,28.7632
01/28/2022,28.7738
01/31/2022,28.7831
02/01/2022,28.6575
02/02/2022,28.6089
02/03/2022,28.6265
02/04/2022,28.6175
02/08/2022,28.6523
02/09/2022,28.7046
02/10/2022,28.8362
02/11/2022,28.8600
02/14/2022,28.8933
02/15/2022,28.9208
02/16/2022,28.9333
02/17/2022,28.9490
02/18/2022,28.9754
02/21/2022,28.9975
02/22/2022,29.0002
02/23/2022,28.9972
02/24/2022,28.9998
02/25/2022,29.0126
02/28/2022,29.0203
03/02/2022,29.0027
03/03/2022,28.9818
03/04/2022,28.9842
03/07/2022,28.9674
03/08/2022,28.9663
03/09/2022,28.9613
03/10/2022,28.9745
03/11/2022,28.9628
03/14/2022,28.9758
03/15/2022,28.9818
03/16/2022,28.9963
03/17/2022,29.0272
03/21/2022,29.0557
03/22/2022,29.0702
03/23/2022,29.0801
03/24/2022,29.0630
03/25/2022,29.0749
03/28/2022,29.0877
03/29/2022,29.0934
03/30/2022,29.0960
03/31/2022,29.1338
04/04/2022,29.1706
04/05/2022,29.1763
04/06/2022,29.1744
04/07/2022,29.1767
04/08/2022,28.9796
04/11/2022,28.8942
04/12/2022,28.8882
04/13/2022,28.8028
04/18/2022,28.8321
04/19/2022,28.8583
04/20/2022,28.8556
04/21/2022,28.8632
04/22/2022,28.8608
04/25/2022,28.9340
04/26/2022,28.9304
04/27/2022,28.9520
04/28/2022,28.9426
04/29/2022,28.9328
05/02/2022,28.9507
05/04/2022,28.4499
05/05/2022,28.4018
05/06/2022,28.3602
05/09/2022,28.3603
05/10/2022,28.4377
05/11/2022,28.4771
05/12/2022,28.4889
05/13/2022,28.4384
05/17/2022,28.4525
05/18/2022,28.4585
05/19/2022,28.4600
05/20/2022,28.4597
05/23/2022,28.4938
05/24/2022,28.5185
05/25/2022,28.5382
05/26/2022,28.5644
05/27/2022,28.5568
05/30/2022,28.5503
05/31/2022,28.5247
06/01/2022,28.5157
06/02/2022,28.4908
06/03/2022,28.4856
06/06/2022,28.4604
06/07/2022,28.4068
06/08/2022,28.4588
06/09/2022,28.4641
06/10/2022,28.4931
06/13/2022,28.4230
06/14/2022,28.3884
06/15/2022,28.3828
06/16/2022,28.4004
06/17/2022,28.4097
06/20/2022,28.4758
06/23/2022,28.5281
06/24/2022,28.5221
06/27/2022,28.5373
06/28/2022,28.5534
06/29/2022,28.5603
06/30/2022,28.5853
07/01/2022,28.6023
07/04/2022,28.6687
07/05/2022,28.6910
07/06/2022,28.7615
07/07/2022,28.7627
07/08/2022,28.7357
07/11/2022,28.7393
07/12/2022,28.7636
07/13/2022,28.8130
07/14/2022,28.7970
07/15/2022,28.7752
07/18/2022,28.7906
07/19/2022,28.7670
07/20/2022,28.7942
07/21/2022,28.7949
07/22/2022,28.8036
07/25/2022,28.8303
07/26/2022,28.8305
07/27/2022,28.8503
07/29/2022,28.8969
08/01/2022,28.9477
08/02/2022,28.9994
08/03/2022,28.9775
08/04/2022,29.0400
08/05/2022,28.9537
08/08/2022,28.9368
08/10/2022,28.9982
08/11/2022,29.0327
08/12/2022,29.0397
08/17/2022,29.1344
08/18/2022,29.1357
08/19/2022,29.1304
08/22/2022,29.1460
08/24/2022,29.1553
08/25/2022,29.1663
08/26/2022,29.2110
08/29/2022,29.2101
08/30/2022,29.2326
09/01/2022,29.2485
09/02/2022,29.2438
09/05/2022,29.2677
09/06/2022,29.2785
09/07/2022,29.2743
09/08/2022,29.3189
09/09/2022,29.3060
09/12/2022,29.3210
09/13/2022,29.3482
09/14/2022,29.3258
09/15/2022,29.2979
09/16/2022,29.2430
09/19/2022,29.2383
09/20/2022,29.2077
09/21/2022,29.2145
09/22/2022,29.1634
09/23/2022,29.0830
09/26/2022,29.0579
09/27/2022,29.0463
09/28/2022,29.0571
09/29/2022,29.0766
09/30/2022,29.1247
10/03/2022,29.0877
10/04/2022,29.1323
10/06/2022,29.1256
10/07/2022,29.0987
10/10/2022,29.0829
10/11/2022,29.0339
10/12/2022,29.0357
10/13/2022,29.0276
10/14/2022,29.0373
10/17/2022,29.0736
10/18/2022,29.1224
10/19/2022,29.1215
10/20/2022,29.0840
10/21/2022,29.0910
10/25/2022,29.1532
10/27/2022,29.1936
10/28/2022,29.1928
10/31/2022,29.2200
11/01/2022,29.2300
11/02/2022,29.2311
11/03/2022,29.2399
11/04/2022,29.2466
11/07/2022,29.2690
11/09/2022,29.3076
11/10/2022,29.3293
11/11/2022,29.3844
11/14/2022,29.3986
11/15/2022,29.4225
11/16/2022,29.4295
11/17/2022,29.4636
11/18/2022,29.4626
11/21/2022,29.4441
11/22/2022,29.4578
11/24/2022,29.4869
11/25/2022,29.5060
11/28/2022,29.5289
11/29/2022,29.5314
11/30/2022,29.5490
12/01/2022,29.5653
12/02/2022,29.5612
12/05/2022,29.5769
12/06/2022,29.5867
12/07/2022,29.5625
12/08/2022,29.5691
12/09/2022,29.5838
12/12/2022,29.6031
12/13/2022,29.6093
12/14/2022,29.6456
12/15/2022,29.6394
12/16/2022,29.6281
12/19/2022,29.6459
12/20/2022,29.6535
12/21/2022,29.6561
12/22/2022,29.6605
12/23/2022,29.6459
12/26/2022,29.6437
12/27/2022,29.6571
12/28/2022,29.6517
12/29/2022,29.6801
12/30/2022,29.6948
01/02/2023,29.6942
01/03/2023,29.7007
01/04/2023,29.7089
01/05/2023,29.7154
01/06/2023,29.6969
01/09/2023,29.7396
01/10/2023,29.7275
01/11/2023,29.7408
01/12/2023,29.7784
01/13/2023,29.7683
01/16/2023,29.7786
01/17/2023,29.7858
01/18/2023,29.7892
01/19/2023,29.7905
01/20/2023,29.7827
01/23/2023,29.8028
01/24/2023,29.8082
01/25/2023,29.8128
01/27/2023,29.7939
01/30/2023,29.7966
01/31/2023,29.8004
02/01/2023,29.8305
02/02/2023,29.8559
02/03/2023,29.8550
02/06/2023,29.8740
02/07/2023,29.8774
02/08/2023,29.8540
02/09/2023,29.8355
02/10/2023,29.8571
02/13/2023,29.8737
02/14/2023,29.8472
02/15/2023,29.8463
02/16/2023,29.8490
02/17/2023,29.8277
02/20/2023,29.8519
02/21/2023,29.8498
02/22/2023,29.8506
02/23/2023,29.8599
02/24/2023,29.8652
02/27/2023,29.8634
02/28/2023,29.8826
03/01/2023,29.8827
03/02/2023,29.8827
03/03/2023,29.8828
03/06/2023,29.8963
03/08/2023,29.8868
03/09/2023,29.8885
03/10/2023,29.8972
03/13/2023,29.9625
03/14/2023,29.9817
03/15/2023,29.9811
03/16/2023,29.9879
03/17/2023,29.9863
03/20/2023,30.0218
03/21/2023,30.0182
03/23/2023,30.0349
03/24/2023,30.0400
03/27/2023,30.0545
03/28/2023,30.0531
03/29/2023,30.0744
03/31/2023,30.1159
04/03/2023,30.1162
04/05/2023,30.1707
04/06/2023,30.2618
04/10/2023,30.2820
04/11/2023,30.2911
04/12/2023,30.2958
04/13/2023,30.3000
04/17/2023,30.3290
04/18/2023,30.3324
04/19/2023,30.3434
04/20/2023,30.3584
04/21/2023,30.3888
04/24/2023,30.4314
04/25/2023,30.4584
04/26/2023,30.4910
04/27/2023,30.4978
04/28/2023,30.5006
05/02/2023,30.5032
05/03/2023,30.5567
05/04/2023,30.5680
05/08/2023,30.6069
05/09/2023,30.6083
05/10/2023,30.6106
05/11/2023,30.6170
05/12/2023,30.6388
05/15/2023,30.6611
05/16/2023,30.6785
05/17/2023,30.6770
05/18/2023,30.6763
05/19/2023,30.6874
05/22/2023,30.7356
05/23/2023,30.7247
05/24/2023,30.7421
05/26/2023,30.7395
05/29/2023,30.7464
05/30/2023,30.7519
05/31/2023,30.7610
06/01/2023,30.7804
06/02/2023,30.7929
06/05/2023,30.8092
06/06/2023,30.8185
06/07/2023,30.8239
06/08/2023,30.8017
06/09/2023,30.7701
06/12/2023,30.7878
06/13/2023,30.7947
06/14/2023,30.7960
06/15/2023,30.7960
06/16/2023,30.8001
06/19/2023,30.8153
06/20/2023,30.8216
06/21/2023,30.8152
06/22/2023,30.7961
06/23/2023,30.8066
06/26/2023,30.8284
06/27/2023,30.8220
06/28/2023,30.8568
06/30/2023,30.8497
07/03/2023,30.8545
07/04/2023,30.8589
07/05/2023,30.8613
07/06/2023,30.8521
07/11/2023,30.8800
07/12/2023,30.8823
07/13/2023,30.9093
07/14/2023,30.9187
07/17/2023,30.9548
07/18/2023,30.9820
07/19/2023,30.9882
07/20/2023,30.9969
07/21/2023,30.9931
07/24/2023,31.0129
07/25/2023,31.0069
07/26/2023,31.0146
07/27/2023,31.0127
07/28/2023,30.9853
07/31/2023,31.0045
08/01/2023,31.0239
08/02/2023,31.0293
08/03/2023,31.0175
08/04/2023,31.0110
08/07/2023,31.0291
08/08/2023,31.0357
08/09/2023,31.0392
08/10/2023,31.0484
08/11/2023,31.0314
08/14/2023,31.0537
08/17/2023,31.0286
08/18/2023,31.0295
08/21/2023,31.0451
08/22/2023,31.0489
08/23/2023,31.0693
08/24/2023,31.0764
08/25/2023,31.0879
08/28/2023,31.1184
08/29/2023,31.1261
08/30/2023,31.1339
08/31/2023,31.1556
09/01/2023,31.1641
09/04/2023,31.1797
09/05/2023,31.1772
09/06/2023,31.1681
09/07/2023,31.1953
09/08/2023,31.2046
09/11/2023,31.2046
09/12/2023,31.1961
09/13/2023,31.2150
09/14/2023,31.2505
09/15/2023,31.2319
09/18/2023,31.2480
09/20/2023,31.2722
09/21/2023,31.2806
09/22/2023,31.2814
09/25/2023,31.2972
09/26/2023,31.3083
09/27/2023,31.3211
09/28/2023,31.2912
10/03/2023,31.3424
10/04/2023,31.3450
10/05/2023,31.3712
10/06/2023,31.2639
10/09/2023,31.2388
10/10/2023,31.2484
10/11/2023,31.2845
10/12/2023,31.2991
10/13/2023,31.3058
10/16/2023,31.3243
10/17/2023,31.3298
10/18/2023,31.3333
10/19/2023,31.3217
10/20/2023,31.3276
10/23/2023,31.3343
10/25/2023,31.3551
10/26/2023,31.3687
10/27/2023,31.3714
10/30/2023,31.3915
10/31/2023,31.3983
11/01/2023,31.4065
11/02/2023,31.4195
11/03/2023,31.4293
11/06/2023,31.4573
11/07/2023,31.4636
11/08/2023,31.4785
11/09/2023,31.4950
11/10/2023,31.4872
11/13/2023,31.5010
11/15/2023,31.5386
11/16/2023,31.5467
11/17/2023,31.5560
11/20/2023,31.5593
11/21/2023,31.5567
11/22/2023,31.5699
11/23/2023,31.5695
11/24/2023,31.5478
11/28/2023,31.5760
11/29/2023,31.5894
11/30/2023,31.5917
12/01/2023,31.5773
12/04/2023,31.5977
12/05/2023,31.5956
12/06/2023,31.5990
12/07/2023,31.6124
12/08/2023,31.6219
12/11/2023,31.6316
12/12/2023,31.6246
12/13/2023,31.6364
12/14/2023,31.6789
12/15/2023,31.7072
12/18/2023,31.7320
12/19/2023,31.7405
12/20/2023,31.7527
12/21/2023,31.7664
12/22/2023,31.7761
12/26/2023,31.8033
12/27/2023,31.8091
12/28/2023,31.8095
12/29/2023,31.8245
01/01/2024,31.8432
01/02/2024,31.8417
01/03/2024,31.8315
01/04/2024,31.8396
01/08/2024,31.8671
01/09/2024,31.8665
01/10/2024,31.8723
01/11/2024,31.8721
01/15/2024,31.9393
01/16/2024,31.9325
01/17/2024,31.9439
01/18/2024,31.9420
01/19/2024,31.9301
01/23/2024,31.9583
01/24/2024,31.9633
01/25/2024,31.9663
01/29/2024,31.9985
01/30/2024,32.0160
01/31/2024,32.0417
02/01/2024,32.0969
02/02/2024,32.1424
02/05/2024,32.1343
02/06/2024,32.1504
02/07/2024,32.1577
02/08/2024,32.1757
02/09/2024,32.1782
02/12/2024,32.1890
02/13/2024,32.1948
02/14/2024,32.1753
02/15/2024,32.2002
02/16/2024,32.2106
02/20/2024,32.2564
02/21/2024,32.2691
02/22/2024,32.2744
02/23/2024,32.2725
02/26/2024,32.2937
02/27/2024,32.2889
02/28/2024,32.3049
02/29/2024,32.3150
03/01/2024,32.3220
03/04/2024,32.3505
03/05/2024,32.3575
03/06/2024,32.3799
03/07/2024,32.3908
03/11/2024,32.4488
03/12/2024,32.4608
03/13/2024,32.4613
03/14/2024,32.4694
03/15/2024,32.4805
03/19/2024,32.4738
03/20/2024,32.4840
03/21/2024,32.4970
03/22/2024,32.4818
03/26/2024,32.5003
03/27/2024,32.5162
03/28/2024,32.5708
03/31/2024,32.5906
04/02/2024,32.6034
04/03/2024,32.5967
04/04/2024,32.5954
04/05/2024,32.5995
04/08/2024,32.5946
04/10/2024,32.6146
04/12/2024,32.5876
04/15/2024,32.6158
04/16/2024,32.6001
04/18/2024,32.6105
04/19/2024,32.5775
04/22/2024,32.6129
04/23/2024,32.6310
04/24/2024,32.6419
04/25/2024,32.6427
04/26/2024,32.6306
04/29/2024,32.6716
04/30/2024,32.6751
05/02/2024,32.6870
05/03/2024,32.6929
05/06/2024,32.7266
05/07/2024,32.7498
05/08/2024,32.7462
05/09/2024,32.7587
05/10/2024,32.7735
05/13/2024,32.7963
05/14/2024,32.8044
05/15/2024,32.8186
05/16/2024,32.8440
05/17/2024,32.8436
05/21/2024,32.8720
05/22/2024,32.8799
05/24/2024,32.8957
