"Month (MM)","Day (DD)","2013","2014","2015","2016","2017","2018","2019","2020","2021","2022","2023","2024","Average Across Years"
01,01,0,19.189278,-2.5718253,5.617072,25.895754,0.93043226,7.806437,12.94147,27.324215,7.605917,22.396753,13.1491585,12.75315
01,02,0,21.973372,-3.505405,5.7123117,25.930563,-0.46044177,10.319685,11.77895,27.324215,8.191401,21.152857,15.491041,13.082596
01,03,0,21.897594,-3.505405,5.9884853,25.700449,-1.7344124,11.103978,12.341156,29.156883,6.8986664,20.193094,15.576451,13.056085
01,04,0,21.897594,-5.5596914,8.300162,26.537018,-1.8861597,10.533823,13.557177,28.915422,4.911165,22.168823,14.835468,13.110073
01,05,0,21.77437,-5.612977,9.497816,25.87873,-2.2979865,10.533823,13.986323,29.37313,4.012818,22.325745,14.835468,13.118842
01,06,0,19.215595,-4.154198,10.255383,25.862432,-2.2979865,8.326536,16.024708,28.721134,4.0304193,23.225676,12.784278,12.908542
01,07,0,19.373209,-6.0723095,12.75371,25.862432,-2.0614424,8.557801,15.730059,28.888689,3.6867676,23.225676,13.26171,13.018753
01,08,0,19.979856,-6.8526945,12.513546,26.727283,-2.4035954,7.8547826,17.793823,27.029903,3.6867676,22.304705,13.999515,12.966718
01,09,0,20.643543,-7.3359013,12.139418,27.545399,-2.5234342,9.365899,15.948584,27.029903,4.999593,20.999012,13.143561,12.905053
01,10,0,20.663193,-7.3359013,12.640985,26.699474,-2.4409533,9.99896,15.436543,28.371151,2.9138656,22.427992,12.002372,12.852515
01,11,0,20.663193,-7.8942904,14.572095,25.30554,-2.7761166,10.390129,16.31262,27.507465,2.6910963,22.839731,11.778556,12.853638
01,12,0,21.0184,-8.950149,15.9789715,25.095573,-2.9642835,10.390129,17.099546,27.674852,1.6454328,23.107822,11.778556,12.897714
01,13,0,19.069633,-8.304913,15.543816,25.149393,-2.9642835,11.206321,16.56165,27.701258,1.8327914,22.517,9.835849,12.558956
01,14,0,18.766079,-8.612198,16.228634,25.149393,-3.4984372,12.312059,16.373638,27.318022,1.857818,22.517,10.4328,12.622254
01,15,0,19.636679,-11.928105,18.30479,25.509537,-2.6612153,10.92937,15.189779,28.739212,1.857818,24.998735,8.509912,12.644229
01,16,0,20.365124,-12.073369,18.504627,24.140533,-1.7313063,10.742999,15.3573,28.739212,1.5144845,24.922375,9.657511,12.739954
01,17,0,21.272488,-12.073369,18.284052,25.265371,-2.237447,10.430077,15.453829,29.095469,1.9890935,21.62545,11.732773,12.803435
01,18,0,21.272488,-12.961028,19.772223,24.838606,-2.4053946,10.737056,14.176866,29.208235,3.7755141,20.35935,12.107603,12.80741
01,19,0,21.728811,-12.212241,18.614912,25.068789,-2.8391528,10.737056,15.936447,26.32521,4.27383,21.73307,11.117943,12.771335
01,20,0,22.893332,-14.758209,19.344206,26.302675,-2.8391528,9.720384,17.906397,24.3174,4.664893,22.300787,11.768693,12.874673
01,21,0,23.32239,-15.212892,19.651812,26.302675,-2.7516596,9.114437,17.728533,24.024788,5.558762,22.300787,10.166061,12.745972
01,22,0,22.980125,-13.702617,17.237791,27.088253,-3.742822,9.063651,16.685677,25.698778,5.558762,22.300787,10.364171,12.684777
01,23,0,23.44242,-14.353486,17.439636,28.222431,-5.4833064,10.776317,15.762959,25.698778,5.95979,19.826601,12.594398,12.716958
01,24,0,24.638712,-14.353486,18.65354,26.86237,-5.3968325,11.352699,15.102251,22.619717,8.532843,21.307093,10.548251,12.715196
01,25,0,24.638712,-14.30444,19.999628,24.870207,-6.0332255,12.553308,14.442693,24.59234,6.0822473,22.33795,11.009474,12.744445
01,26,0,24.638712,-14.30444,19.999628,24.870207,-6.0332255,12.553308,14.442693,24.59234,6.0822473,22.33795,11.009474,12.744445
01,27,0,27.582655,-15.078156,21.150055,23.855282,-6.0332255,11.396473,13.582902,25.877958,5.3082113,24.178171,9.610657,12.857362
01,28,0,27.944437,-15.365948,21.623156,23.855282,-6.853522,11.75901,13.265289,26.877995,5.3509626,24.178171,9.930602,12.960494
01,29,0,28.910923,-14.551675,19.748133,24.027452,-6.929046,12.420045,11.023401,28.604572,5.3509626,26.312113,9.012642,13.0845
01,30,0,27.17338,4.1319337,0.0,23.468184,-6.267352,11.083485,12.078363,28.604572,5.457703,25.015778,10.590007,12.848733
01,31,0,26.799599,4.1319337,-0.8694478,23.966639,-4.4325094,8.81653,12.745655,30.239376,4.41171,25.953505,10.872292,12.966844
02,01,0,26.799599,-13.139664,20.227442,22.308407,-3.7756267,8.276652,18.100388,26.091246,2.8202744,26.185366,10.815522,13.155419
02,02,0,26.577372,-14.059178,22.61208,18.754457,-1.6112026,8.276652,21.017786,24.435682,1.8518869,26.74372,10.137433,13.157882
02,03,0,27.863054,-14.687275,24.367163,18.392668,-1.6112026,5.2925906,25.62146,22.124674,3.939552,25.365656,8.935458,13.236709
02,04,0,26.860128,-14.068352,23.89302,18.392668,-1.899561,7.9628778,23.992287,20.622509,4.2853065,25.365656,10.734669,13.285565
02,05,0,26.31601,-12.677555,22.12677,17.740494,-1.4172896,8.936596,23.16177,20.425072,4.2853065,24.962133,11.019272,13.17078
02,06,0,25.797356,-12.257822,22.813875,15.242747,1.3223342,8.251573,22.514292,20.425072,3.8914273,26.293152,9.781644,13.097787
02,07,0,25.13369,-12.257822,22.390396,15.720164,1.6864454,7.67963,22.640577,20.425072,3.5848968,26.789822,9.538148,13.030093
02,08,0,25.13369,-13.037055,23.657797,16.64124,-0.6271267,9.165572,24.204878,17.18493,5.732474,25.150614,10.317784,13.0477085
02,09,0,23.065475,-12.619786,25.168945,15.872714,0.005265694,9.165572,24.195244,18.514256,4.70043,25.383936,9.959159,13.037383
02,10,0,24.290878,-14.114758,26.728683,15.941677,0.005265694,8.173866,25.251085,19.46097,3.780336,25.576002,8.907489,13.091043
02,11,0,25.00594,-17.16947,30.670902,15.941677,-0.6660005,9.5952,24.902222,17.522282,5.120639,25.576002,7.2293816,13.066253
02,12,0,25.393421,-17.787634,30.421242,16.880186,-1.9538862,10.7278185,24.04495,17.709715,5.120639,24.195026,8.315408,13.006082
02,13,0,29.196676,-18.599438,30.166494,17.108932,-2.6445658,11.212284,24.380775,17.709715,4.616979,25.562527,7.51389,13.293116
02,14,0,28.921432,-18.599438,29.836105,17.117214,-2.717863,10.6517935,25.414474,14.133157,8.666214,25.502747,6.053036,13.179898
02,15,0,28.921432,-16.219524,24.948034,18.349451,-3.3561518,11.281371,26.592094,16.209389,6.353493,25.392162,5.526227,13.090726
02,16,0,29.109406,-17.96166,28.20634,16.568998,-2.485202,11.281371,26.550755,16.119564,6.576447,25.98649,4.9240446,13.170596
02,17,0,28.702154,-17.433472,28.313925,15.726178,-2.485202,10.424866,26.955202,16.409521,6.29099,26.583029,5.0146313,13.13653
02,18,0,28.62474,-17.105776,26.99517,15.726178,-3.226079,10.902126,26.911894,16.580526,6.523717,26.583029,5.0146313,13.048197
02,19,0,28.62474,-17.105776,26.99517,15.726178,-3.226079,10.902126,26.911894,16.580526,6.523717,26.583029,5.0146313,13.048197
02,20,0,28.976189,-16.824335,27.75435,13.779393,-0.88581824,10.566658,25.666656,16.580526,5.993166,28.180128,4.5674686,13.123126
02,21,0,28.139183,-16.824335,27.75435,13.956221,-0.5154761,9.984133,25.666656,16.029816,6.494153,27.519005,4.4873333,12.971912
02,22,0,28.139183,-16.158195,27.455917,12.857434,0.21130903,9.629654,21.957386,18.663935,5.8218093,30.322775,3.6648762,12.960552
02,23,0,27.105791,-16.950544,29.684778,14.037578,-0.80029756,9.629654,22.398666,18.175945,5.601749,30.653671,3.6705692,13.018868
02,24,0,26.721506,-18.000925,31.262754,14.037578,-0.80029756,7.320166,27.166573,10.683939,10.582531,30.978832,2.610119,12.960254
02,25,0,26.37818,-18.633297,32.22705,14.037578,-6.628481E-4,6.1058564,28.58284,12.712268,7.756911,30.978832,2.3670394,12.955689
02,26,0,25.034582,-17.163698,31.056284,15.25971,-1.2306114,5.0872264,25.652925,16.658459,7.756911,30.618908,2.6491144,12.852711
02,27,0,26.953775,6.536831,0.0,15.473074,-0.93884563,4.400292,26.328081,16.658459,7.4517136,31.364468,1.8925861,12.374585
02,28,0,26.37881,6.536831,-0.13939856,15.223077,-0.56623685,0.56416947,31.12181,17.73411,5.9876013,30.518055,0.9533714,12.210199
02,29,0,0,0,31.030746,0,0,0,31.12181,0,0,0,0.6693589,20.940638
03,01,0,26.37881,-16.388485,27.751875,14.281183,0.7372277,-0.3189827,33.01617,16.057388,6.8764887,31.84979,-0.8974434,12.667639
03,02,0,27.522253,-15.400858,24.388031,14.961348,0.7372277,-1.199152,35.642056,13.741175,7.2093806,32.69232,-0.8974434,12.672395
03,03,0,28.612347,-14.727098,22.782988,14.911559,0.7372277,0.6944258,35.628197,10.802405,9.516334,30.848223,-0.8974434,12.628106
03,04,0,27.459478,-13.910084,22.408438,14.911559,0.7372277,0.091889046,35.28988,9.923274,11.334471,31.30765,-1.2441891,12.5736
03,05,0,27.679256,-14.12049,22.408438,13.70806,3.0669901,-1.0690565,33.86064,11.022668,11.334471,31.270815,-1.2164788,12.540484
03,06,0,27.542685,-14.12049,23.188738,11.822135,4.5424404,-3.8768542,37.24226,11.022668,11.846847,31.340847,-1.7214402,12.620894
03,07,0,26.920773,-14.12049,23.034353,10.921546,5.548699,-3.8998191,37.24226,8.374696,14.579655,31.45242,-1.8048574,12.568112
03,08,0,8.8833685,0.0,22.721773,11.877427,4.733877,-3.632891,37.528477,9.24346,13.698422,31.14427,-1.8048574,12.217575
03,09,0,24.50403,-12.030093,21.798,11.866137,4.9195647,-8.389123,45.650314,10.499066,10.711747,32.25433,-1.8048574,12.725375
03,10,0,24.096008,-11.995089,22.26284,11.981864,4.9195647,-8.389123,46.458843,11.543754,8.0990305,33.44152,-1.8048574,12.783124
03,11,0,24.082361,-11.693231,22.051697,11.981864,6.483343,-10.012637,46.91154,11.739671,7.9094954,32.51745,-1.1201217,12.804676
03,12,0,25.108515,-12.48964,22.051697,13.628024,5.9663134,-18.659496,59.429585,12.809363,7.9094954,32.238102,-0.9112415,13.370975
03,13,0,23.89493,-11.315129,22.051697,14.1612835,5.4087,-15.3853,53.351463,12.809363,6.335806,31.814821,0.8780979,13.091431
03,14,0,23.855755,-10.808743,23.012156,12.614077,5.411315,-15.377811,53.351463,14.209991,4.518156,33.489372,0.10211993,13.125259
03,15,0,23.855755,-11.554742,24.59433,11.666782,6.641146,-16.012852,52.51696,13.555428,5.285138,33.177513,0.72788703,13.132123
03,16,0,23.495756,-10.9979725,25.163065,9.333788,8.0576,-22.2994,64.69197,15.74803,3.6160278,32.892204,0.72788703,13.675361
03,17,0,24.767473,-11.637045,24.555758,9.533534,8.0576,-24.115906,66.48449,19.184673,2.5674057,32.06342,0.72788703,13.835391
03,18,0,24.185022,-10.346784,23.244707,9.533534,8.102352,-27.824612,73.13232,20.447514,2.5674057,32.06342,0.72788703,14.166615
03,19,0,23.72707,-9.950713,23.244707,8.359386,9.887801,-30.190104,80.0579,19.069946,2.5674057,30.883959,1.6355977,14.481179
03,20,0,22.812872,-9.387595,22.847464,8.919889,9.290713,-26.365238,71.30654,19.069946,1.9977524,31.873156,1.436589,13.982007
03,21,0,22.862936,-8.275414,21.047777,9.411837,9.078065,-26.365238,71.30654,17.837421,3.7779055,32.24647,0.4550034,13.943936
03,22,0,22.862936,-8.0266075,19.787014,9.817901,8.933993,-25.968136,71.481636,18.801155,2.8309371,32.885532,-0.028094206,13.9434805
03,23,0,0.0,-7.944802,20.388224,8.127918,10.116828,-35.356857,97.36582,17.897589,2.942249,33.096146,-0.028094206,13.327729
03,24,0,22.24649,-7.839192,20.942968,7.631955,10.116828,-34.06811,90.33166,19.709162,2.3319807,34.064297,-0.028094206,15.039996
03,25,0,22.259623,-7.7947397,20.942968,7.631955,9.27214,-33.55845,87.67932,21.089693,2.595001,34.064297,-0.028094206,14.923065
03,26,0,19.685787,-5.871213,20.942968,8.854346,8.989883,-27.836733,73.315445,19.681938,2.595001,33.692608,0.24984825,14.027262
03,27,0,19.431038,-5.856028,20.301634,10.299168,7.8174963,-27.36656,72.70162,19.681938,2.7764263,34.104687,-0.23462273,13.9688
03,28,0,19.209785,-6.847037,21.581465,9.67834,9.588587,-28.135916,72.70162,20.118227,2.1893005,35.721836,-1.2170814,14.053557
03,29,0,19.209785,-7.2079396,22.922823,8.903431,10.309825,-28.605783,72.70162,20.778677,2.3267298,34.79839,-1.2170814,14.083679
03,30,0,21.456123,-7.553047,21.192608,8.819987,10.31255,-31.329977,83.33965,19.372402,1.391271,34.79839,-1.2170814,14.598444
03,31,0,21.457136,-7.2879434,21.129139,8.508368,10.371263,-28.717505,75.33059,20.12951,3.1295729,32.657722,-1.2167745,14.135552
04,01,0,21.457136,-7.2879434,21.129139,8.508368,10.371263,-28.717505,75.33059,20.12951,3.1295729,32.657722,-1.2167745,14.135552
04,02,0,20.836945,-7.2879434,21.129139,8.508368,11.200256,-29.248913,75.33059,20.12951,3.1295729,33.566265,-1.8887163,14.127734
04,03,0,20.773687,-7.2879434,21.978697,9.414592,8.747315,-32.385426,84.75252,20.12951,3.5303626,33.018097,-1.8657763,14.618692
04,04,0,20.794363,-7.1637535,21.815523,8.49185,9.380798,-32.205273,84.75252,24.243578,0.10217001,33.28084,-2.059235,14.675762
04,05,0,20.794363,-8.555662,24.372456,9.606164,8.246086,-32.5742,83.97292,24.192944,1.2858436,32.338943,-2.0618727,14.692544
04,06,0,23.13718,-10.391155,24.56546,9.91576,7.8890066,-32.5742,84.30729,23.37764,1.851178,32.23372,-2.0618727,14.750001
04,07,0,23.063066,-10.951313,24.459425,10.702322,7.8890066,-27.209614,72.38723,21.383913,2.5252614,32.23372,-2.0618727,14.038284
04,08,0,23.792564,-11.476067,24.459425,10.702322,7.47382,-27.044989,73.28908,21.88047,1.738463,33.181435,-2.7587967,14.112521
04,09,0,24.376377,-12.065012,24.459425,11.15234,7.7163515,-24.521082,66.05632,22.162682,1.738463,33.181435,-2.7587967,13.772592
04,10,0,24.513796,-12.087018,24.534714,11.398486,6.599296,-23.944672,66.05632,22.162682,1.707876,33.71528,-3.1178968,13.776261
04,11,0,24.315136,-11.086094,23.79643,10.934787,6.523264,-23.98196,66.05632,21.59586,2.7839825,32.932125,-3.1178968,13.704724
04,12,0,24.315136,-10.537191,22.762579,11.315682,6.953224,-24.378038,60.7321,24.6008,4.1303716,31.00735,-2.1689727,13.521185
04,13,0,25.029602,-9.718528,20.51774,11.873747,6.8051343,-25.237986,62.580917,24.219372,4.5686827,30.858803,-2.1689727,13.575317
04,14,0,25.029602,-9.718528,20.51774,11.873747,6.8051343,-25.237986,62.580917,24.219372,4.5686827,30.858803,-2.1689727,13.575317
04,15,0,23.750639,-8.910698,20.51774,11.873747,7.3550224,-25.924334,65.87929,22.248043,4.5686827,29.468788,-1.1186295,13.609844
04,16,0,23.37556,-8.489799,20.51774,12.261005,7.7606993,-25.74131,64.72964,21.913507,4.5686827,28.849045,-0.64302564,13.554704
04,17,0,21.874157,-7.506351,20.251938,12.772322,7.5092177,-23.532785,59.971928,21.913507,4.1001234,29.428999,-0.64302564,13.285458
04,18,0,21.874157,-6.713705,18.732153,13.111712,7.151856,-23.187126,59.971928,20.234175,5.4156404,28.941843,-0.13664185,13.217818
04,19,0,21.874157,-6.713705,18.74626,13.715115,6.570621,-23.187126,57.41147,20.598776,6.5128403,29.94602,-0.6351924,13.167203
04,20,0,19.937069,-5.009858,18.76275,13.287024,6.736441,-23.391094,57.387634,22.075579,5.621974,29.821096,-0.6351924,13.1448555
04,21,0,18.763063,-4.239486,18.491978,13.4820175,6.736441,-25.8497,62.606148,23.689487,4.117723,29.978313,-0.6351924,13.376435
04,22,0,19.49352,-4.7316794,18.464903,13.4820175,5.3779078,-23.440147,60.54229,21.384151,5.418771,31.225994,-1.5799406,13.239799
04,23,0,18.985739,-4.408319,34.65169,0.0,4.9946456,-22.310635,57.84601,21.91151,5.418771,31.471344,-1.7636106,13.345196
04,24,0,17.909092,-3.5354548,19.275255,12.963032,5.9999657,-24.377386,60.52032,21.91151,6.0720534,30.93095,-1.9656805,13.245788
04,25,0,17.876097,-3.9517393,20.804684,11.544249,5.934296,-24.01029,60.52032,20.332863,7.681843,31.780634,-2.7951722,13.247073
04,26,0,17.876097,-3.0148828,20.022373,11.32225,6.6794953,-24.632936,62.025776,20.86818,6.495964,30.787779,-2.3213255,13.282617
04,27,0,16.806755,-1.8284047,19.468193,12.328654,5.8910675,-23.609325,61.50456,18.64468,7.925653,30.130753,-2.3213255,13.176477
04,28,0,17.606316,-3.784858,21.094036,12.152752,5.8910675,-22.907087,62.06444,18.492008,7.5824666,29.07593,-2.3213255,13.176887
04,29,0,17.150196,-3.4348,21.32947,12.152752,5.8910675,-21.528982,59.458996,17.118656,8.679682,30.426392,-3.3327117,13.082793
04,30,0,16.31443,-2.7409396,21.32947,12.152752,5.7280536,-18.977386,52.372173,18.888973,8.679682,30.351683,-3.277307,12.801962
05,01,0,16.31443,-2.7409396,21.32947,12.152752,5.7280536,-18.977386,52.372173,18.888973,8.679682,30.351683,-3.277307,12.801962
05,02,0,16.6082,-2.9841719,21.533546,12.3296995,5.1091866,-18.561691,52.372173,18.777523,9.318672,30.002567,-3.493977,12.819248
05,03,0,16.6082,-3.4990137,21.986,12.005604,5.287352,-18.333284,52.54503,18.64293,9.056865,29.413166,-2.821718,12.808285
05,04,0,16.6082,-3.881493,23.15369,10.682234,5.955948,-22.890137,60.29917,16.843067,12.55117,28.328262,-2.821718,13.166218
05,05,0,18.436733,-5.1897583,21.774986,11.5970545,5.955948,-23.595337,63.260002,15.903528,12.43405,28.328262,-2.821718,13.28034
05,06,0,14.989119,-2.5881188,21.743507,11.5970545,5.2277727,-22.67947,63.5012,13.207644,14.3661785,27.996508,-2.5698419,13.1628685
05,07,0,15.143724,-2.1326904,21.743507,12.596362,3.4798222,-22.071215,64.48889,12.527877,14.3661785,27.137999,-1.9119371,13.21532
05,08,0,16.845861,-3.6918411,22.016235,12.452067,2.225426,-21.616024,65.38231,12.527877,14.617958,27.353537,-2.2930486,13.256396
05,09,0,14.145184,-2.4866915,20.622696,12.384786,1.8402393,-21.347143,65.38231,11.686745,15.464925,25.530622,-0.86024046,12.94213
05,10,0,14.145184,-1.9450618,19.956408,11.744785,2.1106954,-21.106188,66.75476,10.359649,16.203548,25.804777,-1.3417903,12.971524
05,11,0,15.809842,-3.6895406,21.504251,11.40921,1.4652952,-20.933504,65.76529,10.4016485,16.508656,25.900707,-1.3417903,12.981824
05,12,0,11.193557,-1.1212133,20.504276,11.800427,1.4652952,-21.007055,64.65415,8.967576,18.990273,25.857258,-1.3417903,12.7238865
05,13,0,11.500334,-2.9597204,21.32527,11.800427,0.09993532,-18.10532,60.986343,8.547157,19.45114,26.239153,-1.6402483,12.47677
05,14,0,11.366997,-2.8435369,21.32527,11.710467,0.7579164,-20.240814,64.13206,8.690923,19.45114,27.023052,-2.247257,12.647839
05,15,0,11.607592,-3.2465,21.83141,10.837445,0.30180717,-19.95035,64.88625,8.690923,19.972095,26.6497,-2.384814,12.654143
05,16,0,10.560908,-3.0863833,22.285683,9.6115885,1.8606184,-6.172446,39.319378,8.690923,19.569366,28.097694,-3.1631715,11.5976515
05,17,0,10.560908,-2.5881732,22.046686,8.764517,3.5374615,-7.2676725,41.288128,10.5997505,15.243265,29.24467,-3.5019412,11.629782
05,18,0,11.901734,-3.805862,20.725157,8.902057,4.593511,-24.349407,74.95565,9.346555,14.993863,29.687798,-3.5019412,13.040829
05,19,0,10.435421,-4.720041,21.693596,9.1583185,4.593511,-24.112133,73.83107,6.8918014,18.345366,29.337296,-3.5019412,12.904752
05,20,0,11.102949,-5.8634496,22.4294,9.1583185,8.262859,-25.160088,69.097046,10.472361,15.318167,29.337296,-3.5019412,12.78663
05,21,0,11.4998045,-5.8579335,22.4294,8.277349,7.9283047,-23.773504,70.6587,8.68057,15.318167,29.95254,-3.9587986,12.832236
05,22,0,11.72626,-6.2753158,22.020386,8.838505,8.058496,-24.477367,71.728386,8.68057,15.775779,29.929836,-4.3216934,12.880349
05,23,0,10.51003,-6.677,21.689196,8.875029,8.402309,-24.212524,71.728386,8.215728,16.410828,29.77611,-4.3216934,12.763309
05,24,0,10.51003,-6.519492,20.818218,9.781363,10.143226,-25.618473,72.16156,7.4092436,16.700533,32.154526,-5.8107486,12.884543
05,25,0,9.392904,-3.926555,20.201193,9.561855,9.038762,-25.618473,72.283806,6.8582535,17.219042,32.154526,-5.8107486,12.850415
05,26,0,9.074156,-1.8679653,19.67319,8.11631,9.038762,-25.423805,71.83408,8.023525,17.333057,30.601915,-5.8107486,12.781135
05,27,0,9.664048,-0.7193651,18.35366,8.11631,9.873175,-23.77607,68.29832,8.264296,16.059618,30.577122,-5.7928634,12.628931
05,28,0,9.477735,-0.56976146,18.35366,9.178871,8.807815,-22.359962,65.95037,7.789533,16.059618,30.183388,-5.5079384,12.4875765
05,29,0,11.774865,-1.8912086,18.414965,8.721845,8.516201,-20.85896,63.841763,7.789533,16.692755,28.545116,-4.82288,12.429455
05,30,0,11.74774,-1.3716238,18.081646,8.123712,9.350892,-21.222878,63.841763,9.781921,14.748341,27.220724,-3.9773867,12.3931675
05,31,0,11.74774,-1.4476392,18.242228,8.744741,8.506926,-21.109936,65.58754,8.381736,14.577987,27.956661,-4.173553,12.455857
06,01,0,11.778542,-1.5282443,18.434467,8.282725,8.85207,-19.3208,61.689583,8.220669,14.692812,28.197668,-4.173553,12.284176
06,02,0,7.939955,1.1214936,18.01266,8.234674,8.85207,-18.3263,59.78994,8.607672,14.67183,27.70892,-4.173553,12.039942
06,03,0,6.3231416,2.2350152,17.974789,8.234674,10.20772,-18.699112,59.711277,7.3074307,15.216036,32.189705,-7.421749,12.116266
06,04,0,6.5055842,2.157412,17.974789,7.5940843,10.313061,-18.480106,59.7587,7.521585,15.216036,23.697956,-1.0663365,11.926615
06,05,0,5.784348,2.317162,18.31255,6.828721,10.786207,-17.33735,57.55014,7.521585,15.5859585,27.277102,-4.156164,11.860932
06,06,0,4.657581,2.0562437,18.032595,8.286117,8.097808,-16.009312,57.55014,7.3516536,15.869425,28.603983,-5.2273126,11.75172
06,07,10.593996,4.657581,2.67744,17.671904,8.965579,7.210065,-16.094652,58.31541,5.8461647,17.742632,30.329885,-7.112359,11.733636
06,08,10.593996,3.8347464,3.8690352,16.959536,9.162266,7.276948,-15.687599,57.391346,5.6191626,17.561666,30.943802,-7.112359,11.701045
06,09,11.019001,3.182339,3.8864443,17.353197,9.04658,7.276948,-16.573313,58.081367,7.0960803,16.193996,31.468822,-7.112359,11.743258
06,10,10.965004,4.4121947,2.2967172,17.830448,9.04658,7.7897897,-16.560865,58.54621,4.6699195,17.957123,31.497536,-7.132641,11.776501
06,11,10.544996,2.9806886,4.1127877,17.830448,9.089547,8.238979,-18.648771,62.483513,4.2790256,17.957123,31.595253,-7.2016006,11.938499
06,12,10.750999,2.986881,3.9128833,17.25587,10.1335535,7.230633,-17.66469,61.30155,4.2790256,18.201733,31.857412,-7.5777617,11.889008
06,13,9.793997,3.8845506,3.2351716,17.887194,10.378143,7.10561,-17.654661,61.30155,1.6772889,21.97441,31.543282,-7.9252615,11.93344
06,14,9.793997,3.8845506,3.144862,18.22757,9.764181,6.677107,-17.02822,61.568684,1.2659748,22.535553,31.781715,-8.293023,11.943578
06,15,9.793997,4.3481503,3.6345222,16.689684,9.780001,7.0789967,-18.398678,64.893906,0.8546879,22.27612,32.10793,-8.293023,12.063857
06,16,9.569998,4.942961,2.9220986,17.241814,9.619388,7.0789967,-17.716516,62.526207,-0.6184523,25.834354,31.077265,-8.293023,12.015424
06,17,10.417004,4.651452,2.3945725,17.267582,9.619388,5.70027,-16.857206,62.214302,-0.7439053,26.56054,31.077265,-8.293023,12.000687
06,18,9.874001,6.1170073,1.4794773,17.267582,9.462993,6.1258483,-15.439402,58.775192,-0.5521915,26.56054,31.578035,-8.642051,11.88392
06,19,9.636002,6.941148,0.91602224,18.029919,7.908894,6.8229117,-14.233444,56.742016,-0.5521915,26.11865,31.5111,-8.275294,11.797143
06,20,9.392004,7.179679,1.6009098,17.426527,7.995308,8.0276165,-15.396494,56.742016,-0.39277056,26.277256,31.43621,-8.485007,11.816939
06,21,9.392004,7.179679,1.584707,17.190016,7.8737335,7.5666833,-14.752937,57.265675,-0.72443974,26.418749,30.8671,-8.189904,11.805921
06,22,9.392004,8.6505375,0.16574861,16.9615,8.615745,7.0873194,-14.015722,56.207405,-0.90880865,25.843037,31.465796,-8.189904,11.772887
06,23,9.387999,8.97356,0.37666473,15.637724,9.307333,7.0873194,-12.4838705,52.759945,1.0853279,23.28635,32.159073,-8.189904,11.615626
06,24,10.188999,7.96813,-0.85820985,17.309324,9.307333,6.8294578,-13.647256,56.198708,1.4275227,22.078264,32.38957,-8.349751,11.736842
06,25,10.011997,8.555433,-1.2359339,17.309324,8.468964,8.418733,-14.238834,57.112976,0.81778806,22.078264,33.264904,-8.951744,11.80099
06,26,9.399004,8.983624,-1.0727446,17.309324,8.422708,8.958257,-13.751623,55.5182,0.81778806,22.315775,33.85201,-9.527124,11.768765
06,27,9.404001,8.978646,-1.2061008,16.58813,8.08867,10.160612,-13.783806,55.5182,1.6967075,21.977144,33.994194,-10.15548,11.771743
06,28,9.404001,8.978646,-0.794282,15.8420725,7.323855,10.65806,-13.364181,55.316746,1.987993,22.63509,32.855602,-10.0125,11.735925
06,29,9.404001,8.300428,-0.17301923,16.036524,8.421251,9.354463,-14.194413,56.180706,1.9732004,23.154583,32.855602,-10.0125,11.775069
06,30,10.177002,8.065199,0.9532819,14.58593,8.041822,9.354463,-14.245419,56.0149,1.9989879,24.6412,31.455437,-10.0125,11.752524
07,01,10.469999,8.687423,0.776239,13.827383,8.041822,9.861837,-13.604646,53.9486,2.2875605,24.44618,32.08879,-10.44398,11.698934
07,02,11.350002,7.8132,0.79050505,13.827383,7.6119943,10.696693,-12.890385,52.454197,2.0767713,24.44618,31.875633,-10.299227,11.64608
07,03,11.341,8.25123,0.3907811,14.952184,6.907709,10.470144,-12.557525,51.68895,2.0767713,25.209631,31.957048,-10.901174,11.648896
07,04,11.772003,7.8338027,1.1126041,14.244804,7.35838,10.235229,-12.825525,51.68895,2.7913594,24.622272,31.905603,-11.068887,11.639216
07,05,11.772003,7.8338027,1.1341736,14.770908,6.8892097,8.683412,-11.618662,52.867577,1.9136637,24.980675,32.106716,-11.384921,11.66238
07,06,11.772003,8.243567,0.75132215,15.207348,6.944291,8.215922,-10.332693,50.54347,3.3338327,23.909473,31.532484,-11.384921,11.561341
07,07,11.967001,7.938945,0.88783187,15.203928,6.917644,8.215922,-10.042888,50.67886,3.9038768,22.72231,31.532484,-11.384921,11.545083
07,08,10.723,7.5657263,2.1897595,15.413115,6.917644,5.968675,-8.674944,50.21605,5.409316,22.05947,31.535322,-11.386833,11.494693
07,09,10.5300045,7.3970804,2.528941,15.413115,7.605347,5.4171352,-8.033864,48.726948,5.5964937,22.05947,32.250164,-11.865808,11.468753
07,10,10.354996,7.9688306,2.1477342,16.325956,7.675631,3.9594579,-8.076676,49.600845,5.5964937,22.05947,31.711185,-11.505151,11.484898
07,11,9.470997,8.840699,3.3487496,15.195027,7.1075053,5.19311,-8.847967,49.600845,5.648339,21.633444,32.045876,-11.463753,11.481074
07,12,9.470997,8.840699,4.009268,15.038005,6.9169917,4.677117,-8.693719,49.67978,4.594711,22.56285,33.04357,-11.962022,11.5148535
07,13,9.470997,10.072989,2.940302,15.718991,5.835346,5.027157,-8.431732,50.23101,3.4457777,23.17341,32.981724,-11.962022,11.541996
07,14,9.548998,9.953535,3.2161975,15.63377,5.669707,5.027157,-10.08637,53.50588,2.8626254,24.328314,32.05294,-11.962022,11.645894
07,15,9.763002,10.662058,2.3232827,15.67006,5.669707,5.2851944,-9.913469,53.67067,2.9414575,23.558134,32.685684,-12.381851,11.661162
07,16,10.826998,10.619252,1.3801425,15.67006,4.4134803,7.2014365,-9.409081,51.902203,2.9326262,23.558134,32.685684,-12.381851,11.616591
07,17,10.908003,10.551082,1.3685666,16.04017,5.024128,6.485105,-8.438676,49.94379,2.9326262,24.436462,31.749126,-12.381851,11.551544
07,18,11.066999,10.392824,0.9803455,15.658415,5.1110706,6.0444636,-7.4766965,49.94379,4.377712,22.860332,32.236626,-12.80907,11.532235
07,19,11.066999,10.392824,1.128783,16.229015,4.22504,4.6070027,-6.0104623,48.50896,5.9150763,22.657925,30.134384,-11.697517,11.429835
07,20,11.066999,10.357714,1.6920831,15.364428,4.7379637,4.3270984,-5.0583596,45.862663,7.79154,22.376558,29.179571,-11.697517,11.333394
07,21,11.281004,9.325939,2.0804005,16.07457,4.4785705,4.3270984,-4.1291695,44.448948,8.530067,20.411503,30.394327,-11.697517,11.293813
07,22,12.000999,9.836518,1.2445334,15.739994,4.4785705,4.063505,-4.1657877,46.572563,8.041721,19.5509,30.550116,-11.802892,11.342563
07,23,12.154999,9.203334,1.6917467,15.739994,5.5558987,2.7444413,-3.3651397,46.13276,7.7378197,19.5509,30.22904,-11.585444,11.315862
07,24,12.379999,8.198077,2.4310606,16.106115,6.218836,1.0735526,-3.0994985,46.752502,7.7378197,19.250721,30.231812,-11.364771,11.326351
07,25,12.070999,8.496399,3.3628602,15.165258,6.1378183,1.0512542,-3.0932598,46.752502,7.2866783,19.883896,30.088715,-11.364771,11.319862
07,26,12.070999,8.496399,3.0256667,16.044289,6.393989,0.7952568,-3.500411,46.571705,6.349626,21.663782,31.52392,-12.745871,11.390779
07,27,12.070999,6.667202,4.9363017,15.540002,7.8440433,-0.2629473,-4.173292,46.958294,7.8937416,20.036224,31.974003,-12.745871,11.394891
07,28,11.781998,6.67102,5.694445,14.810878,8.025161,-0.2629473,-2.8929496,44.749184,8.096105,20.13459,31.865942,-12.745871,11.327297
07,29,11.781998,7.1353154,5.212185,14.837295,8.025161,-1.303205,-2.2155943,46.204884,10.275536,17.000526,32.200138,-12.966446,11.348983
07,30,12.119999,7.3153763,4.7190084,14.837295,8.849653,-3.2266648,-1.8777344,47.156254,10.512036,17.000526,32.18503,-12.956498,11.386191
07,31,11.709003,8.954511,3.5230758,15.650787,8.473788,-3.0170567,-2.312473,46.96169,10.512036,17.65139,31.93673,-13.275127,11.397363
08,01,10.8460045,9.802783,3.3472471,16.45811,7.8975782,-4.1516695,-1.1492124,46.96169,11.6043625,16.35697,32.246784,-13.372191,11.404038
08,02,10.8460045,9.802783,3.1286993,16.550352,7.2778115,-3.4082913,-1.2124634,48.008736,10.784618,15.165361,31.941502,-12.249409,11.38631
08,03,10.8460045,9.914656,2.3022707,16.90375,8.592408,-4.1951604,-2.4328473,51.991837,9.30463,14.318393,32.829243,-12.249409,11.510482
08,04,11.295996,9.185422,2.4391253,17.68916,8.004614,-4.1951604,-1.2223592,51.10893,8.547795,15.055978,32.03628,-12.249409,11.474698
08,05,11.701002,9.371444,3.0392306,16.381218,8.004614,-5.2467937,0.002003678,51.226227,8.528898,14.839498,28.427149,-9.783392,11.374259
08,06,11.076002,10.227229,2.8145294,16.381218,8.417576,-4.8125443,0.03505845,49.35006,8.9382515,14.839498,28.022675,-9.498362,11.315932
08,07,10.99,10.062171,3.0485053,16.926966,7.7967267,-5.497713,0.85966355,49.361908,8.9382515,15.26458,29.34194,-10.751816,11.361766
08,08,10.516996,10.533227,3.8384693,15.100077,9.112269,-4.384046,-0.7149317,49.361908,9.686868,14.438341,28.461185,-10.108856,11.320126
08,09,10.516996,10.533227,3.7345047,14.188766,10.6102295,-4.266714,-1.3000553,49.451836,9.620871,14.835085,29.287577,-10.992009,11.351693
08,10,10.516996,10.116997,2.9047344,14.068975,11.375409,-3.6944854,-0.5253723,48.46377,9.699632,14.035834,29.946163,-10.992009,11.326388
08,11,10.92,9.044353,3.3137171,13.025767,12.648952,-3.6944854,-0.089414746,47.908714,10.526036,12.564381,30.57858,-10.992009,11.312884
08,12,11.674004,7.06879,5.16024,12.326426,12.648952,-3.6944854,-0.07505585,48.632027,10.299292,12.230733,30.440134,-10.897537,11.317795
08,13,11.808123,7.0183387,5.084664,12.326426,11.919683,-4.8686724,1.9763806,49.878056,9.21183,12.230733,29.379467,-10.167066,11.316497
08,14,12.197243,8.416602,3.3706558,13.073214,11.844474,-4.446722,-0.06647382,51.362583,9.21183,12.131933,29.440523,-10.130325,11.367127
08,15,12.197243,8.416602,3.3706558,13.073214,11.844474,-4.446722,-0.06647382,51.362583,9.21183,12.131933,29.440523,-10.130325,11.367127
08,16,12.198366,8.416602,3.403538,14.254481,10.214536,-3.8545094,-0.2869709,51.362583,9.21183,12.131933,31.509027,-11.543885,11.418128
08,17,12.198366,7.976295,3.825199,14.254481,10.214536,-3.8545094,0.4826645,50.858727,10.201966,10.330669,31.879663,-11.543885,11.402015
08,18,12.198366,7.976295,4.281678,13.653816,10.312023,-3.8545094,1.5372919,48.809345,10.807417,9.806681,32.212227,-11.543885,11.349729
08,19,13.097524,7.320523,4.319774,13.398885,10.312023,-3.825463,1.709479,48.512558,9.629627,10.986372,32.429394,-11.688941,11.350147
08,20,12.651975,6.4027715,5.6145897,13.398885,12.466924,-6.0230427,1.5195669,48.0235,10.613688,10.986372,33.177002,-12.184686,11.387294
08,21,12.85811,5.401195,6.40005,12.488249,13.748097,-7.208904,3.0180476,47.253113,10.613688,11.477944,32.900196,-12.389819,11.379997
08,22,13.038435,5.212021,6.0092883,12.79509,13.8568125,-8.606362,4.5932493,47.253113,8.872373,13.330621,33.141888,-12.602631,11.4078245
08,23,13.013585,5.212021,5.9227357,13.722659,13.085305,-7.8765717,3.7051415,47.732876,8.518809,13.835295,32.583107,-12.623387,11.402631
08,24,13.013585,0.0026560281,11.807401,13.615948,12.726797,-7.800349,4.33126,47.894432,8.621605,12.705012,32.837856,-12.623387,11.427735
08,25,13.02258,0.7576497,10.393084,14.200214,12.726797,-7.800349,4.4196515,47.821175,8.232037,12.354642,33.684742,-12.623387,11.432404
08,26,12.975439,-0.19268711,11.118597,14.510573,12.726797,-6.014183,3.04219,46.872627,8.5866785,12.046996,34.61018,-13.224097,11.421593
08,27,13.441947,1.0402392,9.288394,14.510573,13.917634,-6.4229774,2.6141753,47.33568,8.030531,12.046996,34.682255,-13.270535,11.434575
08,28,13.809453,1.2725805,8.662785,14.964054,13.731713,-7.1072392,4.092568,45.9741,8.030531,12.428752,34.293903,-13.315077,11.403176
08,29,13.785603,1.2725805,9.081937,13.7323475,14.461626,-7.8592696,4.997188,45.9741,6.611498,14.140707,34.384598,-13.537125,11.420483
08,30,13.761761,1.2725805,10.399147,13.244536,13.857427,-7.417503,4.2444263,48.02976,7.689061,11.506905,34.7969,-13.861503,11.460293
08,31,13.761761,0.954218,11.285921,13.082065,13.797062,-7.6842856,1.5876356,53.74404,6.3982077,11.082992,35.31131,-13.861503,11.621619
09,01,14.703619,-1.7753354,13.533994,13.81137,12.973489,-7.6842856,2.2763133,52.36636,5.5903006,13.249993,34.038254,-13.861503,11.601882
09,02,15.380392,-3.2407207,14.768013,13.550969,12.973489,-7.6842856,2.8125358,52.96058,4.559661,13.327841,34.247364,-13.995677,11.638347
09,03,15.705152,-2.2125509,13.218856,13.550969,12.015376,-8.686101,4.784653,53.723087,4.0855913,13.327841,34.287212,-14.021196,11.648242
09,04,15.470631,-4.116389,15.677193,13.148637,11.155057,-7.360089,2.5868256,56.521458,4.0855913,13.978448,33.10134,-13.750318,11.7081995
09,05,15.2402,-3.9447682,15.677193,13.421011,10.58828,-6.964347,2.427423,56.521458,4.766523,13.36589,32.950768,-13.750318,11.691608
09,06,15.216089,-3.9447682,17.098625,11.695966,11.5945015,-6.6634154,1.4920511,56.894524,4.585871,13.402373,30.738474,-12.376458,11.644485
09,07,15.216089,-5.1380506,19.211525,11.172109,12.360378,-7.3627434,1.4253156,56.907856,4.5689855,14.128133,30.002508,-12.376458,11.676304
09,08,16.327932,-4.460314,17.666616,10.730364,12.394393,-7.3627434,1.0427179,57.481705,5.5790877,13.602233,29.371466,-12.376458,11.666416
09,09,16.161556,-2.7513793,15.278511,11.197129,12.394393,-6.9250684,0.040774986,58.556858,5.592406,13.411761,29.762354,-12.64041,11.673241
09,10,15.392045,-2.486538,15.691747,11.197129,10.969538,-5.729981,1.2114455,56.7229,5.592406,13.411761,30.41153,-13.075277,11.609059
09,11,15.227495,-2.3507395,15.68662,11.974416,8.615504,-4.0151215,1.1298207,56.293293,5.592406,14.335305,28.696682,-12.62852,11.54643
09,12,15.626439,-2.6963706,13.976704,14.78801,8.212467,-4.8892236,1.4276061,56.293293,6.3225527,13.269356,31.324797,-14.164782,11.624237
09,13,15.616075,-2.6963706,13.976704,14.600865,8.389178,-4.1127996,0.60632014,56.21488,7.051682,13.029812,30.688726,-14.109841,11.604602
09,14,15.616075,-1.6009498,12.501313,14.795715,9.814787,-5.344775,0.57567394,56.55548,6.718417,13.482529,30.329485,-14.109841,11.611157
09,15,14.855376,-1.4953809,13.228906,14.555966,9.94368,-5.344775,1.3482381,56.66086,5.176284,14.683375,29.770899,-14.109841,11.606132
09,16,13.566466,0.47067657,12.581676,14.212437,9.94368,-5.86006,2.5932503,56.566513,2.5420756,16.908447,29.856684,-14.166584,11.601272
09,17,14.019377,0.071584895,12.581676,14.212437,8.880513,-6.7142706,3.7881455,57.3078,2.801766,16.908447,30.076256,-14.311472,11.635188
09,18,15.766477,-0.39115724,11.377791,14.764161,7.0431213,-5.2910147,3.4273586,57.39289,2.801766,16.650953,30.363384,-14.311472,11.632854
09,19,15.655749,-0.3037309,11.912031,14.4569235,6.597756,-6.367645,4.8328547,57.39289,3.273911,16.117651,30.20576,-14.20774,11.630535
09,20,15.648846,-0.3037309,11.817098,14.359593,6.779061,-1.9651577,0.12508686,55.656155,5.535737,13.692228,33.426544,-15.391612,11.614986
09,21,15.648846,-0.3450309,11.6380825,14.06065,6.7529182,-1.4856836,-2.2153895,60.60556,4.0188727,13.441476,34.637695,-15.391612,11.780532
09,22,16.105597,-2.7691603,14.917978,11.411284,8.391163,-1.4856836,-2.9645948,61.81901,3.5768898,13.64852,34.988056,-15.391612,11.853954
09,23,14.430121,-0.9685661,14.475601,11.395052,8.391163,1.8534547,-6.4619565,64.70679,0.34406036,15.642787,35.994774,-16.017935,11.982113
09,24,14.389317,-0.7627205,14.27094,11.395052,6.4186745,3.5407698,-9.106248,69.99587,0.24424472,15.642787,36.104996,-16.085945,12.170647
09,25,13.378764,0.11581419,14.27094,10.227018,8.5350485,0.99620056,-5.353357,65.843796,0.24424472,15.656507,36.392647,-16.272852,12.002898
09,26,13.938988,-0.3823889,13.256095,11.001149,8.59818,2.4970627,-6.6141477,65.843796,-1.5673712,17.725554,37.377342,-16.83093,12.070277
09,27,13.931056,-0.3823889,12.95462,9.907054,9.222985,2.6195316,-6.0859714,65.90482,-1.719994,18.156616,37.059177,-16.843605,12.060326
09,28,13.931056,-1.223115,14.216528,9.598541,8.511492,3.310622,-4.3589964,62.002975,-1.9718863,18.051727,38.302723,-16.843605,11.960673
09,29,13.748039,-0.51416355,11.741907,11.894812,8.037793,3.310622,-4.578802,62.001907,-1.9548457,18.303875,38.302723,-16.843605,11.954188
09,30,13.914491,0.57792085,10.453863,11.785783,8.037793,2.8076572,-3.9803326,60.893265,0.30521205,16.27546,36.497948,-15.744113,11.818746
10,01,13.559657,0.93608713,10.399243,11.785783,8.545339,1.1476035,-1.4976218,57.975063,0.74434876,16.27546,36.47336,-15.728932,11.717949
10,02,13.559657,0.93608713,10.399243,11.785783,8.545339,1.1476035,-1.4976218,57.975063,0.74434876,16.27546,36.47336,-15.728932,11.717949
10,03,13.54498,0.93608713,11.917445,11.008871,6.3858633,2.0216315,-1.0229518,57.975063,-0.36085737,17.845184,33.35553,-13.96359,11.636939
10,04,13.540469,30.969625,-13.110601,10.841281,3.8321095,2.6677196,0.18624957,59.40315,0.9354548,14.518653,32.989838,-13.1462965,11.968971
10,05,13.540469,2.9054585,10.50741,10.83741,0.9309487,5.697318,1.1064364,58.97588,0.2856332,15.082636,32.338097,-13.1462965,11.58845
10,06,13.540469,3.30826,9.60526,12.334023,0.0144569725,5.697318,2.0767674,55.803368,1.6915463,15.245326,31.713873,-13.1462965,11.490363
10,07,12.496891,4.6161575,9.031929,12.550749,0.0144569725,5.0977817,3.0467923,56.40949,0.79077196,15.388893,30.273993,-12.186331,11.460964
10,08,12.499251,4.0351324,9.606956,12.550749,0.092939556,5.0153747,3.9610915,55.779835,0.30816215,15.388893,31.452526,-12.97362,11.47644
10,09,13.904434,3.2495809,9.044826,12.637529,-0.46295553,7.2993913,3.063264,54.531773,0.30816215,14.549097,32.50529,-13.032102,11.466523
10,10,12.499014,4.5114136,9.100585,12.862632,0.7939117,4.7776556,3.9666,54.531773,0.04367385,15.892432,31.424812,-13.104344,11.44168
10,11,12.468839,4.5114136,9.100585,12.610946,-1.0054342,7.603437,3.3067951,55.031723,-1.8260645,18.378193,30.574091,-13.025403,11.4774275
10,12,12.468839,4.098157,9.533701,13.493799,0.513136,5.153358,3.3210053,55.449677,-1.3204627,17.40627,30.61033,-13.025403,11.475201
10,13,12.659514,3.8858292,8.178465,15.612157,-0.057671975,5.153358,3.2035055,56.868412,-2.814625,17.996836,30.9101,-13.025403,11.547539
10,14,12.431155,3.783831,8.313135,15.724716,-0.057671975,5.535567,3.0716085,57.787815,-2.748936,16.954958,31.5124,-13.423729,11.573738
10,15,12.40104,4.623205,7.4441566,15.724716,0.21915092,6.082868,-0.03446605,61.404102,-2.748936,16.954958,31.31348,-13.29258,11.674309
10,16,11.23832,6.473973,6.680066,16.360712,0.58368367,5.422576,0.5752632,59.966206,-2.748936,16.863453,31.07037,-13.063734,11.618496
10,17,11.79597,5.8903413,6.3944306,16.932117,-0.84766483,7.8883953,-0.52554005,59.966206,-2.0717885,16.472193,29.28911,-12.181388,11.583533
10,18,11.766049,5.8903413,7.787409,15.281852,-0.7280215,8.643488,-1.2169069,61.298702,-2.0013204,14.575963,30.850607,-12.5849,11.630272
10,19,11.766049,6.3001175,7.7023163,14.928183,-1.8079228,9.838333,-0.31126323,59.83335,-1.835007,14.172463,31.090576,-12.5849,11.591023
10,20,12.975472,4.930497,8.338979,14.505036,-1.8079228,9.838333,-0.13563375,57.689686,-0.35045463,13.218914,31.763416,-12.5849,11.531784
10,21,13.59179,4.2090983,8.489047,14.419362,-1.8079228,9.838333,0.2106302,56.393257,0.26918906,13.0599575,31.100296,-12.142743,11.469192
10,22,14.413027,3.433442,8.489047,14.419362,-2.4429214,9.847782,0.55606157,56.306496,0.62232524,13.0599575,29.20907,-10.856782,11.421406
10,23,14.383581,4.004673,7.8931875,14.191065,-3.2205114,11.291638,0.6007666,55.75988,0.62232524,11.603462,30.673313,-10.705326,11.424838
10,24,14.354151,4.004673,8.370854,14.028685,-2.8236647,10.044907,1.0220603,55.75988,0.62232524,11.603462,30.432034,-10.540143,11.406601
10,25,14.324723,4.004673,8.153655,16.317469,-5.388564,11.298647,0.77519214,56.07905,1.00207,10.229703,30.166344,-9.76649,11.433038
10,26,14.324723,3.5459616,7.9899964,17.943281,-6.8133163,12.105974,-0.73184764,59.76168,0.1719097,8.841354,31.82671,-9.76649,11.599995
10,27,14.215883,3.2192683,8.100141,18.102907,-6.6509743,12.105974,0.17023864,58.006237,1.053375,9.207558,30.499668,-9.76649,11.521981
10,28,14.63065,2.1874526,9.050391,17.74181,-6.6509743,12.105974,-0.998834,57.088383,2.960437,9.084162,31.322895,-10.332138,11.51585
10,29,15.47009,0.7601849,9.7628765,17.74181,-4.329675,11.411627,-3.3114557,56.50751,3.8903773,9.084162,32.303303,-10.996607,11.524517
10,30,16.291452,-0.580416,10.429948,18.109478,-4.8522778,12.362926,-3.9035566,56.50751,3.8903773,9.553377,31.73665,-10.996607,11.545738
10,31,18.192327,-2.2035294,10.429948,17.98254,-3.1970026,11.147332,-4.411003,56.50751,5.1241302,7.979182,31.037588,-10.282752,11.525523
11,01,18.161966,-2.2035294,10.51457,18.67338,-3.709089,11.263482,-4.634879,58.74142,4.2844925,6.8929157,31.557196,-10.282752,11.604931
11,02,18.161966,-2.2988281,9.344092,20.020025,-1.883529,9.2303295,-4.442037,58.15434,4.0671043,8.200796,30.458134,-10.282752,11.560805
11,03,18.173826,-2.227557,8.459217,21.199198,-2.1266472,9.2303295,-3.20956,55.792927,4.214151,8.740925,29.916159,-10.282752,11.490018
11,04,18.173826,-2.3989089,7.4849324,22.512505,-2.1266472,9.664237,-2.8702629,54.634434,4.4372425,8.508639,28.925444,-9.5933275,11.44601
11,05,18.069061,-3.2369452,8.404957,22.512505,-2.3347633,9.584944,-0.7832593,51.814083,4.4372425,8.508639,30.06106,-10.382706,11.387901
11,06,18.039934,-3.340578,8.521183,22.530033,-2.303218,10.030417,-0.33270407,50.445805,4.4372425,9.417946,30.667692,-11.540056,11.381142
11,07,17.724804,-3.1057296,9.078884,20.836605,-1.4405806,10.34791,-0.6194655,50.445805,4.98388,8.884728,29.265162,-10.610245,11.315979
11,08,17.695778,-3.1057296,9.66858,19.492249,-0.86765623,9.30959,0.32453844,52.19862,3.7748187,9.049199,28.626898,-10.30217,11.32206
11,09,17.695778,-3.567362,10.193575,19.536402,-0.14708251,8.480691,1.9210879,49.7434,3.4430714,9.201322,28.920832,-10.30217,11.259963
11,10,17.771702,-5.1031084,12.19936,19.530703,-0.40458664,8.480691,3.1224515,47.80878,2.8762467,10.15975,28.668615,-10.30217,11.2340355
11,11,18.78004,-5.218967,10.297153,21.592154,-0.40458664,8.55995,4.2567706,45.099392,5.0466156,8.623152,28.587545,-10.245619,11.2478
11,12,19.887934,-5.4080195,10.297153,21.592154,-1.5117776,9.780366,3.85397,47.20537,3.945373,8.623152,27.09402,-9.190884,11.347401
11,13,20.90118,-5.3641205,10.510684,20.799435,0.04900515,7.784152,5.121896,46.769398,3.945373,8.733429,25.17167,-7.889778,11.377693
11,14,20.845974,-5.634895,10.510684,20.191504,0.57368976,8.029539,4.86368,46.769398,3.92786,8.751752,25.150192,-7.873969,11.342117
11,15,20.845974,-5.634895,8.156608,21.965673,1.6652697,7.820846,4.655971,46.662495,4.3875713,9.495247,23.843197,-7.873969,11.3324995
11,16,20.845974,-5.1151943,6.7439675,23.678728,1.4503862,7.371428,4.655971,45.814316,4.9711366,10.009166,23.292412,-7.873969,11.320361
11,17,21.405455,-5.1115527,6.2138505,24.586,0.7439505,7.371428,5.7985616,43.399975,5.2093782,10.221529,23.495056,-7.873969,11.288306
11,18,19.901838,-6.1093154,7.342527,24.579842,0.7439505,7.416061,6.379745,41.449768,5.782975,10.482187,23.0666,-7.553233,11.123578
11,19,18.60531,-4.5972238,6.0789366,24.579842,1.5474157,6.9718647,4.7873564,43.054676,5.782975,10.482187,23.300108,-7.72831,11.072094
11,20,20.747755,-4.522555,5.8486013,24.907732,0.22490455,8.643775,4.941426,42.12824,5.782975,10.320178,23.48118,-7.72831,11.231324
11,21,23.75099,-5.302276,4.203941,27.050436,0.08892015,8.222614,5.3498173,42.12824,5.0795937,11.510045,22.347069,-7.2499757,11.431618
11,22,24.256355,-5.302276,4.5466394,26.819979,-1.0740134,8.899432,5.770452,39.505466,7.4697175,11.228105,24.977583,-9.323161,11.481189
11,23,24.256355,-5.327878,5.398312,26.124666,-1.3057424,8.899432,6.4230843,39.464546,6.842004,11.153029,25.061995,-9.323161,11.47222
11,24,24.790934,-5.868273,4.972788,27.160997,-1.5724702,8.899432,7.482303,37.46592,8.581631,9.871911,25.058523,-9.323161,11.460044
11,25,23.919592,-5.4344044,6.275167,25.602667,-1.5724702,10.207823,4.7095985,40.040905,8.269844,9.70826,26.896933,-10.636835,11.498923
11,26,25.365046,-5.0772057,5.7302756,25.602667,-0.7754357,9.038987,6.028259,38.658905,8.269844,9.70826,26.798925,-10.567762,11.565063
11,27,26.558725,-4.5186806,4.975843,25.79006,-0.56388575,9.236965,5.3134394,38.843445,8.269844,9.70826,27.134525,-10.803839,11.662059
11,28,26.820232,-5.173326,5.3192396,25.046488,-0.2699176,9.851796,4.6937366,38.843445,8.544243,9.828117,25.077986,-9.665157,11.576406
11,29,25.389065,-5.173326,5.5202765,24.855679,0.67323554,7.8777575,5.5706277,35.196373,11.83315,10.5553875,24.876032,-10.404277,11.397499
11,30,25.389065,-5.3418736,6.59671,22.444582,2.0403147,7.62362,5.5706277,34.675446,13.173357,10.027391,24.46899,-10.404277,11.355329
12,01,24.824823,-4.5992117,6.077859,22.637497,2.0403147,7.62362,6.7519293,34.508076,12.413022,10.454309,23.598824,-10.404277,11.327231
12,02,23.81715,-4.679965,5.2961955,23.98476,2.0403147,7.5262637,7.0646524,35.71361,10.655018,10.98794,24.255997,-10.878137,11.315315
12,03,23.876934,-5.5564704,6.1885395,23.98476,1.9628364,6.91823,8.1349945,33.92599,11.73833,10.98794,25.271345,-11.600488,11.319411
12,04,24.289238,-6.8639627,7.2914248,22.556932,2.9979851,7.6283712,8.611229,32.65542,11.73833,13.209852,22.992424,-11.729657,11.281465
12,05,23.694603,-6.625704,7.5794835,22.003592,1.9611733,8.653587,8.881015,32.65542,11.802085,13.840113,23.382029,-12.545442,11.273496
12,06,24.12146,-6.625704,7.9186378,20.74021,1.0904965,9.317381,9.947456,30.626137,13.115524,14.6315155,22.964226,-12.527919,11.276618
12,07,24.12146,-6.720293,7.409035,22.824371,0.64235723,8.563022,10.743984,31.688585,11.103099,14.903038,22.99695,-12.527919,11.312306
12,08,23.05148,-6.7181644,9.772569,22.325665,-0.2656216,8.563022,11.052924,33.358315,9.760412,14.892663,22.611776,-12.527919,11.323093
12,09,21.398073,-6.88024,11.538325,21.704393,-0.2656216,8.594235,11.978772,32.576523,8.865557,15.523531,22.231468,-12.255759,11.2507715
12,10,21.219461,-6.3671193,10.78423,21.704393,-2.0183213,9.641022,12.515038,33.05932,8.835522,15.523531,22.228193,-12.25341,11.239322
12,11,20.958,-6.836907,12.066348,22.312246,-1.7670579,9.316964,12.328905,32.670353,8.835522,15.729007,22.193628,-12.384427,11.285214
12,12,21.150393,-6.190251,12.066348,21.443195,0.8629682,7.8220086,11.710459,32.670353,8.883715,15.192869,22.199053,-12.019507,11.315968
12,13,21.89382,-6.190251,11.405027,21.514532,2.0401511,8.443485,10.3757925,31.820143,10.068062,14.97193,22.836752,-12.692129,11.373943
12,14,21.89382,-5.747845,10.37946,22.457289,1.8320926,8.319509,10.897478,31.024376,10.536884,15.9298725,21.467678,-12.692129,11.358208
12,15,21.915514,-5.278232,9.413686,23.59309,1.264199,8.319509,10.842596,30.384626,9.7633915,18.670393,20.144558,-12.692129,11.361767
12,16,20.77478,-3.1756997,8.510737,23.822899,1.264199,7.973274,11.928917,29.44133,8.826112,19.777433,20.144558,-12.692129,11.383035
12,17,19.35275,-2.0523994,7.52726,23.822899,2.1070006,8.046106,11.125703,27.238678,10.515266,19.777433,18.255615,-11.297525,11.201565
12,18,19.540386,-4.0230517,8.438442,24.659237,1.7301421,8.034002,11.139872,26.851263,10.515266,19.71143,17.509827,-10.6853485,11.118455
12,19,20.47673,-4.6085763,8.229697,26.07001,1.4764662,7.518064,10.9130745,26.851263,11.433843,18.869621,16.310274,-9.874288,11.13885
12,20,18.409752,30.234116,-21.15471,26.83066,1.2081926,7.9571586,10.689186,24.193193,13.546803,17.349207,16.140194,-8.353862,11.420823
12,21,18.409752,-3.5816262,6.307122,27.084621,-0.4032922,9.681084,6.8972726,29.766203,11.47604,19.07705,15.532132,-8.353862,10.99104
12,22,19.501352,-4.8939195,5.882872,28.655518,-0.77699566,9.681084,8.137033,29.755892,9.773885,20.025593,15.071076,-8.353862,11.038293
12,23,19.130953,-3.572362,4.868439,28.753204,-0.77699566,9.546547,9.502173,29.116661,7.1120734,22.226118,15.7349,-8.879519,11.063516
12,24,18.59036,-2.742745,4.868439,28.753204,-1.5773214,10.059381,10.932909,27.889074,7.1120734,22.226118,15.5648365,-8.745428,11.077577
12,25,18.59036,-2.742745,4.868439,28.753204,-1.5773214,10.059381,10.932909,27.889074,7.1120734,22.226118,15.5648365,-8.745428,11.077577
12,26,18.878675,-2.9335563,3.7064514,30.643843,-1.3387705,8.692151,11.672459,27.889074,8.434886,21.344824,15.053352,-8.800339,11.103587
12,27,18.196056,-2.9335563,3.4868312,30.334312,-0.61109793,9.521754,10.510453,27.83353,9.267937,21.647646,13.980175,-8.831319,11.033561
12,28,18.196056,-2.2965665,4.410751,28.063208,0.41477498,8.636114,11.443137,27.69097,8.355495,22.49698,13.314135,-8.831319,10.991145
12,29,18.655819,-2.6353827,4.3941827,28.570597,-0.0064765345,8.636114,11.828723,27.01673,8.965423,21.836617,13.499276,-8.831319,10.994193
12,30,19.330505,-2.962602,6.3842916,26.618742,-0.0064765345,8.664602,12.144385,26.458643,8.641186,22.361954,12.7904005,-8.258332,11.013942
12,31,19.431034,-2.8468928,5.950962,26.618742,0.09516616,7.9100695,12.717354,27.784595,7.605917,22.361954,12.784071,-8.253184,11.013314
