NAV,Date (DD/MM/YYYY)
0,30/11/2009
0,01/12/2009
0,02/12/2009
0,03/12/2009
0,04/12/2009
0,05/12/2009
0,06/12/2009
0,07/12/2009
0,08/12/2009
0,09/12/2009
0,10/12/2009
0,11/12/2009
0,12/12/2009
0,13/12/2009
10,14/12/2009
10,15/12/2009
10,16/12/2009
10,17/12/2009
10,18/12/2009
10,19/12/2009
10,20/12/2009
10,21/12/2009
10,22/12/2009
10,23/12/2009
10,24/12/2009
10,25/12/2009
10,26/12/2009
10,27/12/2009
10,28/12/2009
10,29/12/2009
10,30/12/2009
10,31/12/2009
10,01/01/2010
10,02/01/2010
10,03/01/2010
10,04/01/2010
10,05/01/2010
10,06/01/2010
10,07/01/2010
10,08/01/2010
10,09/01/2010
10,10/01/2010
10,11/01/2010
10,12/01/2010
10,13/01/2010
9.8778,14/01/2010
10.0439,15/01/2010
10.0439,16/01/2010
10.0439,17/01/2010
9.7725,18/01/2010
9.7290,19/01/2010
9.8595,20/01/2010
9.6248,21/01/2010
9.4386,22/01/2010
9.4386,23/01/2010
9.4386,24/01/2010
9.3790,25/01/2010
9.3790,26/01/2010
9.1710,27/01/2010
9.1649,28/01/2010
9.20,29/01/2010
9.20,30/01/2010
9.20,31/01/2010
9.1243,01/02/2010
9.1316,02/02/2010
9.2482,03/02/2010
9.2452,04/02/2010
8.9712,05/02/2010
8.9712,06/02/2010
8.9712,07/02/2010
9.2076,08/02/2010
9.1752,09/02/2010
9.4995,10/02/2010
9.4028,11/02/2010
9.4028,12/02/2010
9.4028,13/02/2010
9.4028,14/02/2010
9.4465,15/02/2010
9.4087,16/02/2010
9.6087,17/02/2010
9.4691,18/02/2010
9.4506,19/02/2010
9.4506,20/02/2010
9.4506,21/02/2010
9.2787,22/02/2010
9.5214,23/02/2010
9.3936,24/02/2010
9.4984,25/02/2010
9.5015,26/02/2010
9.5015,27/02/2010
9.5015,28/02/2010
9.5015,01/03/2010
9.7213,02/03/2010
9.8571,03/03/2010
9.8576,04/03/2010
9.9657,05/03/2010
9.9657,06/03/2010
9.9657,07/03/2010
9.9075,08/03/2010
9.8349,09/03/2010
9.8762,10/03/2010
9.9114,11/03/2010
9.9047,12/03/2010
9.9047,13/03/2010
9.9047,14/03/2010
9.9047,15/03/2010
9.9047,16/03/2010
9.9782,17/03/2010
9.9888,18/03/2010
10.0428,19/03/2010
10.0428,20/03/2010
10.0428,21/03/2010
10.0434,22/03/2010
10.0177,23/03/2010
10.0177,24/03/2010
10.1053,25/03/2010
10.0431,26/03/2010
10.0431,27/03/2010
10.0431,28/03/2010
10.2101,29/03/2010
10.1537,30/03/2010
10.1262,31/03/2010
10.1262,01/04/2010
10.1262,02/04/2010
10.1262,03/04/2010
10.1262,04/04/2010
10.3547,05/04/2010
10.3467,06/04/2010
10.3064,07/04/2010
10.2136,08/04/2010
10.3202,09/04/2010
10.3202,10/04/2010
10.3202,11/04/2010
10.3196,12/04/2010
10.2366,13/04/2010
10.2366,14/04/2010
10.2366,15/04/2010
10.1530,16/04/2010
10.1530,17/04/2010
10.1529,18/04/2010
10.0957,19/04/2010
10.1232,20/04/2010
10.0693,21/04/2010
10.0879,22/04/2010
10.1518,23/04/2010
10.1518,24/04/2010
10.1518,25/04/2010
10.2335,26/04/2010
10.2557,27/04/2010
10.0535,28/04/2010
10.0622,29/04/2010
10.2394,30/04/2010
10.2394,01/05/2010
10.2394,02/05/2010
10.0093,03/05/2010
10.0341,04/05/2010
9.9247,05/05/2010
9.8113,06/05/2010
9.7920,07/05/2010
9.7920,08/05/2010
9.7920,09/05/2010
9.9190,10/05/2010
9.9806,11/05/2010
9.9391,12/05/2010
9.9815,13/05/2010
9.9530,14/05/2010
9.9530,15/05/2010
9.9530,16/05/2010
9.7346,17/05/2010
9.7549,18/05/2010
9.8248,19/05/2010
9.5305,20/05/2010
9.6979,21/05/2010
9.6979,22/05/2010
9.6979,23/05/2010
9.7555,24/05/2010
9.4320,25/05/2010
9.4459,26/05/2010
9.4459,27/05/2010
9.7734,28/05/2010
9.7734,29/05/2010
9.7734,30/05/2010
9.7598,31/05/2010
9.8693,01/06/2010
9.6518,02/06/2010
9.8393,03/06/2010
9.7554,04/06/2010
9.7554,05/06/2010
9.7554,06/06/2010
9.7026,07/06/2010
9.7622,08/06/2010
9.8692,09/06/2010
9.6506,10/06/2010
9.7923,11/06/2010
9.7923,12/06/2010
9.7923,13/06/2010
10.0319,14/06/2010
10.0938,15/06/2010
10.0977,16/06/2010
10.1006,17/06/2010
10.1145,18/06/2010
10.1145,19/06/2010
10.1145,20/06/2010
10.2673,21/06/2010
10.2161,22/06/2010
10.1795,23/06/2010
10.1547,24/06/2010
10.1547,25/06/2010
10.1547,26/06/2010
10.1547,27/06/2010
10.2666,28/06/2010
10.1604,29/06/2010
10.2749,30/06/2010
10.2749,01/07/2010
10.2197,02/07/2010
10.2197,03/07/2010
10.2197,04/07/2010
10.0539,05/07/2010
10.2147,06/07/2010
10.2171,07/07/2010
10.1618,08/07/2010
10.3296,09/07/2010
10.3296,10/07/2010
10.3296,11/07/2010
10.2997,12/07/2010
10.3312,13/07/2010
10.3904,14/07/2010
10.4053,15/07/2010
10.3311,16/07/2010
10.3311,17/07/2010
10.3311,18/07/2010
10.3311,19/07/2010
10.2787,20/07/2010
10.3882,21/07/2010
10.5356,22/07/2010
10.4817,23/07/2010
10.4817,24/07/2010
10.4817,25/07/2010
10.3893,26/07/2010
10.4453,27/07/2010
10.3322,28/07/2010
10.3378,29/07/2010
10.3378,30/07/2010
10.3378,31/07/2010
10.3378,01/08/2010
10.3886,02/08/2010
10.3892,03/08/2010
10.3892,04/08/2010
10.4926,05/08/2010
10.4937,06/08/2010
10.4937,07/08/2010
10.4937,08/08/2010
10.4457,09/08/2010
10.4624,10/08/2010
10.3895,11/08/2010
10.3727,12/08/2010
10.2773,13/08/2010
10.2773,14/08/2010
10.2773,15/08/2010
10.5146,16/08/2010
10.5017,17/08/2010
10.5063,18/08/2010
10.5063,19/08/2010
10.4216,20/08/2010
10.4216,21/08/2010
10.4216,22/08/2010
10.4498,23/08/2010
10.5623,24/08/2010
10.3929,25/08/2010
10.4491,26/08/2010
10.4210,27/08/2010
10.4210,28/08/2010
10.4210,29/08/2010
10.3650,30/08/2010
10.3355,31/08/2010
10.4261,01/09/2010
10.4261,02/09/2010
10.4813,03/09/2010
10.4813,04/09/2010
10.4813,05/09/2010
10.6193,06/09/2010
10.6193,07/09/2010
10.6170,08/09/2010
10.6730,09/09/2010
10.6730,10/09/2010
10.6730,11/09/2010
10.6730,12/09/2010
10.9142,13/09/2010
11.0461,14/09/2010
11.1523,15/09/2010
11.0717,16/09/2010
11.1491,17/09/2010
11.1491,18/09/2010
11.1491,19/09/2010
11.3695,20/09/2010
11.4489,21/09/2010
11.3675,22/09/2010
11.3393,23/09/2010
11.3112,24/09/2010
11.3112,25/09/2010
11.3112,26/09/2010
11.4770,27/09/2010
11.3725,28/09/2010
11.3177,29/09/2010
11.3177,30/09/2010
11.5173,01/10/2010
11.5173,02/10/2010
11.5173,03/10/2010
11.7771,04/10/2010
11.7566,05/10/2010
11.6654,06/10/2010
11.5255,07/10/2010
11.4706,08/10/2010
11.4706,09/10/2010
11.4706,10/10/2010
11.6921,11/10/2010
11.4739,12/10/2010
11.7418,13/10/2010
11.7197,14/10/2010
11.5267,15/10/2010
11.5267,16/10/2010
11.5267,17/10/2010
11.4716,18/10/2010
11.5540,19/10/2010
11.5009,20/10/2010
11.4170,21/10/2010
11.5793,22/10/2010
11.5793,23/10/2010
11.5793,24/10/2010
11.6043,25/10/2010
11.4710,26/10/2010
11.3611,27/10/2010
11.5506,28/10/2010
11.3064,29/10/2010
11.3064,30/10/2010
11.3064,31/10/2010
11.5258,01/11/2010
11.5428,02/11/2010
11.6259,03/11/2010
11.8073,04/11/2010
11.8073,05/11/2010
11.8073,06/11/2010
11.8073,07/11/2010
11.8943,08/11/2010
11.8519,09/11/2010
11.8725,10/11/2010
11.7901,11/11/2010
11.7846,12/11/2010
11.7846,13/11/2010
11.7846,14/11/2010
11.8393,15/11/2010
11.7971,16/11/2010
11.7971,17/11/2010
11.3891,18/11/2010
11.4090,19/11/2010
11.4090,20/11/2010
11.4090,21/11/2010
11.5820,22/11/2010
11.2033,23/11/2010
11.2351,24/11/2010
11.2366,25/11/2010
11.1973,26/11/2010
11.1973,27/11/2010
11.1973,28/11/2010
11.1138,29/11/2010
11.1825,30/11/2010
11.4057,01/12/2010
11.35,02/12/2010
11.4183,03/12/2010
11.4183,04/12/2010
11.4183,05/12/2010
11.4674,06/12/2010
11.3781,07/12/2010
11.4617,08/12/2010
11.1807,09/12/2010
11.0879,10/12/2010
11.0879,11/12/2010
11.0879,12/12/2010
11.0907,13/12/2010
11.2546,14/12/2010
11.2825,15/12/2010
11.1987,16/12/2010
11.1987,17/12/2010
11.1987,18/12/2010
11.1987,19/12/2010
11.5338,20/12/2010
11.4502,21/12/2010
11.5903,22/12/2010
11.4223,23/12/2010
11.4223,24/12/2010
11.4223,25/12/2010
11.4223,26/12/2010
11.5431,27/12/2010
11.6438,28/12/2010
11.6438,29/12/2010
11.7557,30/12/2010
11.8680,31/12/2010
11.8680,01/01/2011
11.8680,02/01/2011
11.8669,03/01/2011
11.8392,04/01/2011
11.7959,05/01/2011
11.5877,06/01/2011
11.4762,07/01/2011
11.4762,08/01/2011
11.4762,09/01/2011
11.2846,10/01/2011
11.0983,11/01/2011
11.2793,12/01/2011
11.3748,13/01/2011
11.0967,14/01/2011
11.0967,15/01/2011
11.0967,16/01/2011
11.0089,17/01/2011
11.0101,18/01/2011
11.0081,19/01/2011
11.0644,20/01/2011
11.0644,21/01/2011
11.0644,22/01/2011
11.0644,23/01/2011
11.1476,24/01/2011
11.0691,25/01/2011
11.0691,26/01/2011
11.1196,27/01/2011
10.8736,28/01/2011
10.8736,29/01/2011
10.8736,30/01/2011
10.6728,31/01/2011
10.5621,01/02/2011
10.6979,02/02/2011
10.6748,03/02/2011
10.5972,04/02/2011
10.5972,05/02/2011
10.5972,06/02/2011
10.5623,07/02/2011
10.6738,08/02/2011
10.3685,09/02/2011
10.4548,10/02/2011
10.3425,11/02/2011
10.3425,12/02/2011
10.3425,13/02/2011
10.5660,14/02/2011
10.7328,15/02/2011
10.7328,16/02/2011
10.8031,17/02/2011
10.6546,18/02/2011
10.6546,19/02/2011
10.6546,20/02/2011
10.6189,21/02/2011
10.8448,22/02/2011
10.8751,23/02/2011
10.5026,24/02/2011
10.3517,25/02/2011
10.3517,26/02/2011
10.3517,27/02/2011
10.6178,28/02/2011
10.6891,01/03/2011
10.6891,02/03/2011
10.7273,03/03/2011
10.7392,04/03/2011
10.7392,05/03/2011
10.7392,06/03/2011
10.5568,07/03/2011
10.7031,08/03/2011
10.7273,09/03/2011
10.6704,10/03/2011
10.6422,11/03/2011
10.6422,12/03/2011
10.6422,13/03/2011
10.7518,14/03/2011
10.6147,15/03/2011
10.6983,16/03/2011
10.6703,17/03/2011
10.5783,18/03/2011
10.5783,19/03/2011
10.5783,20/03/2011
10.5007,21/03/2011
10.4209,22/03/2011
10.6125,23/03/2011
10.7245,24/03/2011
10.8923,25/03/2011
10.8923,26/03/2011
10.8923,27/03/2011
11.0608,28/03/2011
11.1741,29/03/2011
11.3325,30/03/2011
11.3065,31/03/2011
11.3065,01/04/2011
11.3065,02/04/2011
11.3065,03/04/2011
11.3065,04/04/2011
11.5134,05/04/2011
11.4011,06/04/2011
11.4039,07/04/2011
11.3448,08/04/2011
11.3448,09/04/2011
11.3448,10/04/2011
11.2883,11/04/2011
11.2883,12/04/2011
11.4554,13/04/2011
11.4554,14/04/2011
11.2912,15/04/2011
11.2912,16/04/2011
11.2912,17/04/2011
11.3835,18/04/2011
11.1191,19/04/2011
11.3446,20/04/2011
11.4008,21/04/2011
11.4008,22/04/2011
11.4008,23/04/2011
11.4008,24/04/2011
11.4008,25/04/2011
11.1592,26/04/2011
11.1750,27/04/2011
11.2370,28/04/2011
11.2032,29/04/2011
11.2032,30/04/2011
11.2032,01/05/2011
11.0607,02/05/2011
10.8271,03/05/2011
10.7194,04/05/2011
10.6855,05/05/2011
11.0008,06/05/2011
11.0008,07/05/2011
11.0008,08/05/2011
10.9361,09/05/2011
10.8899,10/05/2011
10.8340,11/05/2011
10.7207,12/05/2011
10.8089,13/05/2011
10.8089,14/05/2011
10.8089,15/05/2011
10.8872,16/05/2011
10.8872,17/05/2011
10.5502,18/05/2011
10.5797,19/05/2011
10.7649,20/05/2011
10.7649,21/05/2011
10.7649,22/05/2011
10.7209,23/05/2011
10.7209,24/05/2011
10.6080,25/05/2011
10.5796,26/05/2011
10.8581,27/05/2011
10.8581,28/05/2011
10.8581,29/05/2011
10.8581,30/05/2011
10.7928,31/05/2011
10.8919,01/06/2011
10.8927,02/06/2011
10.8654,03/06/2011
10.8654,04/06/2011
10.8654,05/06/2011
10.9494,06/06/2011
10.7784,07/06/2011
10.7790,08/06/2011
10.8358,09/06/2011
10.8352,10/06/2011
10.8352,11/06/2011
10.8352,12/06/2011
10.7247,13/06/2011
10.7246,14/06/2011
10.7246,15/06/2011
10.7218,16/06/2011
10.6456,17/06/2011
10.6456,18/06/2011
10.6456,19/06/2011
10.3293,20/06/2011
10.3292,21/06/2011
10.3634,22/06/2011
10.5567,23/06/2011
10.7228,24/06/2011
10.7228,25/06/2011
10.7228,26/06/2011
10.7819,27/06/2011
10.8191,28/06/2011
10.8703,29/06/2011
10.9507,30/06/2011
10.9507,02/07/2011
10.9507,03/07/2011
11.0073,04/07/2011
11.0073,05/07/2011
11.0073,06/07/2011
11.1697,07/07/2011
11.0673,08/07/2011
11.0673,09/07/2011
11.0673,10/07/2011
11.0075,11/07/2011
10.8940,12/07/2011
10.8374,13/07/2011
10.8374,14/07/2011
10.8374,15/07/2011
10.8374,16/07/2011
10.8374,17/07/2011
10.7806,18/07/2011
10.7806,19/07/2011
10.7394,20/07/2011
10.8426,21/07/2011
11.0354,22/07/2011
11.0354,23/07/2011
11.0354,24/07/2011
10.9504,25/07/2011
10.8956,26/07/2011
10.9523,27/07/2011
10.8956,28/07/2011
10.8956,29/07/2011
10.8956,30/07/2011
10.8956,31/07/2011
10.8956,01/08/2011
10.6699,02/08/2011
10.9520,03/08/2011
10.5040,04/08/2011
10.5803,05/08/2011
10.5803,06/08/2011
10.5803,07/08/2011
10.0240,08/08/2011
10.0503,09/08/2011
10.2781,10/08/2011
10.1203,11/08/2011
10.0512,12/08/2011
10.0512,13/08/2011
10.0512,14/08/2011
10.0512,15/08/2011
10.1333,16/08/2011
9.9671,17/08/2011
9.7717,18/08/2011
9.7717,19/08/2011
9.7717,20/08/2011
9.7717,21/08/2011
9.9409,22/08/2011
9.9226,23/08/2011
9.7301,24/08/2011
9.8351,25/08/2011
9.4681,26/08/2011
9.4681,27/08/2011
9.4681,28/08/2011
9.6758,29/08/2011
9.7802,30/08/2011
9.7802,31/08/2011
9.7802,01/09/2011
10.1226,02/09/2011
10.1226,03/09/2011
10.1226,04/09/2011
9.8943,05/09/2011
10.0605,06/09/2011
10.0660,07/09/2011
10.1158,08/09/2011
10.0054,09/09/2011
10.0054,10/09/2011
10.0054,11/09/2011
9.8347,12/09/2011
9.8347,13/09/2011
10.0039,14/09/2011
10.0603,15/09/2011
10.0884,16/09/2011
10.0884,17/09/2011
10.0884,18/09/2011
9.9481,19/09/2011
9.8373,20/09/2011
10.1343,21/09/2011
9.9803,22/09/2011
9.6272,23/09/2011
9.6272,24/09/2011
9.6272,25/09/2011
9.4293,26/09/2011
9.7825,27/09/2011
9.7824,28/09/2011
9.7263,29/09/2011
9.6842,30/09/2011
9.6842,01/10/2011
9.6842,02/10/2011
9.6699,03/10/2011
9.5559,04/10/2011
9.5559,05/10/2011
9.5559,06/10/2011
9.7835,07/10/2011
9.7835,08/10/2011
9.7835,09/10/2011
9.6982,10/10/2011
9.8403,11/10/2011
10.1073,12/10/2011
9.9808,13/10/2011
10.0739,14/10/2011
10.0739,15/10/2011
10.0739,16/10/2011
10.1226,17/10/2011
10.0373,18/10/2011
10.1153,19/10/2011
9.9004,20/10/2011
10.1274,21/10/2011
10.1274,22/10/2011
10.1274,23/10/2011
10.2369,24/10/2011
10.0708,25/10/2011
10.0708,26/10/2011
10.0708,27/10/2011
10.6313,28/10/2011
10.6313,29/10/2011
10.6313,30/10/2011
10.3566,31/10/2011
10.3052,01/11/2011
10.3006,02/11/2011
10.2441,03/11/2011
10.4654,04/11/2011
10.4654,05/11/2011
10.4654,06/11/2011
10.4653,07/11/2011
10.5737,08/11/2011
10.5793,09/11/2011
10.5793,10/11/2011
10.3012,11/11/2011
10.3012,12/11/2011
10.3012,13/11/2011
10.1907,14/11/2011
10.1346,15/11/2011
9.9673,16/11/2011
9.9673,17/11/2011
9.9871,18/11/2011
9.9871,19/11/2011
9.9871,20/11/2011
9.5343,21/11/2011
9.6463,22/11/2011
9.8567,23/11/2011
9.7621,24/11/2011
9.7925,25/11/2011
9.7925,26/11/2011
9.7925,27/11/2011
9.7456,28/11/2011
9.7851,29/11/2011
9.5346,30/11/2011
9.9564,01/12/2011
9.9288,02/12/2011
9.9288,03/12/2011
9.9288,04/12/2011
10.0279,05/12/2011
10.0279,06/12/2011
10.0335,07/12/2011
9.8037,08/12/2011
9.6910,09/12/2011
9.6910,10/12/2011
9.6910,11/12/2011
9.5934,12/12/2011
9.5111,13/12/2011
9.4887,14/12/2011
9.5189,15/12/2011
9.4246,16/12/2011
9.4246,17/12/2011
9.4246,18/12/2011
9.2733,19/12/2011
9.1886,20/12/2011
9.1058,21/12/2011
9.2866,22/12/2011
9.3411,23/12/2011
9.3411,24/12/2011
9.3411,25/12/2011
9.2876,26/12/2011
9.3647,27/12/2011
9.33,28/12/2011
9.2664,29/12/2011
9.1560,30/12/2011
9.1560,31/12/2011
9.1560,01/01/2012
9.1129,02/01/2012
9.1369,03/01/2012
9.3806,04/01/2012
9.3496,05/01/2012
9.3499,06/01/2012
9.3499,07/01/2012
9.3499,08/01/2012
9.3636,09/01/2012
9.3416,10/01/2012
9.5461,11/01/2012
9.5670,12/01/2012
9.5102,13/01/2012
9.5102,14/01/2012
9.5102,15/01/2012
9.5772,16/01/2012
9.5936,17/01/2012
9.7744,18/01/2012
9.7509,19/01/2012
9.8727,20/01/2012
9.8727,21/01/2012
9.8727,22/01/2012
9.9313,23/01/2012
9.9270,24/01/2012
10.0851,25/01/2012
10.0851,26/01/2012
10.1361,27/01/2012
10.1361,28/01/2012
10.1361,29/01/2012
10.2254,30/01/2012
9.9991,31/01/2012
10.2097,01/02/2012
10.2815,02/02/2012
10.3549,03/02/2012
10.3549,04/02/2012
10.3549,05/02/2012
10.4650,06/02/2012
10.5346,07/02/2012
10.4855,08/02/2012
10.5507,09/02/2012
10.6375,10/02/2012
10.6375,11/02/2012
10.6375,12/02/2012
10.5773,13/02/2012
10.5962,14/02/2012
10.6495,15/02/2012
10.6495,16/02/2012
10.8597,17/02/2012
10.8597,18/02/2012
10.8597,19/02/2012
10.8597,20/02/2012
10.9433,21/02/2012
11.0252,22/02/2012
10.8294,23/02/2012
10.7862,24/02/2012
10.7862,25/02/2012
10.7862,26/02/2012
10.6812,27/02/2012
10.3924,28/02/2012
10.5736,29/02/2012
10.5914,01/03/2012
10.5044,02/03/2012
10.5044,03/03/2012
10.5044,04/03/2012
10.5415,05/03/2012
10.3886,06/03/2012
10.2775,07/03/2012
10.2775,08/03/2012
10.2747,09/03/2012
10.2747,10/03/2012
10.2747,11/03/2012
10.4922,12/03/2012
10.5452,13/03/2012
10.6816,14/03/2012
10.7489,15/03/2012
10.5888,16/03/2012
10.5888,17/03/2012
10.5888,18/03/2012
10.4660,19/03/2012
10.3490,20/03/2012
10.3838,21/03/2012
10.5588,22/03/2012
10.5588,23/03/2012
10.5588,24/03/2012
10.5588,25/03/2012
10.3886,26/03/2012
10.2058,27/03/2012
10.3236,28/03/2012
10.2302,29/03/2012
10.1987,30/03/2012
10.1981,31/03/2012
10.1981,01/04/2012
10.1981,02/04/2012
10.4657,03/04/2012
10.5441,04/04/2012
10.5441,05/04/2012
10.5441,06/04/2012
10.5441,07/04/2012
10.5441,08/04/2012
10.4728,09/04/2012
10.3006,10/04/2012
10.3185,11/04/2012
10.2873,12/04/2012
10.3827,13/04/2012
10.3827,14/04/2012
10.3827,15/04/2012
10.2489,16/04/2012
10.2864,17/04/2012
10.41,18/04/2012
10.4291,19/04/2012
10.4922,20/04/2012
10.4922,21/04/2012
10.4922,22/04/2012
10.4106,23/04/2012
10.2331,24/04/2012
10.2762,25/04/2012
10.2357,26/04/2012
10.2114,27/04/2012
10.2114,28/04/2012
10.2114,29/04/2012
10.2153,30/04/2012
10.2153,01/05/2012
10.3273,02/05/2012
10.3087,03/05/2012
10.2099,04/05/2012
10.2099,05/05/2012
10.2099,06/05/2012
10.0107,07/05/2012
10.0640,08/05/2012
9.8473,09/05/2012
9.7989,10/05/2012
9.7803,11/05/2012
9.7803,12/05/2012
9.7803,13/05/2012
9.7120,14/05/2012
9.6677,15/05/2012
9.7371,16/05/2012
9.5740,17/05/2012
9.5955,18/05/2012
9.5955,19/05/2012
9.5955,20/05/2012
9.6395,21/05/2012
9.6670,22/05/2012
9.5792,23/05/2012
9.5308,24/05/2012
9.7135,25/05/2012
9.7135,26/05/2012
9.7135,27/05/2012
9.7122,28/05/2012
9.8382,29/05/2012
9.8469,30/05/2012
9.7686,31/05/2012
9.7383,01/06/2012
9.7383,02/06/2012
9.7383,03/06/2012
9.6154,04/06/2012
9.6513,05/06/2012
9.6802,06/06/2012
9.9432,07/06/2012
10.0523,08/06/2012
10.0523,09/06/2012
10.0523,10/06/2012
10.0907,11/06/2012
10.0783,12/06/2012
10.2007,13/06/2012
10.2104,14/06/2012
10.0868,15/06/2012
10.0868,16/06/2012
10.0868,17/06/2012
10.2523,18/06/2012
10.1052,19/06/2012
10.1844,20/06/2012
10.2167,21/06/2012
10.3048,22/06/2012
10.3048,23/06/2012
10.3048,24/06/2012
10.2771,25/06/2012
10.2146,26/06/2012
10.2278,27/06/2012
10.2688,28/06/2012
10.2906,29/06/2012
10.2906,30/06/2012
10.2906,01/07/2012
10.5469,02/07/2012
10.5460,03/07/2012
10.5650,04/07/2012
10.5894,05/07/2012
10.6397,06/07/2012
10.6397,07/07/2012
10.6397,08/07/2012
10.6188,09/07/2012
10.5379,10/07/2012
10.6749,11/07/2012
10.5982,12/07/2012
10.4555,13/07/2012
10.4555,14/07/2012
10.4555,15/07/2012
10.4416,16/07/2012
10.3876,17/07/2012
10.3789,18/07/2012
10.4297,19/07/2012
10.4820,20/07/2012
10.4820,21/07/2012
10.4820,22/07/2012
10.4075,23/07/2012
10.2360,24/07/2012
10.2575,25/07/2012
10.2205,26/07/2012
10.0883,27/07/2012
10.0883,28/07/2012
10.0883,29/07/2012
10.1999,30/07/2012
10.3962,31/07/2012
10.4537,01/08/2012
10.4778,02/08/2012
10.4527,03/08/2012
10.4527,04/08/2012
10.4527,05/08/2012
10.4292,06/08/2012
10.5610,07/08/2012
10.6705,08/08/2012
10.6733,09/08/2012
10.6318,10/08/2012
10.6318,11/08/2012
10.6318,12/08/2012
10.6262,13/08/2012
10.6799,14/08/2012
10.6799,15/08/2012
10.7511,16/08/2012
10.7188,17/08/2012
10.7188,18/08/2012
10.7188,19/08/2012
10.7188,20/08/2012
10.7246,21/08/2012
10.8330,22/08/2012
10.8166,23/08/2012
10.8219,24/08/2012
10.8219,25/08/2012
10.8219,26/08/2012
10.7654,27/08/2012
10.6937,28/08/2012
10.6629,29/08/2012
10.5702,30/08/2012
10.6230,31/08/2012
10.6230,01/09/2012
10.6230,02/09/2012
10.5131,03/09/2012
10.5032,04/09/2012
10.5426,05/09/2012
10.4486,06/09/2012
10.4755,07/09/2012
10.4755,08/09/2012
10.4755,09/09/2012
10.6781,10/09/2012
10.7192,11/09/2012
10.7720,12/09/2012
10.8530,13/09/2012
10.8617,14/09/2012
10.8617,15/09/2012
10.8617,16/09/2012
11.1447,17/09/2012
11.2086,18/09/2012
11.2086,19/09/2012
11.1898,20/09/2012
11.0989,21/09/2012
11.0989,22/09/2012
11.0989,23/09/2012
11.3710,24/09/2012
11.3283,25/09/2012
11.3364,26/09/2012
11.3162,27/09/2012
11.2890,28/09/2012
11.2888,29/09/2012
11.2911,30/09/2012
11.3979,01/10/2012
11.3979,02/10/2012
11.4294,03/10/2012
11.4543,04/10/2012
11.5668,05/10/2012
11.5668,06/10/2012
11.5668,07/10/2012
11.4854,08/10/2012
11.3444,09/10/2012
11.4009,10/10/2012
11.2969,11/10/2012
11.4081,12/10/2012
11.4081,13/10/2012
11.4081,14/10/2012
11.3437,15/10/2012
11.3659,16/10/2012
11.2874,17/10/2012
11.3121,18/10/2012
11.4326,19/10/2012
11.4326,20/10/2012
11.4326,21/10/2012
11.3649,22/10/2012
11.43,23/10/2012
11.43,24/10/2012
11.3793,25/10/2012
11.3793,26/10/2012
11.3793,27/10/2012
11.3793,28/10/2012
11.3251,29/10/2012
11.3279,30/10/2012
11.1934,31/10/2012
11.2373,01/11/2012
11.2957,02/11/2012
11.2957,03/11/2012
11.2957,04/11/2012
11.4006,05/11/2012
11.4145,06/11/2012
11.4547,07/11/2012
11.5266,08/11/2012
11.4824,09/11/2012
11.4824,10/11/2012
11.4824,11/11/2012
11.3779,12/11/2012
11.3779,13/11/2012
11.3779,14/11/2012
11.3724,15/11/2012
11.2664,16/11/2012
11.2664,17/11/2012
11.2664,18/11/2012
11.1536,19/11/2012
11.1481,20/11/2012
11.1484,21/11/2012
11.2347,22/11/2012
11.2605,23/11/2012
11.2605,24/11/2012
11.2605,25/11/2012
11.2580,26/11/2012
11.2762,27/11/2012
11.2762,28/11/2012
11.4587,29/11/2012
11.6532,30/11/2012
11.6532,01/12/2012
11.6532,02/12/2012
11.7609,03/12/2012
11.7434,04/12/2012
11.7797,05/12/2012
11.8020,06/12/2012
11.8619,07/12/2012
11.8619,08/12/2012
11.8619,09/12/2012
11.8151,10/12/2012
11.8177,11/12/2012
11.7976,12/12/2012
11.7762,13/12/2012
11.7035,14/12/2012
11.7035,15/12/2012
11.7035,16/12/2012
11.7596,17/12/2012
11.7159,18/12/2012
11.7933,19/12/2012
11.8585,20/12/2012
11.8320,21/12/2012
11.8320,22/12/2012
11.8320,23/12/2012
11.6954,24/12/2012
11.6954,25/12/2012
11.7164,26/12/2012
11.8153,27/12/2012
11.7449,28/12/2012
11.7449,29/12/2012
11.7449,30/12/2012
11.8174,31/12/2012
11.8107,01/01/2013
11.9015,02/01/2013
11.9855,03/01/2013
12.0174,04/01/2013
12.0174,05/01/2013
12.0174,06/01/2013
12.0306,07/01/2013
11.9748,08/01/2013
12.0009,09/01/2013
11.9404,10/01/2013
11.9348,11/01/2013
11.9348,12/01/2013
11.9348,13/01/2013
11.9002,14/01/2013
12.0437,15/01/2013
12.1077,16/01/2013
11.9974,17/01/2013
12.0715,18/01/2013
12.0715,19/01/2013
12.0715,20/01/2013
12.1218,21/01/2013
12.1574,22/01/2013
12.0890,23/01/2013
12.1021,24/01/2013
12.1021,25/01/2013
12.1021,26/01/2013
12.1021,27/01/2013
12.1426,28/01/2013
12.1422,29/01/2013
12.0924,30/01/2013
12.1039,31/01/2013
12.0620,01/02/2013
12.0620,02/02/2013
12.0620,03/02/2013
11.9913,04/02/2013
11.9668,05/02/2013
11.9082,06/02/2013
11.9126,07/02/2013
11.8724,08/02/2013
11.8724,09/02/2013
11.8724,10/02/2013
11.8023,11/02/2013
11.7905,12/02/2013
11.8390,13/02/2013
11.8617,14/02/2013
11.8142,15/02/2013
11.8142,16/02/2013
11.8142,17/02/2013
11.8056,18/02/2013
11.8056,19/02/2013
11.8599,20/02/2013
11.7293,21/02/2013
11.6810,22/02/2013
11.6810,23/02/2013
11.6810,24/02/2013
11.6865,25/02/2013
11.5529,26/02/2013
11.5580,27/02/2013
11.4251,28/02/2013
11.4147,01/03/2013
11.4147,02/03/2013
11.4147,03/03/2013
11.3983,04/03/2013
11.5112,05/03/2013
11.6027,06/03/2013
11.6841,07/03/2013
11.8247,08/03/2013
11.8247,09/03/2013
11.8247,10/03/2013
11.8603,11/03/2013
11.8184,12/03/2013
11.7155,13/03/2013
11.7677,14/03/2013
11.7447,15/03/2013
11.7447,16/03/2013
11.7447,17/03/2013
11.6770,18/03/2013
11.5339,19/03/2013
11.4197,20/03/2013
11.3459,21/03/2013
11.3214,22/03/2013
11.3214,23/03/2013
11.3213,24/03/2013
11.2866,25/03/2013
11.2890,26/03/2013
11.2890,27/03/2013
11.3539,28/03/2013
11.3538,29/03/2013
11.3538,30/03/2013
11.3537,31/03/2013
11.3537,01/04/2013
11.4783,02/04/2013
11.3903,03/04/2013
11.2162,04/04/2013
11.1428,05/04/2013
11.1428,06/04/2013
11.1427,07/04/2013
11.1194,08/04/2013
11.0460,09/04/2013
11.1148,10/04/2013
11.1148,11/04/2013
11.1192,12/04/2013
11.1192,13/04/2013
11.1192,14/04/2013
11.1455,15/04/2013
11.3330,16/04/2013
11.3873,17/04/2013
11.5294,18/04/2013
11.5294,19/04/2013
11.5293,20/04/2013
11.5292,21/04/2013
11.6475,22/04/2013
11.6738,23/04/2013
11.6738,24/04/2013
11.7929,25/04/2013
11.7619,26/04/2013
11.7619,27/04/2013
11.7618,28/04/2013
11.7902,29/04/2013
11.8457,30/04/2013
11.8457,01/05/2013
11.9621,02/05/2013
11.9078,03/05/2013
11.9078,04/05/2013
11.9077,05/05/2013
11.9246,06/05/2013
12.0455,07/05/2013
12.1154,08/05/2013
12.0975,09/05/2013
12.1629,10/05/2013
12.1629,11/05/2013
12.1628,12/05/2013
12.0133,13/05/2013
11.9864,14/05/2013
12.2176,15/05/2013
12.3163,16/05/2013
12.3508,17/05/2013
12.3508,18/05/2013
12.3508,19/05/2013
12.3132,20/05/2013
12.2368,21/05/2013
12.1902,22/05/2013
11.9940,23/05/2013
11.9650,24/05/2013
11.9650,25/05/2013
11.9649,26/05/2013
12.1191,27/05/2013
12.2074,28/05/2013
12.2103,29/05/2013
12.2528,30/05/2013
12.0758,31/05/2013
12.0758,01/06/2013
12.0757,02/06/2013
11.9531,03/06/2013
11.9045,04/06/2013
11.9025,05/06/2013
11.9044,06/06/2013
11.8455,07/06/2013
11.8455,08/06/2013
11.8454,09/06/2013
11.8246,10/06/2013
11.6944,11/06/2013
11.6161,12/06/2013
11.5178,13/06/2013
11.6639,14/06/2013
11.6639,15/06/2013
11.6639,16/06/2013
11.7727,17/06/2013
11.7339,18/06/2013
11.7324,19/06/2013
11.4843,20/06/2013
11.4363,21/06/2013
11.4363,22/06/2013
11.4362,23/06/2013
11.3237,24/06/2013
11.3157,25/06/2013
11.2905,26/06/2013
11.4404,27/06/2013
11.7325,28/06/2013
11.7324,29/06/2013
11.7323,30/06/2013
11.8843,01/07/2013
11.8411,02/07/2013
11.6879,03/07/2013
11.7615,04/07/2013
11.8398,05/07/2013
11.8398,06/07/2013
11.8397,07/07/2013
11.7634,08/07/2013
11.8159,09/07/2013
11.7729,10/07/2013
11.9422,11/07/2013
12.1044,12/07/2013
12.1044,13/07/2013
12.1044,14/07/2013
12.1699,15/07/2013
12.0615,16/07/2013
12.0601,17/07/2013
12.1716,18/07/2013
12.1839,19/07/2013
12.1839,20/07/2013
12.1838,21/07/2013
12.1869,22/07/2013
12.2586,23/07/2013
12.1419,24/07/2013
11.9804,25/07/2013
11.9169,26/07/2013
11.9169,27/07/2013
11.9168,28/07/2013
11.8241,29/07/2013
11.6892,30/07/2013
11.6424,31/07/2013
11.6162,01/08/2013
11.5350,02/08/2013
11.5350,03/08/2013
11.5349,04/08/2013
11.5281,05/08/2013
11.3141,06/08/2013
11.2194,07/08/2013
11.2860,08/08/2013
11.2860,09/08/2013
11.2859,10/08/2013
11.2858,11/08/2013
11.3786,12/08/2013
11.5405,13/08/2013
11.6431,14/08/2013
11.6431,15/08/2013
11.2828,16/08/2013
11.2828,17/08/2013
11.2827,18/08/2013
11.0470,19/08/2013
10.9915,20/08/2013
10.8291,21/08/2013
10.9622,22/08/2013
11.1009,23/08/2013
11.1009,24/08/2013
11.1008,25/08/2013
11.1311,26/08/2013
10.8349,27/08/2013
10.7623,28/08/2013
10.9570,29/08/2013
11.1012,30/08/2013
11.1012,31/08/2013
11.1011,01/09/2013
11.2477,02/09/2013
10.9538,03/09/2013
11.0455,04/09/2013
11.3108,05/09/2013
11.5003,06/09/2013
11.5003,07/09/2013
11.5002,08/09/2013
11.5002,09/09/2013
11.8630,10/09/2013
11.9621,11/09/2013
11.8724,12/09/2013
11.8538,13/09/2013
11.8538,14/09/2013
11.8537,15/09/2013
11.8337,16/09/2013
11.8479,17/09/2013
11.9326,18/09/2013
12.2954,19/09/2013
12.2117,20/09/2013
12.2117,21/09/2013
12.2116,22/09/2013
11.9849,23/09/2013
11.9448,24/09/2013
11.9202,25/09/2013
11.9240,26/09/2013
11.8502,27/09/2013
11.8502,28/09/2013
11.8501,29/09/2013
11.6768,30/09/2013
11.7118,01/10/2013
11.7118,02/10/2013
11.9394,03/10/2013
11.9790,04/10/2013
11.9790,05/10/2013
11.9789,06/10/2013
11.9742,07/10/2013
12.0111,08/10/2013
12.1466,09/10/2013
12.1917,10/10/2013
12.3205,11/10/2013
12.3205,12/10/2013
12.3204,13/10/2013
12.3716,14/10/2013
12.3356,15/10/2013
12.3356,16/10/2013
12.2659,17/10/2013
12.4913,18/10/2013
12.4913,19/10/2013
12.4912,20/10/2013
12.5666,21/10/2013
12.5703,22/10/2013
12.5310,23/10/2013
12.5006,24/10/2013
12.4657,25/10/2013
12.4657,26/10/2013
12.4656,27/10/2013
12.3850,28/10/2013
12.5682,29/10/2013
12.6536,30/10/2013
12.7450,31/10/2013
12.7754,01/11/2013
12.7754,02/11/2013
12.7753,03/11/2013
12.7752,04/11/2013
12.6832,05/11/2013
12.6047,06/11/2013
12.5440,07/11/2013
12.4637,08/11/2013
12.4637,09/11/2013
12.4636,10/11/2013
12.3437,11/11/2013
12.2265,12/11/2013
12.1639,13/11/2013
12.2652,14/11/2013
12.2652,15/11/2013
12.2651,16/11/2013
12.2650,17/11/2013
12.5026,18/11/2013
12.5702,19/11/2013
12.4396,20/11/2013
12.2090,21/11/2013
12.1618,22/11/2013
12.1618,23/11/2013
12.1617,24/11/2013
12.3570,25/11/2013
12.3004,26/11/2013
12.2786,27/11/2013
12.3367,28/11/2013
12.4878,29/11/2013
12.4878,30/11/2013
12.4877,01/12/2013
12.5838,02/12/2013
12.5708,03/12/2013
12.4981,04/12/2013
12.6140,05/12/2013
12.6733,06/12/2013
12.6733,07/12/2013
12.6732,08/12/2013
12.8524,09/12/2013
12.8348,10/12/2013
12.7847,11/12/2013
12.6574,12/12/2013
12.5243,13/12/2013
12.5243,14/12/2013
12.5242,15/12/2013
12.4834,16/12/2013
12.4623,17/12/2013
12.5843,18/12/2013
12.5289,19/12/2013
12.6864,20/12/2013
12.6864,21/12/2013
12.6863,22/12/2013
12.7381,23/12/2013
12.7181,24/12/2013
12.7181,25/12/2013
12.7286,26/12/2013
12.7864,27/12/2013
12.7864,28/12/2013
12.7863,29/12/2013
12.7535,30/12/2013
12.7716,31/12/2013
12.7714,01/01/2014
12.6268,02/01/2014
12.5885,03/01/2014
12.5885,04/01/2014
12.5884,05/01/2014
12.5490,06/01/2014
12.4926,07/01/2014
12.5055,08/01/2014
12.4978,09/01/2014
12.5016,10/01/2014
12.5016,11/01/2014
12.5015,12/01/2014
12.6756,13/01/2014
12.6756,14/01/2014
12.7716,15/01/2014
12.7863,16/01/2014
12.6930,17/01/2014
12.6930,18/01/2014
12.6929,19/01/2014
12.7520,20/01/2014
12.7775,21/01/2014
12.8261,22/01/2014
12.8421,23/01/2014
12.7043,24/01/2014
12.7043,25/01/2014
12.7042,26/01/2014
12.4596,27/01/2014
12.4135,28/01/2014
12.4022,29/01/2014
12.3174,30/01/2014
12.3451,31/01/2014
12.3451,01/02/2014
12.3450,02/02/2014
12.1973,03/02/2014
12.1759,04/02/2014
12.2105,05/02/2014
12.2382,06/02/2014
12.2902,07/02/2014
12.2902,08/02/2014
12.2901,09/02/2014
12.2851,10/02/2014
12.2967,11/02/2014
12.3362,12/02/2014
12.1989,13/02/2014
12.2790,14/02/2014
12.2790,15/02/2014
12.2789,16/02/2014
12.3256,17/02/2014
12.4322,18/02/2014
12.4322,19/02/2014
12.3618,20/02/2014
12.4881,21/02/2014
12.4881,22/02/2014
12.4880,23/02/2014
12.5484,24/02/2014
12.5758,25/02/2014
12.6518,26/02/2014
12.6518,27/02/2014
12.7267,28/02/2014
12.7267,01/03/2014
12.7266,02/03/2014
12.6179,03/03/2014
12.7691,04/03/2014
12.8291,05/03/2014
12.9708,06/03/2014
13.2155,07/03/2014
13.2155,08/03/2014
13.2154,09/03/2014
13.2362,10/03/2014
13.1897,11/03/2014
13.1994,12/03/2014
13.1534,13/03/2014
13.1791,14/03/2014
13.1791,15/03/2014
13.1790,16/03/2014
13.1789,17/03/2014
13.2043,18/03/2014
13.2189,19/03/2014
13.1375,20/03/2014
13.1576,21/03/2014
13.1576,22/03/2014
13.1575,23/03/2014
13.3382,24/03/2014
13.3506,25/03/2014
13.3737,26/03/2014
13.4579,27/03/2014
13.5675,28/03/2014
13.5675,29/03/2014
13.5674,30/03/2014
13.5837,31/03/2014
13.5836,01/04/2014
13.6789,02/04/2014
13.6463,03/04/2014
13.5641,04/04/2014
13.5641,05/04/2014
13.5640,06/04/2014
13.5656,07/04/2014
13.5656,08/04/2014
13.7632,09/04/2014
13.7637,10/04/2014
13.7246,11/04/2014
13.7246,12/04/2014
13.7245,13/04/2014
13.7244,14/04/2014
13.6406,15/04/2014
13.5291,16/04/2014
13.7297,17/04/2014
13.7297,18/04/2014
13.7296,19/04/2014
13.7295,20/04/2014
13.8035,21/04/2014
13.7997,22/04/2014
13.8485,23/04/2014
13.8485,24/04/2014
13.7375,25/04/2014
13.7375,26/04/2014
13.7374,27/04/2014
13.6963,28/04/2014
13.6042,29/04/2014
13.5663,30/04/2014
13.5663,01/05/2014
13.5630,02/05/2014
13.5630,03/05/2014
13.5629,04/05/2014
13.5720,05/05/2014
13.6036,06/05/2014
13.4788,07/05/2014
13.4932,08/05/2014
13.8864,09/05/2014
13.8864,10/05/2014
13.8863,11/05/2014
14.1938,12/05/2014
14.3836,13/05/2014
14.3836,14/05/2014
14.4123,15/05/2014
14.5813,16/05/2014
14.5813,17/05/2014
14.5812,18/05/2014
14.7023,19/05/2014
14.7260,20/05/2014
14.6810,21/05/2014
14.7279,22/05/2014
14.9087,23/05/2014
14.9087,24/05/2014
14.9086,25/05/2014
14.8925,26/05/2014
14.8106,27/05/2014
14.8337,28/05/2014
14.6614,29/05/2014
14.6501,30/05/2014
14.6501,31/05/2014
14.65,01/06/2014
14.9131,02/06/2014
15.0385,03/06/2014
15.0115,04/06/2014
15.1769,05/06/2014
15.3992,06/06/2014
15.3992,07/06/2014
15.3991,08/06/2014
15.5396,09/06/2014
15.5432,10/06/2014
15.4880,11/06/2014
15.5383,12/06/2014
15.3265,13/06/2014
15.3265,14/06/2014
15.3264,15/06/2014
15.3117,16/06/2014
15.5039,17/06/2014
15.36,18/06/2014
15.3260,19/06/2014
15.2696,20/06/2014
15.2696,21/06/2014
15.2695,22/06/2014
15.2345,23/06/2014
15.4033,24/06/2014
15.3821,25/06/2014
15.2324,26/06/2014
15.2638,27/06/2014
15.2638,28/06/2014
15.2636,29/06/2014
15.4695,30/06/2014
15.5161,01/07/2014
15.6966,02/07/2014
15.6844,03/07/2014
15.7718,04/07/2014
15.7718,05/07/2014
15.7717,06/07/2014
15.8422,07/07/2014
15.5177,08/07/2014
15.4464,09/07/2014
15.4124,10/07/2014
15.2005,11/07/2014
15.2005,12/07/2014
15.2004,13/07/2014
15.1938,14/07/2014
15.3363,15/07/2014
15.5281,16/07/2014
15.5652,17/07/2014
15.6110,18/07/2014
15.6110,19/07/2014
15.6109,20/07/2014
15.6531,21/07/2014
15.8147,22/07/2014
15.8701,23/07/2014
15.9378,24/07/2014
15.8619,25/07/2014
15.8619,26/07/2014
15.8618,27/07/2014
15.7968,28/07/2014
15.7968,29/07/2014
15.8829,30/07/2014
15.7428,31/07/2014
15.5057,01/08/2014
15.5057,02/08/2014
15.5057,03/08/2014
15.6678,04/08/2014
15.7949,05/08/2014
15.6472,06/08/2014
15.6019,07/08/2014
15.4441,08/08/2014
15.4441,09/08/2014
15.4441,10/08/2014
15.5571,11/08/2014
15.7572,12/08/2014
15.7912,13/08/2014
15.8955,14/08/2014
15.8955,15/08/2014
15.8955,16/08/2014
15.8955,17/08/2014
15.8955,18/08/2014
16.1034,19/08/2014
16.0609,20/08/2014
16.0933,21/08/2014
16.1369,22/08/2014
16.1369,23/08/2014
16.1369,24/08/2014
16.1221,25/08/2014
16.1193,26/08/2014
16.1834,27/08/2014
16.2191,28/08/2014
16.2191,29/08/2014
16.2191,30/08/2014
16.2191,31/08/2014
16.3619,01/09/2014
16.4674,02/09/2014
16.5268,03/09/2014
16.4916,04/09/2014
16.4747,05/09/2014
16.4747,06/09/2014
16.4747,07/09/2014
16.6483,08/09/2014
16.6073,09/09/2014
16.4912,10/09/2014
16.4763,11/09/2014
16.5143,12/09/2014
16.5143,13/09/2014
16.5143,14/09/2014
16.3922,15/09/2014
16.1793,16/09/2014
16.2633,17/09/2014
16.5339,18/09/2014
16.5450,19/09/2014
16.5450,20/09/2014
16.5450,21/09/2014
16.5972,22/09/2014
16.3405,23/09/2014
16.3106,24/09/2014
16.1303,25/09/2014
16.2434,26/09/2014
16.2434,27/09/2014
16.2434,28/09/2014
16.2240,29/09/2014
16.2360,30/09/2014
16.1980,01/10/2014
16.1980,02/10/2014
16.1980,03/10/2014
16.1980,04/10/2014
16.1980,05/10/2014
16.1979,06/10/2014
16.0148,07/10/2014
15.9956,08/10/2014
16.2281,09/10/2014
16.0304,10/10/2014
16.0304,11/10/2014
16.0304,12/10/2014
16.0785,13/10/2014
16.0388,14/10/2014
16.0388,15/10/2014
15.8209,16/10/2014
15.8824,17/10/2014
15.8824,18/10/2014
15.8824,19/10/2014
16.0778,20/10/2014
16.1732,21/10/2014
16.3061,22/10/2014
16.3061,23/10/2014
16.3061,24/10/2014
16.3061,25/10/2014
16.3061,26/10/2014
16.2989,27/10/2014
16.37,28/10/2014
16.4977,29/10/2014
16.6547,30/10/2014
16.9610,31/10/2014
16.9610,01/11/2014
16.9610,02/11/2014
16.9667,03/11/2014
16.9667,04/11/2014
16.9951,05/11/2014
16.9951,06/11/2014
16.9930,07/11/2014
16.9930,08/11/2014
16.9930,09/11/2014
17.0077,10/11/2014
17.0439,11/11/2014
17.0846,12/11/2014
17.0361,13/11/2014
17.0993,14/11/2014
17.0993,15/11/2014
17.0993,16/11/2014
17.1833,17/11/2014
17.1736,18/11/2014
17.0853,19/11/2014
17.1249,20/11/2014
17.2774,21/11/2014
17.2774,22/11/2014
17.2774,23/11/2014
17.3841,24/11/2014
17.2488,25/11/2014
17.2743,26/11/2014
17.3115,27/11/2014
17.5010,28/11/2014
17.5010,29/11/2014
17.5010,30/11/2014
17.4360,01/12/2014
17.3734,02/12/2014
17.3995,03/12/2014
17.4532,04/12/2014
17.4010,05/12/2014
17.4010,06/12/2014
17.4010,07/12/2014
17.2010,08/12/2014
17.0060,09/12/2014
17.0361,10/12/2014
16.9108,11/12/2014
16.7737,12/12/2014
16.7737,13/12/2014
16.7737,14/12/2014
16.7650,15/12/2014
16.4660,16/12/2014
16.3898,17/12/2014
16.6511,18/12/2014
16.7843,19/12/2014
16.7843,20/12/2014
16.7843,21/12/2014
16.9837,22/12/2014
16.8689,23/12/2014
16.6815,24/12/2014
16.6815,25/12/2014
16.7352,26/12/2014
16.7352,27/12/2014
16.7352,28/12/2014
16.8270,29/12/2014
16.8310,30/12/2014
16.9002,31/12/2014
16.9028,01/01/2015
17.1253,02/01/2015
17.1253,03/01/2015
17.1253,04/01/2015
17.0916,05/01/2015
16.5887,06/01/2015
16.5376,07/01/2015
16.8057,08/01/2015
16.9064,09/01/2015
16.9064,10/01/2015
16.9064,11/01/2015
16.9838,12/01/2015
16.9363,13/01/2015
16.8923,14/01/2015
17.3264,15/01/2015
17.3658,16/01/2015
17.3658,17/01/2015
17.3658,18/01/2015
17.44,19/01/2015
17.7287,20/01/2015
17.7963,21/01/2015
17.8611,22/01/2015
18.0073,23/01/2015
18.0073,24/01/2015
18.0073,25/01/2015
18.0073,26/01/2015
18.1562,27/01/2015
18.1636,28/01/2015
18.2384,29/01/2015
17.9574,30/01/2015
17.9574,31/01/2015
17.9574,01/02/2015
17.9349,02/02/2015
17.8533,03/02/2015
17.79,04/02/2015
17.7660,05/02/2015
17.6650,06/02/2015
17.6650,07/02/2015
17.6650,08/02/2015
17.3954,09/02/2015
17.4748,10/02/2015
17.5997,11/02/2015
17.7696,12/02/2015
17.9589,13/02/2015
17.9589,14/02/2015
17.9589,15/02/2015
17.9678,16/02/2015
17.9678,17/02/2015
18.0899,18/02/2015
18.0899,19/02/2015
18.0182,20/02/2015
18.0182,21/02/2015
18.0182,22/02/2015
17.8597,23/02/2015
17.8742,24/02/2015
17.8845,25/02/2015
17.7174,26/02/2015
18.0393,27/02/2015
18.1538,28/02/2015
18.1538,01/03/2015
18.2662,02/03/2015
18.3606,03/03/2015
18.2141,04/03/2015
18.2442,05/03/2015
18.2442,06/03/2015
18.2441,07/03/2015
18.2441,08/03/2015
17.8855,09/03/2015
17.7957,10/03/2015
17.7711,11/03/2015
17.9265,12/03/2015
17.6672,13/03/2015
17.6672,14/03/2015
17.6672,15/03/2015
17.6375,16/03/2015
17.8194,17/03/2015
17.7436,18/03/2015
17.6409,19/03/2015
17.5277,20/03/2015
17.5277,21/03/2015
17.5277,22/03/2015
17.4881,23/03/2015
17.4770,24/03/2015
17.4550,25/03/2015
17.0788,26/03/2015
17.0812,27/03/2015
17.0812,28/03/2015
17.0812,29/03/2015
17.3861,30/03/2015
17.3826,31/03/2015
17.3826,01/04/2015
17.3826,02/04/2015
17.3826,03/04/2015
17.3826,04/04/2015
17.3826,05/04/2015
17.7239,06/04/2015
17.7247,07/04/2015
17.8333,08/04/2015
17.9613,09/04/2015
17.9656,10/04/2015
17.9656,11/04/2015
17.9656,12/04/2015
18.0730,13/04/2015
18.0730,14/04/2015
17.9066,15/04/2015
17.8202,16/04/2015
17.6208,17/04/2015
17.6208,18/04/2015
17.6208,19/04/2015
17.3093,20/04/2015
17.1707,21/04/2015
17.2734,22/04/2015
17.2109,23/04/2015
17.0239,24/04/2015
17.0239,25/04/2015
17.0239,26/04/2015
16.8401,27/04/2015
16.9865,28/04/2015
16.8925,29/04/2015
16.7743,30/04/2015
16.7743,01/05/2015
16.7743,02/05/2015
16.7743,03/05/2015
16.7743,04/05/2015
17.0590,05/05/2015
16.6038,06/05/2015
16.5277,07/05/2015
16.8119,08/05/2015
16.8119,09/05/2015
16.8119,10/05/2015
17.0837,11/05/2015
16.6771,12/05/2015
16.8990,13/05/2015
16.8778,14/05/2015
16.9553,15/05/2015
16.9553,16/05/2015
16.9553,17/05/2015
17.1816,18/05/2015
17.1644,19/05/2015
17.2805,20/05/2015
17.2736,21/05/2015
17.3475,22/05/2015
17.3475,23/05/2015
17.3475,24/05/2015
17.1670,25/05/2015
17.1046,26/05/2015
17.0987,27/05/2015
17.0776,28/05/2015
17.3069,29/05/2015
17.3069,30/05/2015
17.3069,31/05/2015
17.3249,01/06/2015
16.9348,02/06/2015
16.7532,03/06/2015
16.7608,04/06/2015
16.7361,05/06/2015
16.7361,06/06/2015
16.7361,07/06/2015
16.5970,08/06/2015
16.5542,09/06/2015
16.7553,10/06/2015
16.4424,11/06/2015
16.4771,12/06/2015
16.4771,13/06/2015
16.4771,14/06/2015
16.5546,15/06/2015
16.6217,16/06/2015
16.7081,17/06/2015
16.8699,18/06/2015
16.9714,19/06/2015
16.9714,20/06/2015
16.9714,21/06/2015
17.2218,22/06/2015
17.2763,23/06/2015
17.2360,24/06/2015
17.3107,25/06/2015
17.2768,26/06/2015
17.2768,27/06/2015
17.2768,28/06/2015
17.1515,29/06/2015
17.2515,30/06/2015
17.42,01/07/2015
17.4126,02/07/2015
17.4923,03/07/2015
17.4923,04/07/2015
17.4923,05/07/2015
17.5680,06/07/2015
17.5457,07/07/2015
17.2541,08/07/2015
17.1930,09/07/2015
17.2597,10/07/2015
17.2597,11/07/2015
17.2597,12/07/2015
17.4614,13/07/2015
17.4512,14/07/2015
17.6045,15/07/2015
17.7782,16/07/2015
17.7819,17/07/2015
17.7819,18/07/2015
17.7819,19/07/2015
17.7743,20/07/2015
17.6250,21/07/2015
17.8352,22/07/2015
17.7525,23/07/2015
17.6151,24/07/2015
17.6151,25/07/2015
17.6151,26/07/2015
17.2927,27/07/2015
17.2442,28/07/2015
17.3204,29/07/2015
17.4135,30/07/2015
17.6364,31/07/2015
17.6364,01/08/2015
17.6364,02/08/2015
17.6570,03/08/2015
17.6055,04/08/2015
17.7070,05/08/2015
17.7481,06/08/2015
17.7034,07/08/2015
17.7034,08/08/2015
17.7034,09/08/2015
17.6273,10/08/2015
17.5024,11/08/2015
17.2737,12/08/2015
17.2886,13/08/2015
17.6182,14/08/2015
17.6182,15/08/2015
17.6182,16/08/2015
17.5352,17/08/2015
17.5352,18/08/2015
17.5712,19/08/2015
17.3243,20/08/2015
17.1770,21/08/2015
17.1770,22/08/2015
17.1770,23/08/2015
16.1818,24/08/2015
16.3265,25/08/2015
16.1495,26/08/2015
16.4668,27/08/2015
16.5769,28/08/2015
16.5769,29/08/2015
16.5769,30/08/2015
16.5156,31/08/2015
16.1524,01/09/2015
16.0142,02/09/2015
16.2287,03/09/2015
15.8931,04/09/2015
15.8931,05/09/2015
15.8931,06/09/2015
15.7056,07/09/2015
15.9582,08/09/2015
16.2121,09/09/2015
16.1530,10/09/2015
16.1556,11/09/2015
16.1556,12/09/2015
16.1556,13/09/2015
16.3161,14/09/2015
16.2338,15/09/2015
16.3669,16/09/2015
16.3669,17/09/2015
16.5240,18/09/2015
16.5240,19/09/2015
16.5240,20/09/2015
16.5238,21/09/2015
16.2135,22/09/2015
16.2564,23/09/2015
16.3057,24/09/2015
16.3057,25/09/2015
16.3057,26/09/2015
16.3057,27/09/2015
16.1670,28/09/2015
16.2491,29/09/2015
16.4543,30/09/2015
16.4723,01/10/2015
16.4723,02/10/2015
16.4723,03/10/2015
16.4723,04/10/2015
16.7885,05/10/2015
16.8773,06/10/2015
16.9273,07/10/2015
16.8366,08/10/2015
16.9394,09/10/2015
16.9394,10/10/2015
16.9394,11/10/2015
16.8549,12/10/2015
16.8251,13/10/2015
16.7803,14/10/2015
16.9076,15/10/2015
17.0429,16/10/2015
17.0429,17/10/2015
17.0429,18/10/2015
17.1245,19/10/2015
17.1154,20/10/2015
17.1005,21/10/2015
17.1005,22/10/2015
17.18,23/10/2015
17.18,24/10/2015
17.18,25/10/2015
17.1148,26/10/2015
17.0610,27/10/2015
16.9575,28/10/2015
16.8408,29/10/2015
16.7549,30/10/2015
16.7549,31/10/2015
16.7549,01/11/2015
16.7208,02/11/2015
16.7399,03/11/2015
16.7116,04/11/2015
16.5595,05/11/2015
16.5326,06/11/2015
16.5326,07/11/2015
16.5326,08/11/2015
16.4702,09/11/2015
16.2381,10/11/2015
16.2381,11/11/2015
16.2381,12/11/2015
16.1715,13/11/2015
16.1715,14/11/2015
16.1715,15/11/2015
16.2558,16/11/2015
16.3170,17/11/2015
16.1293,18/11/2015
16.3124,19/11/2015
16.3612,20/11/2015
16.3612,21/11/2015
16.3612,22/11/2015
16.3558,23/11/2015
16.3225,24/11/2015
16.3225,25/11/2015
16.4135,26/11/2015
16.5346,27/11/2015
16.5346,28/11/2015
16.5346,29/11/2015
16.5333,30/11/2015
16.5685,01/12/2015
16.5271,02/12/2015
16.4027,03/12/2015
16.2459,04/12/2015
16.2459,05/12/2015
16.2459,06/12/2015
16.2097,07/12/2015
16.0954,08/12/2015
15.9253,09/12/2015
16.0302,10/12/2015
15.9161,11/12/2015
15.9161,12/12/2015
15.9161,13/12/2015
15.9648,14/12/2015
16.0677,15/12/2015
16.1713,16/12/2015
16.3410,17/12/2015
16.2202,18/12/2015
16.2202,19/12/2015
16.2202,20/12/2015
16.3354,21/12/2015
16.2617,22/12/2015
16.3922,23/12/2015
16.3922,24/12/2015
16.3922,25/12/2015
16.3922,26/12/2015
16.3922,27/12/2015
16.5130,28/12/2015
16.5353,29/12/2015
16.48,30/12/2015
16.5598,31/12/2015
16.5999,01/01/2016
16.5999,02/01/2016
16.5999,03/01/2016
16.3148,04/01/2016
16.2597,05/01/2016
16.1833,06/01/2016
15.8794,07/01/2016
15.8850,08/01/2016
15.8850,09/01/2016
15.8850,10/01/2016
15.8397,11/01/2016
15.7369,12/01/2016
15.8109,13/01/2016
15.7792,14/01/2016
15.5935,15/01/2016
15.5935,16/01/2016
15.5935,17/01/2016
15.4106,18/01/2016
15.5001,19/01/2016
15.3272,20/01/2016
15.2290,21/01/2016
15.4683,22/01/2016
15.4683,23/01/2016
15.4683,24/01/2016
15.5486,25/01/2016
15.5486,26/01/2016
15.5643,27/01/2016
15.5511,28/01/2016
15.7687,29/01/2016
15.7687,30/01/2016
15.7687,31/01/2016
15.8126,01/02/2016
15.6577,02/02/2016
15.4669,03/02/2016
15.4997,04/02/2016
15.6523,05/02/2016
15.6523,06/02/2016
15.6523,07/02/2016
15.5299,08/02/2016
15.3614,09/02/2016
15.1812,10/02/2016
14.7795,11/02/2016
14.6876,12/02/2016
14.6876,13/02/2016
14.6876,14/02/2016
14.9644,15/02/2016
14.8751,16/02/2016
14.9019,17/02/2016
15.06,18/02/2016
15.06,19/02/2016
15.06,20/02/2016
15.06,21/02/2016
15.1682,22/02/2016
14.99,23/02/2016
14.7918,24/02/2016
14.6759,25/02/2016
14.7312,26/02/2016
14.7312,27/02/2016
14.7312,28/02/2016
14.6914,29/02/2016
15.0358,01/03/2016
15.3659,02/03/2016
15.5946,03/03/2016
15.6589,04/03/2016
15.6589,05/03/2016
15.6589,06/03/2016
15.6589,07/03/2016
15.6662,08/03/2016
15.7288,09/03/2016
15.69,10/03/2016
15.6996,11/03/2016
15.6996,12/03/2016
15.6995,13/03/2016
15.7669,14/03/2016
15.6724,15/03/2016
15.7033,16/03/2016
15.7338,17/03/2016
15.8843,18/03/2016
15.8843,19/03/2016
15.8843,20/03/2016
16.0780,21/03/2016
16.1575,22/03/2016
16.1747,23/03/2016
16.1747,24/03/2016
16.1747,25/03/2016
16.1747,26/03/2016
16.1747,27/03/2016
16.0313,28/03/2016
15.9436,29/03/2016
16.1460,30/03/2016
16.2235,31/03/2016
16.2235,01/04/2016
16.2235,02/04/2016
16.2235,03/04/2016
16.2587,04/04/2016
16.0725,05/04/2016
16.01,06/04/2016
15.9292,07/04/2016
15.9292,08/04/2016
15.9292,09/04/2016
15.9292,10/04/2016
16.0857,11/04/2016
16.1890,12/04/2016
16.4210,13/04/2016
16.4210,14/04/2016
16.4210,15/04/2016
16.4210,16/04/2016
16.4210,17/04/2016
16.58,18/04/2016
16.58,19/04/2016
16.6355,20/04/2016
16.6367,21/04/2016
16.6138,22/04/2016
16.6138,23/04/2016
16.6138,24/04/2016
16.5521,25/04/2016
16.6820,26/04/2016
16.7618,27/04/2016
16.5856,28/04/2016
16.5193,29/04/2016
16.5193,30/04/2016
16.5192,01/05/2016
16.4689,02/05/2016
16.3789,03/05/2016
16.2991,04/05/2016
16.3120,05/05/2016
16.3129,06/05/2016
16.3129,07/05/2016
16.3129,08/05/2016
16.4926,09/05/2016
16.5992,10/05/2016
16.5601,11/05/2016
16.6245,12/05/2016
16.5475,13/05/2016
16.5475,14/05/2016
16.5475,15/05/2016
16.5709,16/05/2016
16.6385,17/05/2016
16.6288,18/05/2016
16.5070,19/05/2016
16.41,20/05/2016
16.41,21/05/2016
16.41,22/05/2016
16.3578,23/05/2016
16.3631,24/05/2016
16.5969,25/05/2016
16.8944,26/05/2016
17.0833,27/05/2016
17.0833,28/05/2016
17.0833,29/05/2016
17.1962,30/05/2016
17.1872,31/05/2016
17.1971,01/06/2016
17.2471,02/06/2016
17.2860,03/06/2016
17.2860,04/06/2016
17.2860,05/06/2016
17.2715,06/06/2016
17.3569,07/06/2016
17.4153,08/06/2016
17.3593,09/06/2016
17.2825,10/06/2016
17.2825,11/06/2016
17.2825,12/06/2016
17.1735,13/06/2016
17.1322,14/06/2016
17.2682,15/06/2016
17.2675,16/06/2016
17.2599,17/06/2016
17.2599,18/06/2016
17.2599,19/06/2016
17.3605,20/06/2016
17.3778,21/06/2016
17.3557,22/06/2016
17.4342,23/06/2016
17.2555,24/06/2016
17.2555,25/06/2016
17.2555,26/06/2016
17.1397,27/06/2016
17.2045,28/06/2016
17.3327,29/06/2016
17.4991,30/06/2016
17.6263,01/07/2016
17.6263,02/07/2016
17.6263,03/07/2016
17.7206,04/07/2016
17.7157,05/07/2016
17.7157,06/07/2016
17.7051,07/07/2016
17.6776,08/07/2016
17.6776,09/07/2016
17.6776,10/07/2016
17.8506,11/07/2016
18.0243,12/07/2016
18.0653,13/07/2016
18.1026,14/07/2016
18.1194,15/07/2016
18.1194,16/07/2016
18.1194,17/07/2016
18.0690,18/07/2016
18.0674,19/07/2016
18.1224,20/07/2016
18.1068,21/07/2016
18.1290,22/07/2016
18.1290,23/07/2016
18.1290,24/07/2016
18.2857,25/07/2016
18.3075,26/07/2016
18.2968,27/07/2016
18.3947,28/07/2016
18.3907,29/07/2016
18.3907,30/07/2016
18.3906,31/07/2016
18.4018,01/08/2016
18.4085,02/08/2016
18.2978,03/08/2016
18.2226,04/08/2016
18.3946,05/08/2016
18.3946,06/08/2016
18.3946,07/08/2016
18.5464,08/08/2016
18.5513,09/08/2016
18.3931,10/08/2016
18.3143,11/08/2016
18.4155,12/08/2016
18.4155,13/08/2016
18.4155,14/08/2016
18.4155,15/08/2016
18.4254,16/08/2016
18.4254,17/08/2016
18.4771,18/08/2016
18.5394,19/08/2016
18.5394,20/08/2016
18.5394,21/08/2016
18.5042,22/08/2016
18.4656,23/08/2016
18.4769,24/08/2016
18.4524,25/08/2016
18.3787,26/08/2016
18.3787,27/08/2016
18.3787,28/08/2016
18.4188,29/08/2016
18.5949,30/08/2016
18.7450,31/08/2016
18.7842,01/09/2016
18.7909,02/09/2016
18.7909,03/09/2016
18.7909,04/09/2016
18.7909,05/09/2016
18.9312,06/09/2016
19.0330,07/09/2016
19.0373,08/09/2016
19.0256,09/09/2016
19.0256,10/09/2016
19.0256,11/09/2016
18.8247,12/09/2016
18.8247,13/09/2016
18.6132,14/09/2016
18.6713,15/09/2016
18.7058,16/09/2016
18.7058,17/09/2016
18.7058,18/09/2016
18.7639,19/09/2016
18.7792,20/09/2016
18.7406,21/09/2016
18.7993,22/09/2016
18.9245,23/09/2016
18.9245,24/09/2016
18.9245,25/09/2016
18.8588,26/09/2016
18.7554,27/09/2016
18.7470,28/09/2016
18.7677,29/09/2016
18.4487,30/09/2016
18.4487,01/10/2016
18.4487,02/10/2016
18.6260,03/10/2016
18.8930,04/10/2016
18.9447,05/10/2016
18.9341,06/10/2016
18.8829,07/10/2016
18.8829,08/10/2016
18.8829,09/10/2016
18.8781,10/10/2016
18.8781,11/10/2016
18.8781,12/10/2016
18.8390,13/10/2016
18.6207,14/10/2016
18.6207,15/10/2016
18.6207,16/10/2016
18.6848,17/10/2016
18.5647,18/10/2016
18.8102,19/10/2016
18.8007,20/10/2016
18.8602,21/10/2016
18.8602,22/10/2016
18.8602,23/10/2016
18.8961,24/10/2016
18.9222,25/10/2016
18.9212,26/10/2016
18.7615,27/10/2016
18.6692,28/10/2016
18.6692,29/10/2016
18.6692,30/10/2016
18.6692,31/10/2016
18.7775,01/11/2016
18.7834,02/11/2016
18.5150,03/11/2016
18.4066,04/11/2016
18.4066,05/11/2016
18.4066,06/11/2016
18.2411,07/11/2016
18.4058,08/11/2016
18.4746,09/11/2016
18.2514,10/11/2016
18.5169,11/11/2016
18.5169,12/11/2016
18.5168,13/11/2016
18.5168,14/11/2016
18.0012,15/11/2016
17.4676,16/11/2016
17.5051,17/11/2016
17.4561,18/11/2016
17.4561,19/11/2016
17.4561,20/11/2016
17.4559,21/11/2016
17.1054,22/11/2016
17.2619,23/11/2016
17.3503,24/11/2016
17.2236,25/11/2016
17.2236,26/11/2016
17.2236,27/11/2016
17.5040,28/11/2016
17.5334,29/11/2016
17.5909,30/11/2016
17.7562,01/12/2016
17.6512,02/12/2016
17.6512,03/12/2016
17.6512,04/12/2016
17.4388,05/12/2016
17.5191,06/12/2016
17.5456,07/12/2016
17.4742,08/12/2016
17.7421,09/12/2016
17.7421,10/12/2016
17.7421,11/12/2016
17.7421,12/12/2016
17.5751,13/12/2016
17.6242,14/12/2016
17.5242,15/12/2016
17.4790,16/12/2016
17.4790,17/12/2016
17.4790,18/12/2016
17.4602,19/12/2016
17.3894,20/12/2016
17.2985,21/12/2016
17.2785,22/12/2016
17.0968,23/12/2016
17.0968,24/12/2016
17.0968,25/12/2016
17.0819,26/12/2016
16.8822,27/12/2016
17.1249,28/12/2016
17.1528,29/12/2016
17.3077,30/12/2016
17.3077,31/12/2016
17.3077,01/01/2017
17.4570,02/01/2017
17.4940,03/01/2017
17.5693,04/01/2017
17.5597,05/01/2017
17.7448,06/01/2017
17.7448,07/01/2017
17.7448,08/01/2017
17.6787,09/01/2017
17.6810,10/01/2017
17.7915,11/01/2017
18.0017,12/01/2017
18.0378,13/01/2017
18.0378,14/01/2017
18.0378,15/01/2017
18.0195,16/01/2017
18.0657,17/01/2017
18.0570,18/01/2017
18.1309,19/01/2017
18.1821,20/01/2017
18.1821,21/01/2017
18.1821,22/01/2017
17.9933,23/01/2017
18.0895,24/01/2017
18.2519,25/01/2017
18.2519,26/01/2017
18.4835,27/01/2017
18.4834,28/01/2017
18.4834,29/01/2017
18.5722,30/01/2017
18.5620,31/01/2017
18.3731,01/02/2017
18.7045,02/02/2017
18.8046,03/02/2017
18.8046,04/02/2017
18.8046,05/02/2017
18.8631,06/02/2017
19.0042,07/02/2017
18.9389,08/02/2017
18.9742,09/02/2017
18.9970,10/02/2017
18.9970,11/02/2017
18.9970,12/02/2017
19.0187,13/02/2017
19.0098,14/02/2017
18.9310,15/02/2017
18.7278,16/02/2017
18.9110,17/02/2017
18.9110,18/02/2017
18.9110,19/02/2017
19.0497,20/02/2017
19.0497,21/02/2017
19.2447,22/02/2017
19.2078,23/02/2017
19.2078,24/02/2017
19.2078,25/02/2017
19.2078,26/02/2017
19.2160,27/02/2017
19.1384,28/02/2017
19.1381,01/03/2017
19.2299,02/03/2017
19.0957,03/03/2017
19.0956,04/03/2017
19.0956,05/03/2017
19.1078,06/03/2017
19.2193,07/03/2017
19.1883,08/03/2017
19.1383,09/03/2017
19.1426,10/03/2017
19.1426,11/03/2017
19.1426,12/03/2017
19.1426,13/03/2017
19.1230,14/03/2017
19.4127,15/03/2017
19.4572,16/03/2017
19.6231,17/03/2017
19.6231,18/03/2017
19.6231,19/03/2017
19.6102,20/03/2017
19.5821,21/03/2017
19.5825,22/03/2017
19.4046,23/03/2017
19.5468,24/03/2017
19.5468,25/03/2017
19.5468,26/03/2017
19.5988,27/03/2017
19.5988,28/03/2017
19.6145,29/03/2017
19.6896,30/03/2017
19.7826,31/03/2017
19.7826,01/04/2017
19.7825,02/04/2017
19.8292,03/04/2017
19.8292,04/04/2017
19.9160,05/04/2017
20.0002,06/04/2017
19.9883,07/04/2017
19.9883,08/04/2017
19.9883,09/04/2017
19.8958,10/04/2017
19.9439,11/04/2017
20.0769,12/04/2017
20.0218,13/04/2017
20.0220,14/04/2017
20.0220,15/04/2017
20.0219,16/04/2017
19.9437,17/04/2017
19.9190,18/04/2017
19.8516,19/04/2017
19.8811,20/04/2017
19.9616,21/04/2017
19.9616,22/04/2017
19.9616,23/04/2017
19.9318,24/04/2017
20.1025,25/04/2017
20.2671,26/04/2017
20.3127,27/04/2017
20.3108,28/04/2017
20.3108,29/04/2017
20.3108,30/04/2017
20.3108,01/05/2017
20.3103,02/05/2017
20.3088,03/05/2017
20.2787,04/05/2017
20.3927,05/05/2017
20.3927,06/05/2017
20.3927,07/05/2017
20.2408,08/05/2017
20.3235,09/05/2017
20.3235,10/05/2017
20.5121,11/05/2017
20.5512,12/05/2017
20.5512,13/05/2017
20.5512,14/05/2017
20.4788,15/05/2017
20.6007,16/05/2017
20.7060,17/05/2017
20.7033,18/05/2017
20.4257,19/05/2017
20.4257,20/05/2017
20.4257,21/05/2017
20.3784,22/05/2017
20.2977,23/05/2017
20.1512,24/05/2017
20.0426,25/05/2017
20.3503,26/05/2017
20.3503,27/05/2017
20.3503,28/05/2017
20.5793,29/05/2017
20.4647,30/05/2017
20.5514,31/05/2017
20.6394,01/06/2017
20.6635,02/06/2017
20.6635,03/06/2017
20.6635,04/06/2017
20.7533,05/06/2017
20.8238,06/06/2017
20.7247,07/06/2017
20.8212,08/06/2017
20.8106,09/06/2017
20.8106,10/06/2017
20.8106,11/06/2017
20.8549,12/06/2017
20.7410,13/06/2017
20.7482,14/06/2017
20.7623,15/06/2017
20.7106,16/06/2017
20.7106,17/06/2017
20.7106,18/06/2017
20.7481,19/06/2017
20.8433,20/06/2017
20.8725,21/06/2017
20.8361,22/06/2017
20.8038,23/06/2017
20.8038,24/06/2017
20.8038,25/06/2017
20.8038,26/06/2017
20.6579,27/06/2017
20.5211,28/06/2017
20.5322,29/06/2017
20.5734,30/06/2017
20.5734,01/07/2017
20.5734,02/07/2017
20.6473,03/07/2017
20.8236,04/07/2017
20.8011,05/07/2017
20.9132,06/07/2017
20.9735,07/07/2017
20.9735,08/07/2017
20.9735,09/07/2017
20.9561,10/07/2017
21.1262,11/07/2017
21.0939,12/07/2017
21.1979,13/07/2017
21.3722,14/07/2017
21.3721,15/07/2017
21.3721,16/07/2017
21.3887,17/07/2017
21.44,18/07/2017
21.2958,19/07/2017
21.4636,20/07/2017
21.3939,21/07/2017
21.3939,22/07/2017
21.3939,23/07/2017
21.4396,24/07/2017
21.5071,25/07/2017
21.5432,26/07/2017
21.6371,27/07/2017
21.6253,28/07/2017
21.6253,29/07/2017
21.6253,30/07/2017
21.6165,31/07/2017
21.7631,01/08/2017
21.8207,02/08/2017
21.7838,03/08/2017
21.6491,04/08/2017
21.6491,05/08/2017
21.6491,06/08/2017
21.7993,07/08/2017
21.8851,08/08/2017
21.7107,09/08/2017
21.4847,10/08/2017
21.2225,11/08/2017
21.2225,12/08/2017
21.2224,13/08/2017
21.0644,14/08/2017
21.0644,15/08/2017
21.3305,16/08/2017
21.3305,17/08/2017
21.5393,18/08/2017
21.5393,19/08/2017
21.5393,20/08/2017
21.4312,21/08/2017
21.2483,22/08/2017
21.2426,23/08/2017
21.4196,24/08/2017
21.4196,25/08/2017
21.4196,26/08/2017
21.4196,27/08/2017
21.4710,28/08/2017
21.6168,29/08/2017
21.3937,30/08/2017
21.6005,31/08/2017
21.6559,01/09/2017
21.6559,02/09/2017
21.6558,03/09/2017
21.8087,04/09/2017
21.6592,05/09/2017
21.7505,06/09/2017
21.7167,07/09/2017
21.7856,08/09/2017
21.7856,09/09/2017
21.7856,10/09/2017
21.7655,11/09/2017
21.9507,12/09/2017
22.1209,13/09/2017
22.0274,14/09/2017
22.0605,15/09/2017
22.0605,16/09/2017
22.0604,17/09/2017
22.0486,18/09/2017
22.1837,19/09/2017
22.2073,20/09/2017
22.1580,21/09/2017
22.0904,22/09/2017
22.0903,23/09/2017
22.0903,24/09/2017
21.6737,25/09/2017
21.4294,26/09/2017
21.4660,27/09/2017
21.16,28/09/2017
21.2656,29/09/2017
21.2656,30/09/2017
21.2656,01/10/2017
21.2656,02/10/2017
21.3942,03/10/2017
21.5258,04/10/2017
21.5976,05/10/2017
21.5779,06/10/2017
21.5779,07/10/2017
21.5779,08/10/2017
21.7820,09/10/2017
21.7797,10/10/2017
21.8576,11/10/2017
21.7646,12/10/2017
21.9742,13/10/2017
21.9742,14/10/2017
21.9742,15/10/2017
22.0797,16/10/2017
22.1765,17/10/2017
22.2163,18/10/2017
22.2163,19/10/2017
22.2163,20/10/2017
22.2163,21/10/2017
22.2163,22/10/2017
22.1357,23/10/2017
22.1149,24/10/2017
22.1572,25/10/2017
22.3766,26/10/2017
22.4429,27/10/2017
22.4429,28/10/2017
22.4429,29/10/2017
22.4050,30/10/2017
22.5487,31/10/2017
22.5241,01/11/2017
22.7588,02/11/2017
22.7605,03/11/2017
22.7605,04/11/2017
22.7605,05/11/2017
22.8073,06/11/2017
22.8351,07/11/2017
22.5871,08/11/2017
22.4442,09/11/2017
22.5356,10/11/2017
22.5356,11/11/2017
22.5356,12/11/2017
22.5730,13/11/2017
22.44,14/11/2017
22.3615,15/11/2017
22.1967,16/11/2017
22.4063,17/11/2017
22.4063,18/11/2017
22.4063,19/11/2017
22.5797,20/11/2017
22.6334,21/11/2017
22.7237,22/11/2017
22.7378,23/11/2017
22.7402,24/11/2017
22.7401,25/11/2017
22.7401,26/11/2017
22.8268,27/11/2017
22.8806,28/11/2017
22.8364,29/11/2017
22.8470,30/11/2017
22.8469,01/12/2017
22.8469,02/12/2017
22.8469,03/12/2017
22.4032,04/12/2017
22.3839,05/12/2017
22.3922,06/12/2017
22.2086,07/12/2017
22.5209,08/12/2017
22.5209,09/12/2017
22.5209,10/12/2017
22.7386,11/12/2017
22.8401,12/12/2017
22.6722,13/12/2017
22.5419,14/12/2017
22.6421,15/12/2017
22.6421,16/12/2017
22.6421,17/12/2017
22.8302,18/12/2017
22.9741,19/12/2017
23.1837,20/12/2017
23.1840,21/12/2017
23.2208,22/12/2017
23.2207,23/12/2017
23.2207,24/12/2017
23.2207,25/12/2017
23.3115,26/12/2017
23.3988,27/12/2017
23.3097,28/12/2017
23.2770,29/12/2017
23.2770,30/12/2017
23.2770,31/12/2017
23.3690,01/01/2018
23.2277,02/01/2018
23.1845,03/01/2018
23.2195,04/01/2018
23.3730,05/01/2018
23.3730,06/01/2018
23.3730,07/01/2018
23.5222,08/01/2018
23.6372,09/01/2018
23.6033,10/01/2018
23.5386,11/01/2018
23.5884,12/01/2018
23.5884,13/01/2018
23.5884,14/01/2018
23.6296,15/01/2018
23.6868,16/01/2018
23.5290,17/01/2018
23.7124,18/01/2018
23.6228,19/01/2018
23.6228,20/01/2018
23.6228,21/01/2018
23.7855,22/01/2018
23.8667,23/01/2018
24.0716,24/01/2018
24.0007,25/01/2018
24.0007,26/01/2018
24.0006,27/01/2018
24.0006,28/01/2018
23.8823,29/01/2018
23.8816,30/01/2018
23.7401,31/01/2018
23.6642,01/02/2018
23.6875,02/02/2018
23.6875,03/02/2018
23.6875,04/02/2018
23.0689,05/02/2018
22.9408,06/02/2018
22.6188,07/02/2018
22.6666,08/02/2018
22.9052,09/02/2018
22.9052,10/02/2018
22.9052,11/02/2018
22.7190,12/02/2018
22.7190,13/02/2018
22.90,14/02/2018
22.8139,15/02/2018
22.8130,16/02/2018
22.8130,17/02/2018
22.8130,18/02/2018
22.8130,19/02/2018
22.4036,20/02/2018
22.3740,21/02/2018
22.4004,22/02/2018
22.3250,23/02/2018
22.3250,24/02/2018
22.3250,25/02/2018
22.6083,26/02/2018
22.8213,27/02/2018
22.7549,28/02/2018
22.6525,01/03/2018
22.6524,02/03/2018
22.6524,03/03/2018
22.6524,04/03/2018
22.5667,05/03/2018
22.3797,06/03/2018
22.1672,07/03/2018
21.9502,08/03/2018
22.0955,09/03/2018
22.0955,10/03/2018
22.0955,11/03/2018
22.0476,12/03/2018
22.3765,13/03/2018
22.4778,14/03/2018
22.4767,15/03/2018
22.4211,16/03/2018
22.4211,17/03/2018
22.4211,18/03/2018
22.1396,19/03/2018
21.8726,20/03/2018
21.9289,21/03/2018
21.9898,22/03/2018
21.8795,23/03/2018
21.8795,24/03/2018
21.8795,25/03/2018
21.6632,26/03/2018
21.9521,27/03/2018
22.12,28/03/2018
22.12,29/03/2018
22.12,30/03/2018
21.9743,31/03/2018
21.9743,01/04/2018
21.9743,02/04/2018
22.1769,03/04/2018
22.3093,04/04/2018
22.0641,05/04/2018
22.4595,06/04/2018
22.4595,07/04/2018
22.4595,08/04/2018
22.5188,09/04/2018
22.5864,10/04/2018
22.6348,11/04/2018
22.6251,12/04/2018
22.6559,13/04/2018
22.6558,14/04/2018
22.6558,15/04/2018
22.6685,16/04/2018
22.7458,17/04/2018
22.7889,18/04/2018
22.7347,19/04/2018
22.8678,20/04/2018
22.8677,21/04/2018
22.8677,22/04/2018
22.8323,23/04/2018
22.9093,24/04/2018
22.9148,25/04/2018
22.8173,26/04/2018
22.8833,27/04/2018
22.8832,28/04/2018
22.8832,29/04/2018
22.8832,30/04/2018
22.8832,01/05/2018
23.1879,02/05/2018
23.0171,03/05/2018
22.8841,04/05/2018
22.8841,05/05/2018
22.8840,06/05/2018
22.7824,07/05/2018
22.9655,08/05/2018
22.9898,09/05/2018
22.9737,10/05/2018
22.8690,11/05/2018
22.8690,12/05/2018
22.8690,13/05/2018
22.9876,14/05/2018
22.9442,15/05/2018
22.8872,16/05/2018
22.7608,17/05/2018
22.7004,18/05/2018
22.7004,19/05/2018
22.7004,20/05/2018
22.4693,21/05/2018
22.2623,22/05/2018
22.3798,23/05/2018
22.2075,24/05/2018
22.3425,25/05/2018
22.3425,26/05/2018
22.3425,27/05/2018
22.6044,28/05/2018
22.8107,29/05/2018
22.6987,30/05/2018
22.6560,31/05/2018
22.8252,01/06/2018
22.8252,02/06/2018
22.8251,03/06/2018
22.6902,04/06/2018
22.5408,05/06/2018
22.3934,06/06/2018
22.6152,07/06/2018
22.8021,08/06/2018
22.8267,11/06/2018
22.8021,11/06/2018
22.8021,11/06/2018
22.8802,12/06/2018
22.9719,13/06/2018
22.9527,15/06/2018
22.9146,15/06/2018
22.9146,16/06/2018
22.9146,17/06/2018
22.8590,18/06/2018
22.8361,19/06/2018
22.6479,20/06/2018
22.7292,21/06/2018
22.6480,22/06/2018
22.6480,23/06/2018
22.6480,24/06/2018
22.7848,25/06/2018
22.6152,26/06/2018
22.6290,27/06/2018
22.3808,28/06/2018
22.1784,29/06/2018
22.1784,30/06/2018
22.1784,01/07/2018
22.4575,02/07/2018
22.3157,03/07/2018
22.4222,04/07/2018
22.4803,05/07/2018
22.4282,06/07/2018
22.4282,07/07/2018
22.4282,08/07/2018
22.4742,09/07/2018
22.6674,11/07/2018
22.8541,11/07/2018
22.7441,12/07/2018
22.8108,13/07/2018
22.8108,14/07/2018
22.8108,15/07/2018
22.7268,16/07/2018
22.4395,17/07/2018
22.6644,18/07/2018
22.5450,19/07/2018
22.4645,20/07/2018
22.4645,21/07/2018
22.4645,22/07/2018
22.5887,23/07/2018
22.8048,24/07/2018
23.0110,25/07/2018
22.9765,26/07/2018
23.1073,27/07/2018
23.1073,28/07/2018
23.1073,29/07/2018
23.3438,30/07/2018
23.4434,31/07/2018
23.5240,01/08/2018
23.4953,02/08/2018
23.3558,03/08/2018
23.3558,04/08/2018
23.3558,05/08/2018
23.5654,06/08/2018
23.6731,07/08/2018
23.6797,08/08/2018
23.7482,09/08/2018
23.8093,10/08/2018
23.8093,11/08/2018
23.8093,12/08/2018
23.7230,13/08/2018
23.5685,14/08/2018
23.5685,15/08/2018
23.7438,16/08/2018
23.7438,17/08/2018
23.7438,18/08/2018
23.7438,19/08/2018
23.8955,20/08/2018
24.0375,21/08/2018
24.0375,22/08/2018
24.0796,23/08/2018
24.1187,24/08/2018
24.1187,25/08/2018
24.1187,26/08/2018
24.0175,27/08/2018
24.2849,28/08/2018
24.3052,29/08/2018
24.2647,30/08/2018
24.2891,31/08/2018
24.2891,01/09/2018
24.2891,02/09/2018
24.3058,03/09/2018
24.1922,04/09/2018
23.9851,05/09/2018
23.9851,06/09/2018
24.0629,07/09/2018
24.0629,08/09/2018
24.0629,09/09/2018
23.9847,10/09/2018
23.6863,11/09/2018
23.6770,12/09/2018
23.6770,13/09/2018
23.9048,14/09/2018
23.9048,15/09/2018
23.9048,16/09/2018
23.8531,17/09/2018
23.6430,18/09/2018
23.4993,19/09/2018
23.4993,20/09/2018
23.3437,21/09/2018
23.3436,22/09/2018
23.3436,23/09/2018
23.0341,24/09/2018
22.9903,25/09/2018
23.0470,26/09/2018
22.9540,27/09/2018
22.8098,28/09/2018
22.8098,29/09/2018
22.8098,30/09/2018
22.8470,01/10/2018
22.8470,02/10/2018
22.6931,03/10/2018
22.2559,04/10/2018
21.7419,05/10/2018
21.7419,06/10/2018
21.7419,07/10/2018
21.6031,08/10/2018
21.5077,09/10/2018
21.6857,10/10/2018
21.5446,11/10/2018
21.7198,12/10/2018
21.7198,13/10/2018
21.7198,14/10/2018
21.9251,16/10/2018
22.0499,16/10/2018
21.9326,17/10/2018
21.6390,19/10/2018
21.9325,19/10/2018
21.6389,20/10/2018
21.6389,21/10/2018
21.4822,22/10/2018
21.3307,23/10/2018
21.3694,24/10/2018
21.2972,25/10/2018
21.1008,26/10/2018
21.1008,27/10/2018
21.1008,28/10/2018
21.3713,29/10/2018
21.4478,30/10/2018
21.7148,31/10/2018
21.8207,01/11/2018
22.0791,02/11/2018
22.0791,03/11/2018
22.0791,04/11/2018
22.1326,05/11/2018
22.1277,06/11/2018
22.1277,07/11/2018
22.1277,08/11/2018
22.1895,09/11/2018
22.1895,10/11/2018
22.1895,11/11/2018
22.0944,12/11/2018
22.1714,13/11/2018
22.2077,14/11/2018
22.2516,15/11/2018
22.3489,16/11/2018
22.3489,17/11/2018
22.3489,18/11/2018
22.4649,19/11/2018
22.3531,20/11/2018
22.3531,21/11/2018
22.1085,22/11/2018
22.1085,23/11/2018
22.1085,24/11/2018
22.1085,25/11/2018
22.2439,26/11/2018
22.3714,27/11/2018
22.4859,28/11/2018
22.6348,29/11/2018
22.7087,30/11/2018
22.7087,01/12/2018
22.7087,02/12/2018
22.7412,03/12/2018
22.7296,04/12/2018
22.5610,05/12/2018
22.2175,06/12/2018
22.2264,07/12/2018
22.2263,08/12/2018
21.9938,10/12/2018
22.2263,10/12/2018
21.9912,11/12/2018
22.2960,12/12/2018
22.5235,13/12/2018
22.5769,14/12/2018
22.5769,15/12/2018
22.5769,16/12/2018
22.7384,17/12/2018
22.8014,18/12/2018
22.9170,19/12/2018
22.9203,20/12/2018
22.6086,21/12/2018
22.6086,22/12/2018
22.6086,23/12/2018
22.3843,24/12/2018
22.3843,25/12/2018
22.4061,26/12/2018
22.5043,27/12/2018
22.6674,28/12/2018
22.6673,29/12/2018
22.6673,30/12/2018
22.7295,31/12/2018
22.7855,01/01/2019
22.6425,02/01/2019
22.3912,04/01/2019
22.4053,04/01/2019
22.3912,05/01/2019
22.3911,06/01/2019
22.5062,07/01/2019
22.5984,08/01/2019
22.7303,09/01/2019
22.7250,10/01/2019
22.6683,11/01/2019
22.6683,12/01/2019
22.6683,13/01/2019
22.5889,15/01/2019
22.7675,15/01/2019
22.8629,16/01/2019
22.8647,17/01/2019
22.8185,18/01/2019
22.8185,19/01/2019
22.8185,20/01/2019
22.8472,21/01/2019
22.8216,22/01/2019
22.6245,23/01/2019
22.6586,24/01/2019
22.5460,25/01/2019
22.5460,26/01/2019
22.5460,27/01/2019
22.2703,28/01/2019
22.2288,29/01/2019
22.3373,30/01/2019
22.6573,31/01/2019
22.8150,01/02/2019
22.8150,02/02/2019
22.8149,03/02/2019
22.8180,04/02/2019
22.8383,05/02/2019
23.0459,06/02/2019
23.1016,07/02/2019
22.8816,08/02/2019
22.8816,09/02/2019
22.8816,10/02/2019
22.7353,11/02/2019
22.5835,12/02/2019
22.4694,13/02/2019
22.3654,14/02/2019
22.2604,15/02/2019
22.2604,16/02/2019
22.2604,17/02/2019
22.1085,18/02/2019
22.1085,19/02/2019
22.2249,20/02/2019
22.3326,22/02/2019
22.3795,22/02/2019
22.3795,23/02/2019
22.3795,25/02/2019
22.5561,25/02/2019
22.4957,26/02/2019
22.4527,27/02/2019
22.4329,28/02/2019
22.5466,01/03/2019
22.5465,02/03/2019
22.5465,03/03/2019
22.5465,04/03/2019
22.8169,05/03/2019
23.0067,06/03/2019
23.0596,07/03/2019
23.0548,08/03/2019
23.0548,09/03/2019
23.0548,10/03/2019
23.2674,11/03/2019
23.5160,12/03/2019
23.6520,13/03/2019
23.6380,14/03/2019
23.7460,15/03/2019
23.7460,16/03/2019
23.7460,17/03/2019
23.8601,18/03/2019
23.9984,19/03/2019
24.0223,20/03/2019
24.0223,21/03/2019
23.9454,22/03/2019
23.9453,23/03/2019
23.9453,24/03/2019
23.7346,25/03/2019
23.9355,26/03/2019
23.9037,27/03/2019
24.1403,28/03/2019
24.2657,29/03/2019
24.2869,30/03/2019
24.2871,31/03/2019
24.2871,01/04/2019
24.3708,02/04/2019
24.2211,03/04/2019
24.1379,04/04/2019
24.2387,05/04/2019
24.2387,06/04/2019
24.2387,07/04/2019
24.1541,08/04/2019
24.2373,09/04/2019
24.0580,10/04/2019
24.0697,11/04/2019
24.1732,12/04/2019
24.1732,13/04/2019
24.1732,14/04/2019
24.2393,15/04/2019
24.4934,16/04/2019
24.4934,17/04/2019
24.4397,18/04/2019
24.4397,19/04/2019
24.4397,20/04/2019
24.4396,21/04/2019
24.1211,22/04/2019
24.0476,23/04/2019
24.2788,24/04/2019
24.1381,25/04/2019
24.3849,26/04/2019
24.3849,27/04/2019
24.3849,28/04/2019
24.3849,29/04/2019
24.4660,30/04/2019
24.4660,01/05/2019
24.3732,02/05/2019
24.3421,03/05/2019
24.3421,04/05/2019
24.3421,05/05/2019
24.1347,06/05/2019
23.9275,07/05/2019
23.6573,08/05/2019
23.5135,09/05/2019
23.4650,10/05/2019
23.4650,11/05/2019
23.4650,12/05/2019
23.2056,13/05/2019
23.3044,14/05/2019
23.2666,15/05/2019
23.3749,16/05/2019
23.6332,17/05/2019
23.6331,18/05/2019
23.6331,19/05/2019
24.3628,20/05/2019
24.2352,21/05/2019
24.3158,22/05/2019
24.2033,23/05/2019
24.6297,24/05/2019
24.6297,25/05/2019
24.6297,26/05/2019
24.8610,27/05/2019
24.8695,28/05/2019
24.7215,29/05/2019
24.8703,30/05/2019
24.8179,31/05/2019
24.8179,01/06/2019
24.8179,02/06/2019
25.0522,03/06/2019
24.9595,04/06/2019
24.9595,05/06/2019
24.5837,06/06/2019
24.6226,07/06/2019
24.6226,08/06/2019
24.6226,09/06/2019
24.7511,10/06/2019
24.8755,11/06/2019
24.7568,12/06/2019
24.8070,13/06/2019
24.6068,14/06/2019
24.6067,15/06/2019
24.6067,16/06/2019
24.3076,17/06/2019
24.3711,18/06/2019
24.3720,19/06/2019
24.6536,20/06/2019
24.5073,21/06/2019
24.5073,22/06/2019
24.5073,23/06/2019
24.4588,24/06/2019
24.6836,25/06/2019
24.7819,26/06/2019
24.7808,27/06/2019
24.6973,28/06/2019
24.6973,29/06/2019
24.6973,30/06/2019
24.8419,01/07/2019
24.8925,02/07/2019
24.9351,03/07/2019
25.0051,04/07/2019
24.7987,05/07/2019
24.7987,06/07/2019
24.7987,07/07/2019
24.3088,08/07/2019
24.2947,09/07/2019
24.1189,10/07/2019
24.2253,12/07/2019
24.1567,12/07/2019
24.1566,13/07/2019
24.1566,14/07/2019
24.1790,15/07/2019
24.3355,16/07/2019
24.3817,17/07/2019
24.1997,18/07/2019
23.8685,19/07/2019
23.8685,20/07/2019
23.8685,21/07/2019
23.7438,22/07/2019
23.7542,23/07/2019
23.5917,24/07/2019
23.5455,25/07/2019
23.6773,26/07/2019
23.6773,27/07/2019
23.6773,28/07/2019
23.5886,29/07/2019
23.3903,30/07/2019
23.3907,31/07/2019
23.1148,01/08/2019
23.1077,02/08/2019
23.1077,03/08/2019
23.1077,04/08/2019
22.8530,05/08/2019
23.0412,06/08/2019
22.8232,07/08/2019
23.1612,08/08/2019
23.2862,09/08/2019
23.2862,10/08/2019
23.2862,11/08/2019
23.2862,12/08/2019
22.8965,13/08/2019
23.1307,14/08/2019
23.1307,15/08/2019
23.1746,16/08/2019
23.1746,17/08/2019
23.1746,18/08/2019
23.2292,19/08/2019
23.1128,20/08/2019
22.5846,22/08/2019
22.9303,22/08/2019
22.7058,23/08/2019
22.7058,24/08/2019
22.7058,25/08/2019
23.2131,26/08/2019
23.3455,27/08/2019
23.2725,28/08/2019
23.04,29/08/2019
23.1988,30/08/2019
23.1988,31/08/2019
23.1988,01/09/2019
23.1988,02/09/2019
22.7094,03/09/2019
22.8326,04/09/2019
22.8483,05/09/2019
23.0683,06/09/2019
23.0683,07/09/2019
23.0683,08/09/2019
23.1940,09/09/2019
23.1940,10/09/2019
23.2634,11/09/2019
23.1889,12/09/2019
23.4211,13/09/2019
23.4210,14/09/2019
23.4210,15/09/2019
23.2711,16/09/2019
22.8727,17/09/2019
22.9696,18/09/2019
22.6727,19/09/2019
23.8790,20/09/2019
23.8790,21/09/2019
23.8790,22/09/2019
24.6553,23/09/2019
24.5963,24/09/2019
24.2715,25/09/2019
24.5935,26/09/2019
24.5165,27/09/2019
24.5165,28/09/2019
24.5165,29/09/2019
24.44,30/09/2019
24.2502,01/10/2019
24.2502,02/10/2019
24.1769,03/10/2019
23.8541,04/10/2019
23.8541,05/10/2019
23.8541,06/10/2019
23.6489,07/10/2019
23.6489,08/10/2019
24.0769,09/10/2019
23.8679,10/10/2019
23.9486,11/10/2019
23.9486,12/10/2019
23.9485,13/10/2019
24.0185,14/10/2019
24.1751,15/10/2019
24.2210,16/10/2019
24.4711,17/10/2019
24.6219,18/10/2019
24.6219,19/10/2019
24.6219,20/10/2019
24.6219,21/10/2019
24.4589,22/10/2019
24.5029,23/10/2019
24.4420,24/10/2019
24.4495,25/10/2019
24.4495,26/10/2019
24.4495,27/10/2019
24.4494,28/10/2019
24.8275,29/10/2019
25.0098,30/10/2019
25.0401,31/10/2019
25.0135,01/11/2019
25.0135,02/11/2019
25.0135,03/11/2019
25.1025,04/11/2019
25.0537,05/11/2019
25.1456,06/11/2019
25.2487,07/11/2019
25.0739,08/11/2019
25.0739,09/11/2019
25.0739,10/11/2019
25.0946,11/11/2019
25.0946,12/11/2019
24.8895,13/11/2019
24.9729,14/11/2019
25.0442,15/11/2019
25.0441,16/11/2019
25.0441,17/11/2019
25.0437,18/11/2019
25.1534,19/11/2019
25.2992,20/11/2019
25.1961,21/11/2019
25.0369,22/11/2019
25.0369,23/11/2019
25.0369,24/11/2019
25.3707,25/11/2019
25.3351,26/11/2019
25.4084,27/11/2019
25.5256,28/11/2019
25.3442,29/11/2019
25.3442,30/11/2019
25.3442,01/12/2019
25.3592,02/12/2019
25.2376,03/12/2019
25.3663,04/12/2019
25.2990,05/12/2019
25.1043,06/12/2019
25.1043,07/12/2019
25.1043,08/12/2019
25.1432,09/12/2019
24.9662,10/12/2019
25.0756,11/12/2019
25.2004,12/12/2019
25.4425,13/12/2019
25.4425,14/12/2019
25.4425,15/12/2019
25.3677,16/12/2019
25.6072,17/12/2019
25.6852,18/12/2019
25.7739,19/12/2019
25.8167,20/12/2019
25.8167,21/12/2019
25.8167,22/12/2019
25.7819,23/12/2019
25.6609,24/12/2019
25.6609,25/12/2019
25.4695,26/12/2019
25.7495,27/12/2019
25.7495,28/12/2019
25.7495,29/12/2019
25.7561,30/12/2019
25.5829,31/12/2019
25.5911,01/01/2020
25.8195,02/01/2020
25.7050,03/01/2020
25.7050,04/01/2020
25.7050,05/01/2020
25.2052,06/01/2020
25.3087,07/01/2020
25.2786,08/01/2020
25.7190,09/01/2020
25.8052,10/01/2020
25.8052,11/01/2020
25.8052,12/01/2020
25.9592,13/01/2020
26.0279,14/01/2020
25.9868,15/01/2020
25.9676,16/01/2020
25.9899,17/01/2020
25.9899,18/01/2020
25.9899,20/01/2020
25.7742,20/01/2020
25.6595,21/01/2020
25.5519,22/01/2020
25.7615,23/01/2020
25.9295,24/01/2020
25.9295,25/01/2020
25.9295,26/01/2020
25.7399,27/01/2020
25.5908,28/01/2020
25.7425,29/01/2020
25.5395,30/01/2020
25.4019,31/01/2020
25.4019,01/02/2020
25.4019,02/02/2020
24.8302,03/02/2020
25.4507,04/02/2020
25.7459,05/02/2020
25.8253,06/02/2020
25.7481,07/02/2020
25.7481,08/02/2020
25.7481,09/02/2020
25.6136,10/02/2020
25.7421,11/02/2020
25.9354,12/02/2020
25.8847,13/02/2020
25.7847,14/02/2020
25.7846,15/02/2020
25.7846,16/02/2020
25.6527,17/02/2020
25.5497,18/02/2020
25.5497,19/02/2020
25.7585,20/02/2020
25.7585,21/02/2020
25.7585,22/02/2020
25.7585,23/02/2020
25.2336,24/02/2020
25.1275,25/02/2020
24.8827,26/02/2020
24.7912,27/02/2020
23.9057,28/02/2020
23.9057,29/02/2020
23.9057,01/03/2020
23.7340,02/03/2020
24.0726,03/03/2020
23.9092,04/03/2020
23.9305,05/03/2020
23.3972,06/03/2020
23.3972,07/03/2020
23.3972,08/03/2020
22.3427,09/03/2020
22.3427,10/03/2020
22.2952,11/03/2020
20.4590,12/03/2020
21.2657,13/03/2020
21.2656,14/03/2020
21.2656,15/03/2020
19.6927,16/03/2020
19.1980,17/03/2020
18.1344,18/03/2020
17.6017,19/03/2020
18.5718,20/03/2020
18.5718,23/03/2020
18.5718,23/03/2020
16.16,23/03/2020
16.5683,24/03/2020
16.5683,26/03/2020
18.2923,26/03/2020
18.2888,27/03/2020
18.2888,30/03/2020
18.2888,30/03/2020
17.5373,30/03/2020
18.2087,31/03/2020
18.2087,03/04/2020
17.0740,03/04/2020
18.2087,03/04/2020
17.0739,07/04/2020
17.0739,07/04/2020
17.0740,07/04/2020
18.6183,07/04/2020
18.5205,08/04/2020
19.3113,09/04/2020
19.3112,13/04/2020
19.3112,13/04/2020
19.1593,13/04/2020
19.3112,13/04/2020
19.0503,15/04/2020
19.1593,15/04/2020
19.2325,16/04/2020
19.8531,17/04/2020
19.8531,18/04/2020
19.8530,19/04/2020
19.7850,20/04/2020
19.2057,21/04/2020
19.6103,22/04/2020
19.8102,23/04/2020
19.4317,24/04/2020
19.4317,25/04/2020
19.4317,26/04/2020
19.7070,27/04/2020
19.8581,28/04/2020
20.1560,29/04/2020
20.7794,30/04/2020
20.7794,01/05/2020
20.7794,02/05/2020
20.7794,03/05/2020
19.6657,04/05/2020
19.4951,05/05/2020
19.6441,06/05/2020
19.6441,07/05/2020
19.5599,08/05/2020
19.5599,09/05/2020
19.5599,10/05/2020
19.5588,11/05/2020
19.5191,12/05/2020
19.9203,13/05/2020
19.4742,14/05/2020
19.4365,15/05/2020
19.4365,16/05/2020
19.4365,17/05/2020
18.7531,18/05/2020
18.8867,19/05/2020
19.3016,20/05/2020
19.4566,21/05/2020
19.3785,22/05/2020
19.3785,23/05/2020
19.3785,24/05/2020
19.3785,25/05/2020
19.3730,26/05/2020
19.9334,27/05/2020
20.2948,28/05/2020
20.5016,29/05/2020
20.5016,30/05/2020
20.5016,31/05/2020
20.8994,01/06/2020
21.1056,02/06/2020
21.3076,03/06/2020
21.2933,04/06/2020
21.5349,05/06/2020
21.5349,06/06/2020
21.5348,07/06/2020
21.6050,08/06/2020
21.3488,09/06/2020
21.4503,10/06/2020
21.0373,11/06/2020
21.2147,12/06/2020
21.2147,13/06/2020
21.2147,14/06/2020
20.8985,15/06/2020
21.0787,16/06/2020
21.0663,17/06/2020
21.4424,18/06/2020
21.7265,19/06/2020
21.7265,20/06/2020
21.7265,21/06/2020
21.8446,22/06/2020
22.2090,23/06/2020
21.8507,24/06/2020
21.8538,25/06/2020
22.0807,26/06/2020
22.0807,27/06/2020
22.0807,28/06/2020
21.9302,29/06/2020
21.9530,30/06/2020
22.1539,01/07/2020
22.4091,02/07/2020
22.5872,03/07/2020
22.5872,04/07/2020
22.5872,05/07/2020
22.9168,06/07/2020
22.7737,08/07/2020
22.9576,08/07/2020
22.9391,09/07/2020
22.8733,10/07/2020
22.8733,11/07/2020
22.8733,12/07/2020
22.9854,13/07/2020
22.6409,14/07/2020
22.7137,15/07/2020
23.0313,16/07/2020
23.3577,17/07/2020
23.3577,18/07/2020
23.3577,19/07/2020
23.6145,20/07/2020
23.8757,21/07/2020
23.7940,22/07/2020
23.9445,23/07/2020
23.8501,24/07/2020
23.8501,25/07/2020
23.85,26/07/2020
23.6880,27/07/2020
24.0357,28/07/2020
23.8772,29/07/2020
23.7052,30/07/2020
23.7015,31/07/2020
23.7015,01/08/2020
23.7015,02/08/2020
23.3615,03/08/2020
23.7114,04/08/2020
23.7346,05/08/2020
23.9407,06/08/2020
23.9270,07/08/2020
23.9269,08/08/2020
23.9269,09/08/2020
24.0870,10/08/2020
24.1562,11/08/2020
24.1596,12/08/2020
24.1674,13/08/2020
23.8927,14/08/2020
23.8927,15/08/2020
23.8927,16/08/2020
24.0203,17/08/2020
24.3093,18/08/2020
24.37,19/08/2020
24.1708,20/08/2020
24.2626,21/08/2020
24.2626,22/08/2020
24.2626,23/08/2020
24.4295,24/08/2020
24.4377,25/08/2020
24.5423,26/08/2020
24.5356,27/08/2020
24.6928,28/08/2020
24.6928,29/08/2020
24.6928,30/08/2020
24.1352,31/08/2020
24.2729,01/09/2020
24.4333,02/09/2020
24.4094,03/09/2020
23.9989,04/09/2020
23.9989,05/09/2020
23.9988,06/09/2020
23.9602,08/09/2020
24.0046,08/09/2020
23.8552,09/09/2020
24.1854,10/09/2020
24.2657,11/09/2020
24.2657,12/09/2020
24.2657,13/09/2020
24.2215,14/09/2020
24.4132,15/09/2020
24.6066,16/09/2020
24.4469,17/09/2020
24.4529,18/09/2020
24.4528,19/09/2020
24.4528,20/09/2020
23.8972,21/09/2020
23.7378,22/09/2020
23.6637,23/09/2020
22.9679,24/09/2020
23.5493,25/09/2020
23.5493,26/09/2020
23.5493,27/09/2020
23.9216,28/09/2020
23.8619,29/09/2020
23.8685,30/09/2020
24.1992,01/10/2020
24.1992,02/10/2020
24.1992,03/10/2020
24.1992,04/10/2020
24.3927,05/10/2020
24.5810,06/10/2020
24.7075,07/10/2020
24.9334,08/10/2020
25.1493,09/10/2020
25.1493,10/10/2020
25.1493,11/10/2020
25.1573,12/10/2020
25.1522,13/10/2020
25.2118,14/10/2020
24.5804,15/10/2020
24.8023,16/10/2020
24.8023,17/10/2020
24.8023,18/10/2020
25.0064,19/10/2020
25.0484,20/10/2020
25.1073,21/10/2020
25.0327,22/10/2020
25.1395,23/10/2020
25.1395,24/10/2020
25.1395,25/10/2020
24.7961,26/10/2020
25.0655,27/10/2020
24.7854,28/10/2020
24.6956,29/10/2020
24.6955,30/10/2020
24.6955,31/10/2020
24.6955,01/11/2020
24.6368,02/11/2020
24.9111,03/11/2020
25.1148,04/11/2020
25.5270,05/11/2020
25.7493,06/11/2020
25.7493,07/11/2020
25.7493,08/11/2020
26.2153,09/11/2020
26.5237,10/11/2020
26.8421,11/11/2020
26.7541,12/11/2020
26.8066,13/11/2020
26.8065,14/11/2020
26.8065,15/11/2020
26.8065,16/11/2020
27.1117,17/11/2020
27.2585,18/11/2020
26.8937,19/11/2020
27.0595,20/11/2020
27.0595,21/11/2020
27.0595,22/11/2020
27.2242,23/11/2020
27.5395,24/11/2020
27.1134,25/11/2020
27.2839,26/11/2020
27.2407,27/11/2020
27.2407,28/11/2020
27.2407,29/11/2020
27.2406,30/11/2020
27.5485,01/12/2020
27.5207,02/12/2020
27.6014,03/12/2020
27.9434,04/12/2020
27.9434,05/12/2020
27.9434,06/12/2020
28.1521,07/12/2020
28.2351,08/12/2020
28.4486,09/12/2020
28.3801,10/12/2020
28.4539,11/12/2020
28.4539,12/12/2020
28.4539,13/12/2020
28.5582,14/12/2020
28.4669,15/12/2020
28.5946,16/12/2020
28.64,17/12/2020
28.7212,18/12/2020
28.7212,19/12/2020
28.7211,20/12/2020
27.7491,21/12/2020
28.0724,22/12/2020
28.3642,23/12/2020
28.6354,24/12/2020
28.6354,25/12/2020
28.6354,26/12/2020
28.6354,27/12/2020
28.8986,28/12/2020
28.9891,29/12/2020
29.1060,30/12/2020
29.0666,31/12/2020
29.1347,01/01/2021
29.1346,02/01/2021
29.1346,03/01/2021
29.3941,04/01/2021
29.5007,05/01/2021
29.4428,06/01/2021
29.4448,07/01/2021
29.8807,08/01/2021
29.8807,09/01/2021
29.8807,10/01/2021
30.0973,11/01/2021
30.2696,12/01/2021
30.4110,13/01/2021
30.5023,14/01/2021
30.1724,15/01/2021
30.1724,16/01/2021
30.1724,17/01/2021
29.8386,18/01/2021
30.2505,19/01/2021
30.4459,20/01/2021
30.2787,21/01/2021
29.8892,22/01/2021
29.8892,23/01/2021
29.8892,24/01/2021
29.7155,25/01/2021
29.7154,26/01/2021
29.1984,27/01/2021
28.9832,28/01/2021
28.5725,29/01/2021
28.5724,30/01/2021
28.5724,31/01/2021
29.9187,01/02/2021
30.6947,02/02/2021
30.9029,03/02/2021
31.2514,04/02/2021
31.2951,05/02/2021
31.2950,06/02/2021
31.2950,07/02/2021
31.7516,08/02/2021
31.7343,09/02/2021
31.6910,10/02/2021
31.8413,11/02/2021
31.8619,12/02/2021
31.8619,13/02/2021
31.8618,14/02/2021
32.2117,15/02/2021
32.1487,16/02/2021
32.0719,17/02/2021
31.9117,18/02/2021
31.9117,19/02/2021
31.9117,20/02/2021
31.9117,21/02/2021
30.9171,22/02/2021
31.0294,23/02/2021
31.5836,24/02/2021
31.7787,25/02/2021
30.7176,26/02/2021
30.7176,27/02/2021
30.7175,28/02/2021
31.1256,01/03/2021
31.5132,02/03/2021
32.1118,03/03/2021
31.8218,04/03/2021
31.5232,05/03/2021
31.5231,06/03/2021
31.5231,07/03/2021
31.5862,08/03/2021
31.7752,09/03/2021
31.9310,10/03/2021
31.9310,11/03/2021
31.6114,12/03/2021
31.6113,13/03/2021
31.6113,14/03/2021
31.41,15/03/2021
31.3718,16/03/2021
30.9998,17/03/2021
30.6606,18/03/2021
31.0092,19/03/2021
31.0092,20/03/2021
31.0092,21/03/2021
30.9942,22/03/2021
31.2434,23/03/2021
30.6386,24/03/2021
30.1521,25/03/2021
30.4666,26/03/2021
30.4666,27/03/2021
30.4666,28/03/2021
30.4665,29/03/2021
31.0668,30/03/2021
30.8851,31/03/2021
30.8851,01/04/2021
30.8851,02/04/2021
30.8850,03/04/2021
30.8850,04/04/2021
30.7450,05/04/2021
30.7387,06/04/2021
31.0690,07/04/2021
31.1711,08/04/2021
31.0904,09/04/2021
31.0904,10/04/2021
31.0904,11/04/2021
29.9327,12/04/2021
29.9327,13/04/2021
29.9327,14/04/2021
30.5069,15/04/2021
30.5787,16/04/2021
30.5787,17/04/2021
30.5787,18/04/2021
30.0748,19/04/2021
30.0614,20/04/2021
30.0613,21/04/2021
30.2321,22/04/2021
30.0864,23/04/2021
30.0864,24/04/2021
30.0864,25/04/2021
30.4258,26/04/2021
30.7725,27/04/2021
31.1605,28/04/2021
31.1656,29/04/2021
30.6994,30/04/2021
30.6994,01/05/2021
30.6994,02/05/2021
30.7199,03/05/2021
30.48,04/05/2021
30.8509,05/05/2021
31.0411,06/05/2021
31.1711,07/05/2021
31.1710,08/05/2021
31.1710,09/05/2021
31.4755,10/05/2021
31.3492,11/05/2021
31.1116,12/05/2021
31.1116,13/05/2021
30.9541,14/05/2021
30.9541,15/05/2021
30.9541,16/05/2021
31.4529,17/05/2021
31.7745,18/05/2021
31.6572,19/05/2021
31.4474,20/05/2021
31.9931,21/05/2021
31.9931,22/05/2021
31.9931,23/05/2021
32.0407,24/05/2021
32.0312,25/05/2021
32.0311,26/05/2021
32.3472,27/05/2021
32.4985,28/05/2021
32.4985,29/05/2021
32.4985,30/05/2021
32.8257,31/05/2021
32.7792,01/06/2021
32.8781,02/06/2021
33.0654,03/06/2021
32.9585,04/06/2021
32.9584,05/06/2021
32.9583,06/06/2021
33.1863,07/06/2021
33.1952,08/06/2021
32.9292,09/06/2021
33.1894,10/06/2021
33.3069,11/06/2021
33.3068,12/06/2021
33.3067,13/06/2021
33.3738,14/06/2021
33.5225,15/06/2021
33.3289,16/06/2021
33.1849,17/06/2021
33.1590,18/06/2021
33.1589,19/06/2021
33.1588,20/06/2021
33.2424,21/06/2021
33.3306,22/06/2021
33.1638,23/06/2021
33.3804,24/06/2021
33.5801,25/06/2021
33.58,26/06/2021
33.5799,27/06/2021
33.5587,28/06/2021
33.3876,29/06/2021
33.3556,30/06/2021
33.3083,01/07/2021
33.4074,02/07/2021
33.4073,03/07/2021
33.4072,04/07/2021
33.6761,05/07/2021
33.6593,06/07/2021
33.7434,07/07/2021
33.4449,08/07/2021
33.3867,09/07/2021
33.3866,10/07/2021
33.3865,11/07/2021
33.4334,12/07/2021
33.6359,13/07/2021
33.7271,14/07/2021
33.8808,15/07/2021
33.9245,16/07/2021
33.9244,17/07/2021
33.9243,18/07/2021
33.6163,19/07/2021
33.3359,20/07/2021
33.3358,21/07/2021
33.7609,22/07/2021
33.8787,23/07/2021
33.8786,24/07/2021
33.8785,25/07/2021
33.7779,26/07/2021
33.6875,27/07/2021
33.6755,28/07/2021
33.8772,29/07/2021
33.8581,30/07/2021
33.8580,31/07/2021
33.8579,01/08/2021
34.1371,02/08/2021
34.6022,03/08/2021
34.7150,04/08/2021
34.7182,05/08/2021
34.6165,06/08/2021
34.6164,07/08/2021
34.6163,08/08/2021
34.6385,09/08/2021
34.6221,10/08/2021
