Date,NAV
10-Aug-2021,22.9875
09-Aug-2021,22.999
06-Aug-2021,22.9726
05-Aug-2021,23.0611
04-Aug-2021,23.0626
03-Aug-2021,23.0532
02-Aug-2021,23.0412
30-Jul-2021,22.9974
29-Jul-2021,23.0002
28-Jul-2021,23.0281
27-Jul-2021,23.0363
26-Jul-2021,23.0368
23-Jul-2021,23.004
22-Jul-2021,23.0086
20-Jul-2021,23.0389
19-Jul-2021,22.9927
16-Jul-2021,22.9622
15-Jul-2021,23.0026
14-Jul-2021,22.991
13-Jul-2021,22.9974
12-Jul-2021,22.9812
09-Jul-2021,23.0097
08-Jul-2021,23.0211
07-Jul-2021,22.9373
06-Jul-2021,22.9169
05-Jul-2021,23.0346
02-Jul-2021,23.0109
01-Jul-2021,23.0459
30-Jun-2021,23.0374
29-Jun-2021,23.0302
29-Jun-2021,23.0302
28-Jun-2021,23.0311
25-Jun-2021,23.0838
24-Jun-2021,23.1283
23-Jun-2021,23.1226
22-Jun-2021,23.1288
21-Jun-2021,23.1396
18-Jun-2021,23.124
17-Jun-2021,23.122
16-Jun-2021,23.1289
15-Jun-2021,23.1618
14-Jun-2021,23.2331
11-Jun-2021,23.2349
10-Jun-2021,23.2032
09-Jun-2021,23.1824
08-Jun-2021,23.174
07-Jun-2021,23.1334
04-Jun-2021,23.0947
03-Jun-2021,23.1105
02-Jun-2021,23.1079
01-Jun-2021,23.0925
31-May-2021,23.1031
28-May-2021,23.1622
27-May-2021,23.1904
25-May-2021,23.2079
24-May-2021,23.1945
21-May-2021,23.186
20-May-2021,23.15
19-May-2021,23.1249
18-May-2021,23.1216
17-May-2021,23.1355
12-May-2021,23.1174
11-May-2021,23.1101
10-May-2021,23.1038
07-May-2021,23.0961
06-May-2021,23.0968
05-May-2021,23.0542
04-May-2021,23.0233
03-May-2021,23.0256
30-Apr-2021,23.0146
29-Apr-2021,22.9919
28-Apr-2021,22.9771
27-Apr-2021,22.9828
26-Apr-2021,22.9623
23-Apr-2021,22.9017
22-Apr-2021,22.9165
20-Apr-2021,22.8611
19-Apr-2021,22.8729
19-Apr-2021,22.8729
19-Apr-2021,22.8729
16-Apr-2021,22.863
15-Apr-2021,22.8502
09-Apr-2021,22.9509
08-Apr-2021,22.9725
07-Apr-2021,22.9218
06-Apr-2021,22.8228
05-Apr-2021,22.788
31-Mar-2021,22.7484
30-Mar-2021,22.754
26-Mar-2021,22.739
25-Mar-2021,22.7127
24-Mar-2021,22.7343
23-Mar-2021,22.6857
22-Mar-2021,22.5987
19-Mar-2021,22.5014
18-Mar-2021,22.4015
17-Mar-2021,22.4092
16-Mar-2021,22.4144
15-Mar-2021,22.382
12-Mar-2021,22.3889
10-Mar-2021,22.4112
09-Mar-2021,22.412
08-Mar-2021,22.4409
05-Mar-2021,22.4414
04-Mar-2021,22.472
03-Mar-2021,22.4492
02-Mar-2021,22.4695
01-Mar-2021,22.4226
26-Feb-2021,22.3593
25-Feb-2021,22.4748
24-Feb-2021,22.4842
23-Feb-2021,22.4613
22-Feb-2021,22.4773
18-Feb-2021,22.5559
17-Feb-2021,22.6155
16-Feb-2021,22.6488
15-Feb-2021,22.6589
12-Feb-2021,22.7029
11-Feb-2021,22.7114
10-Feb-2021,22.6588
09-Feb-2021,22.6297
08-Feb-2021,22.7208
05-Feb-2021,22.6742
04-Feb-2021,22.7935
03-Feb-2021,22.7578
02-Feb-2021,22.699
01-Feb-2021,22.8019
29-Jan-2021,23.0881
28-Jan-2021,23.0999
27-Jan-2021,23.0832
25-Jan-2021,23.0754
22-Jan-2021,23.0652
21-Jan-2021,23.0481
20-Jan-2021,23.0492
19-Jan-2021,23.0456
18-Jan-2021,23.0325
15-Jan-2021,23.0194
14-Jan-2021,23.0897
13-Jan-2021,23.0844
12-Jan-2021,23.0912
11-Jan-2021,23.0965
08-Jan-2021,23.1346
07-Jan-2021,23.1182
06-Jan-2021,23.1208
05-Jan-2021,23.146
04-Jan-2021,23.118
01-Jan-2021,23.0752
31-Dec-2020,23.0719
30-Dec-2020,23.0488
29-Dec-2020,23.0363
28-Dec-2020,23.0246
24-Dec-2020,22.9732
23-Dec-2020,22.9664
22-Dec-2020,22.9565
21-Dec-2020,22.9642
18-Dec-2020,22.9538
17-Dec-2020,22.9832
16-Dec-2020,22.9833
15-Dec-2020,22.9833
14-Dec-2020,22.9642
11-Dec-2020,22.9436
10-Dec-2020,22.9604
09-Dec-2020,22.9534
08-Dec-2020,22.9304
07-Dec-2020,22.9468
04-Dec-2020,22.9517
03-Dec-2020,22.9018
02-Dec-2020,22.8993
01-Dec-2020,22.8937
27-Nov-2020,22.8876
26-Nov-2020,22.903
25-Nov-2020,22.8627
25-Nov-2020,22.8627
24-Nov-2020,22.8376
24-Nov-2020,22.8376
23-Nov-2020,22.8191
20-Nov-2020,22.818
19-Nov-2020,22.8106
18-Nov-2020,22.7984
17-Nov-2020,22.7752
13-Nov-2020,22.7543
12-Nov-2020,22.7276
11-Nov-2020,22.7231
10-Nov-2020,22.7121
09-Nov-2020,22.755
06-Nov-2020,22.7448
05-Nov-2020,22.7232
03-Nov-2020,22.6712
02-Nov-2020,22.7045
29-Oct-2020,22.698
28-Oct-2020,22.7262
27-Oct-2020,22.7403
26-Oct-2020,22.7366
23-Oct-2020,22.6363
22-Oct-2020,22.5759
21-Oct-2020,22.565
20-Oct-2020,22.5441
19-Oct-2020,22.5353
16-Oct-2020,22.5308
15-Oct-2020,22.5506
14-Oct-2020,22.5464
13-Oct-2020,22.5469
12-Oct-2020,22.5381
09-Oct-2020,22.4664
08-Oct-2020,22.2712
07-Oct-2020,22.2574
06-Oct-2020,22.2469
05-Oct-2020,22.2888
01-Oct-2020,22.2634
30-Sep-2020,22.2422
29-Sep-2020,22.2037
28-Sep-2020,22.2333
25-Sep-2020,22.2438
24-Sep-2020,22.2859
23-Sep-2020,22.283
22-Sep-2020,22.288
21-Sep-2020,22.3019
18-Sep-2020,22.2867
17-Sep-2020,22.2909
16-Sep-2020,22.325
15-Sep-2020,22.304
15-Sep-2020,22.304
14-Sep-2020,22.3024
11-Sep-2020,22.2801
10-Sep-2020,22.2932
09-Sep-2020,22.3288
08-Sep-2020,22.2868
07-Sep-2020,22.412
04-Sep-2020,22.4522
03-Sep-2020,22.4997
02-Sep-2020,22.4604
01-Sep-2020,22.4436
31-Aug-2020,22.0789
28-Aug-2020,22.0295
27-Aug-2020,22.0497
26-Aug-2020,22.04
25-Aug-2020,22.0587
24-Aug-2020,22.0286
21-Aug-2020,22.1489
20-Aug-2020,22.3766
19-Aug-2020,22.3795
18-Aug-2020,22.3916
17-Aug-2020,22.3928
14-Aug-2020,22.3989
12-Aug-2020,22.4417
11-Aug-2020,22.4177
10-Aug-2020,22.4185
07-Aug-2020,22.4268
06-Aug-2020,22.4675
05-Aug-2020,22.5263
04-Aug-2020,22.5126
03-Aug-2020,22.4861
31-Jul-2020,22.4761
30-Jul-2020,22.4996
29-Jul-2020,22.4964
28-Jul-2020,22.4755
27-Jul-2020,22.4781
24-Jul-2020,22.4996
21-Jul-2020,22.4544
20-Jul-2020,22.4619
17-Jul-2020,22.4636
16-Jul-2020,22.4505
15-Jul-2020,22.4298
14-Jul-2020,22.4035
13-Jul-2020,22.4161
10-Jul-2020,22.3886
09-Jul-2020,22.3276
08-Jul-2020,22.3122
07-Jul-2020,22.2712
06-Jul-2020,22.228
03-Jul-2020,22.2013
02-Jul-2020,22.2013
01-Jul-2020,22.187
30-Jun-2020,22.1302
29-Jun-2020,22.088
26-Jun-2020,22.0642
25-Jun-2020,22.0608
24-Jun-2020,22.0447
23-Jun-2020,22.0601
22-Jun-2020,22.0663
18-Jun-2020,22.0318
17-Jun-2020,21.9923
15-Jun-2020,22.0319
12-Jun-2020,22.0089
11-Jun-2020,22.0391
10-Jun-2020,22.0351
09-Jun-2020,22.0278
08-Jun-2020,22.0167
05-Jun-2020,21.9835
04-Jun-2020,21.9848
03-Jun-2020,21.9655
02-Jun-2020,21.9635
01-Jun-2020,21.9615
29-May-2020,22.0038
28-May-2020,22.009
27-May-2020,22.0012
26-May-2020,21.9943
22-May-2020,21.9694
21-May-2020,21.8223
20-May-2020,21.8061
19-May-2020,21.8133
18-May-2020,21.7779
16-May-2020,22.4505
15-May-2020,21.7461
14-May-2020,21.7565
13-May-2020,21.6856
12-May-2020,21.6011
11-May-2020,21.5854
08-May-2020,21.7766
06-May-2020,21.7107
05-May-2020,21.6323
04-May-2020,21.5561
30-Apr-2020,21.4926
29-Apr-2020,21.4734
28-Apr-2020,21.4758
27-Apr-2020,21.4853
24-Apr-2020,21.4494
23-Apr-2020,21.5836
22-Apr-2020,21.3355
21-Apr-2020,21.3505
20-Apr-2020,21.3239
17-Apr-2020,20.9882
16-Apr-2020,20.95
15-Apr-2020,20.8947
13-Apr-2020,20.7965
09-Apr-2020,20.7782
08-Apr-2020,20.7709
07-Apr-2020,20.8643
03-Apr-2020,21.0293
31-Mar-2020,21.1813
30-Mar-2020,21.1372
27-Mar-2020,21.219
26-Mar-2020,20.9739
24-Mar-2020,20.8294
23-Mar-2020,20.7656
20-Mar-2020,20.9734
19-Mar-2020,20.7802
18-Mar-2020,21.0386
17-Mar-2020,21.115
16-Mar-2020,21.1832
13-Mar-2020,21.0162
12-Mar-2020,21.2227
11-Mar-2020,21.3566
09-Mar-2020,21.4427
06-Mar-2020,21.2809
05-Mar-2020,21.1811
04-Mar-2020,21.1488
03-Mar-2020,21.018
02-Mar-2020,21.0346
28-Feb-2020,20.9928
27-Feb-2020,21.0023
26-Feb-2020,21.037
25-Feb-2020,20.9903
24-Feb-2020,20.9903
20-Feb-2020,20.9153
18-Feb-2020,20.9293
17-Feb-2020,20.9044
14-Feb-2020,20.8986
13-Feb-2020,20.8051
12-Feb-2020,20.7261
11-Feb-2020,20.7252
10-Feb-2020,20.728
07-Feb-2020,20.7078
06-Feb-2020,20.6694
05-Feb-2020,20.5741
04-Feb-2020,20.5786
03-Feb-2020,20.5632
31-Jan-2020,20.3665
30-Jan-2020,20.3691
29-Jan-2020,20.37
28-Jan-2020,20.3861
27-Jan-2020,20.405
24-Jan-2020,20.3728
23-Jan-2020,20.3469
22-Jan-2020,20.3049
21-Jan-2020,20.314
20-Jan-2020,20.2869
17-Jan-2020,20.2791
16-Jan-2020,20.2623
15-Jan-2020,20.2306
14-Jan-2020,20.1734
13-Jan-2020,20.2627
10-Jan-2020,20.2656
09-Jan-2020,20.3448
08-Jan-2020,20.3044
07-Jan-2020,20.3044
06-Jan-2020,20.2794
03-Jan-2020,20.3516
02-Jan-2020,20.3745
01-Jan-2020,20.3638
31-Dec-2019,20.2846
30-Dec-2019,20.2933
27-Dec-2019,20.3053
26-Dec-2019,20.264
24-Dec-2019,20.2448
23-Dec-2019,20.2743
20-Dec-2019,20.2138
19-Dec-2019,19.9207
18-Dec-2019,19.9354
17-Dec-2019,19.8937
16-Dec-2019,19.8398
13-Dec-2019,19.8274
12-Dec-2019,19.8542
11-Dec-2019,19.8979
10-Dec-2019,19.9269
09-Dec-2019,19.957
06-Dec-2019,19.9493
05-Dec-2019,19.9771
04-Dec-2019,20.1563
03-Dec-2019,20.1402
02-Dec-2019,20.1166
29-Nov-2019,20.1183
28-Nov-2019,20.1216
27-Nov-2019,20.0955
26-Nov-2019,20.0955
25-Nov-2019,20.0973
22-Nov-2019,20.0555
21-Nov-2019,20.0307
20-Nov-2019,20.088
19-Nov-2019,20.0686
18-Nov-2019,20.04
15-Nov-2019,20.0047
14-Nov-2019,19.9983
13-Nov-2019,19.9837
11-Nov-2019,19.9444
08-Nov-2019,19.9531
07-Nov-2019,20.0044
06-Nov-2019,20.009
05-Nov-2019,19.9902
04-Nov-2019,20.0214
01-Nov-2019,20.027
31-Oct-2019,20.0288
30-Oct-2019,19.9849
29-Oct-2019,19.9688
25-Oct-2019,19.9622
24-Oct-2019,19.9635
23-Oct-2019,19.9605
22-Oct-2019,19.9192
18-Oct-2019,19.9169
17-Oct-2019,19.9047
16-Oct-2019,19.9485
15-Oct-2019,19.9172
14-Oct-2019,19.9243
11-Oct-2019,19.8781
10-Oct-2019,19.9519
09-Oct-2019,19.9715
07-Oct-2019,19.9522
04-Oct-2019,19.9524
03-Oct-2019,20.0519
01-Oct-2019,19.9364
30-Sep-2019,19.8319
27-Sep-2019,19.7532
26-Sep-2019,19.7584
25-Sep-2019,19.7243
24-Sep-2019,19.7297
23-Sep-2019,19.7577
20-Sep-2019,19.6677
19-Sep-2019,19.9597
18-Sep-2019,19.9574
17-Sep-2019,19.8614
16-Sep-2019,19.874
13-Sep-2019,19.945
12-Sep-2019,19.9409
11-Sep-2019,19.947
09-Sep-2019,20.0346
06-Sep-2019,20.0073
05-Sep-2019,20.0332
04-Sep-2019,20.0537
03-Sep-2019,20.0454
30-Aug-2019,19.9749
29-Aug-2019,20.0111
28-Aug-2019,20.039
27-Aug-2019,20.1022
26-Aug-2019,20.0861
23-Aug-2019,19.9751
22-Aug-2019,19.9801
21-Aug-2019,19.946
20-Aug-2019,19.8972
19-Aug-2019,19.9039
16-Aug-2019,19.9622
14-Aug-2019,19.8587
13-Aug-2019,20.0008
10-Aug-2019,20.0315
09-Aug-2019,20.0271
08-Aug-2019,20.1704
07-Aug-2019,20.1381
06-Aug-2019,20.1197
05-Aug-2019,20.0721
02-Aug-2019,20.0993
01-Aug-2019,20.0508
31-Jul-2019,20.0664
30-Jul-2019,20.0321
29-Jul-2019,20.0172
26-Jul-2019,19.9398
25-Jul-2019,19.9628
24-Jul-2019,20.0452
23-Jul-2019,20.0007
22-Jul-2019,20.128
19-Jul-2019,20.1788
18-Jul-2019,20.1639
17-Jul-2019,20.2016
16-Jul-2019,20.2753
15-Jul-2019,20.1833
12-Jul-2019,20.1215
11-Jul-2019,20.1129
10-Jul-2019,20.0379
09-Jul-2019,19.9517
08-Jul-2019,19.9599
05-Jul-2019,19.7994
04-Jul-2019,19.6955
03-Jul-2019,19.6048
02-Jul-2019,19.5638
01-Jul-2019,19.5053
28-Jun-2019,19.4975
27-Jun-2019,19.4801
26-Jun-2019,19.4401
25-Jun-2019,19.4705
24-Jun-2019,19.5041
21-Jun-2019,19.4922
20-Jun-2019,19.5869
19-Jun-2019,19.4802
18-Jun-2019,19.4688
17-Jun-2019,19.2953
14-Jun-2019,19.2529
13-Jun-2019,19.1245
12-Jun-2019,19.1197
11-Jun-2019,19.0693
10-Jun-2019,19.0371
07-Jun-2019,19.1317
06-Jun-2019,19.1519
04-Jun-2019,18.9953
03-Jun-2019,19.0573
31-May-2019,18.9693
30-May-2019,18.8284
29-May-2019,18.84
28-May-2019,18.7829
27-May-2019,18.7333
24-May-2019,18.6598
23-May-2019,18.6254
22-May-2019,18.5593
21-May-2019,18.5137
20-May-2019,18.5144
17-May-2019,18.437
16-May-2019,18.4352
15-May-2019,18.4083
14-May-2019,18.4115
13-May-2019,18.3778
10-May-2019,18.3345
09-May-2019,18.3304
08-May-2019,18.3354
07-May-2019,18.3091
06-May-2019,18.2854
03-May-2019,18.2567
02-May-2019,18.2279
30-Apr-2019,18.1918
26-Apr-2019,18.1923
25-Apr-2019,18.133
24-Apr-2019,18.1699
23-Apr-2019,18.11
22-Apr-2019,18.0951
18-Apr-2019,18.1431
16-Apr-2019,18.1703
15-Apr-2019,18.1716
12-Apr-2019,18.1647
11-Apr-2019,18.1654
10-Apr-2019,18.1534
09-Apr-2019,18.1413
08-Apr-2019,18.1302
05-Apr-2019,18.1862
04-Apr-2019,18.2237
03-Apr-2019,18.2649
02-Apr-2019,18.2483
31-Mar-2019,18.1855
30-Mar-2019,18.1817
29-Mar-2019,18.1814
28-Mar-2019,18.1824
27-Mar-2019,18.1345
26-Mar-2019,18.1223
25-Mar-2019,18.1186
22-Mar-2019,18.0535
20-Mar-2019,17.9988
19-Mar-2019,17.9654
18-Mar-2019,17.9989
15-Mar-2019,17.9546
14-Mar-2019,17.9176
13-Mar-2019,17.9235
12-Mar-2019,17.9291
11-Mar-2019,17.9331
08-Mar-2019,17.9051
07-Mar-2019,17.8562
06-Mar-2019,17.8503
05-Mar-2019,17.853
01-Mar-2019,17.823
28-Feb-2019,17.8048
27-Feb-2019,17.7319
26-Feb-2019,17.8151
25-Feb-2019,17.819
22-Feb-2019,17.8156
21-Feb-2019,17.864
20-Feb-2019,17.8457
18-Feb-2019,17.8174
15-Feb-2019,17.8121
14-Feb-2019,17.8772
13-Feb-2019,17.9141
12-Feb-2019,17.8506
11-Feb-2019,17.8507
08-Feb-2019,17.8541
07-Feb-2019,17.8472
06-Feb-2019,17.7584
05-Feb-2019,17.7167
04-Feb-2019,17.6953
01-Feb-2019,17.7285
31-Jan-2019,17.8199
30-Jan-2019,17.7739
29-Jan-2019,17.7834
28-Jan-2019,17.7647
25-Jan-2019,17.7443
24-Jan-2019,17.7434
23-Jan-2019,17.739
22-Jan-2019,17.7463
21-Jan-2019,17.6828
18-Jan-2019,17.6715
17-Jan-2019,17.7327
16-Jan-2019,17.7217
15-Jan-2019,17.7889
14-Jan-2019,17.8223
11-Jan-2019,17.7623
10-Jan-2019,17.756
09-Jan-2019,17.7669
09-Jan-2019,20.3448
08-Jan-2019,17.7566
07-Jan-2019,17.6637
04-Jan-2019,17.7013
03-Jan-2019,17.7262
01-Jan-2019,17.7331
31-Dec-2018,17.7923
28-Dec-2018,17.7901
27-Dec-2018,17.8553
26-Dec-2018,17.8601
24-Dec-2018,17.7994
21-Dec-2018,17.7924
20-Dec-2018,17.8005
19-Dec-2018,17.818
18-Dec-2018,17.6837
17-Dec-2018,17.6168
14-Dec-2018,17.6119
13-Dec-2018,17.6328
12-Dec-2018,17.6024
11-Dec-2018,17.4803
10-Dec-2018,17.4586
07-Dec-2018,17.529
06-Dec-2018,17.5614
05-Dec-2018,17.5166
04-Dec-2018,17.3404
03-Dec-2018,17.2915
30-Nov-2018,17.2806
29-Nov-2018,17.2624
28-Nov-2018,17.1967
27-Nov-2018,17.0866
26-Nov-2018,17.0817
22-Nov-2018,17.0708
20-Nov-2018,17.0067
19-Nov-2018,16.9887
16-Nov-2018,16.9736
15-Nov-2018,17.0109
14-Nov-2018,17.0037
13-Nov-2018,16.9509
12-Nov-2018,16.9084
09-Nov-2018,16.9346
06-Nov-2018,16.8949
05-Nov-2018,16.8738
02-Nov-2018,16.8674
01-Nov-2018,16.7784
31-Oct-2018,16.7423
30-Oct-2018,16.7305
29-Oct-2018,16.7368
26-Oct-2018,16.6449
25-Oct-2018,16.6552
24-Oct-2018,16.6435
23-Oct-2018,16.5945
22-Oct-2018,16.5823
19-Oct-2018,16.5612
17-Oct-2018,16.5502
16-Oct-2018,16.5658
15-Oct-2018,16.5162
12-Oct-2018,16.4726
11-Oct-2018,16.4529
10-Oct-2018,16.4255
09-Oct-2018,16.365
08-Oct-2018,16.4715
05-Oct-2018,16.406
04-Oct-2018,16.2663
03-Oct-2018,16.3332
01-Oct-2018,16.4297
28-Sep-2018,16.3797
27-Sep-2018,16.3793
26-Sep-2018,16.3265
25-Sep-2018,16.2851
24-Sep-2018,16.289
21-Sep-2018,16.2914
19-Sep-2018,16.2822
18-Sep-2018,16.2349
17-Sep-2018,16.2407
14-Sep-2018,16.2159
12-Sep-2018,16.1804
11-Sep-2018,16.1412
10-Sep-2018,16.1539
07-Sep-2018,16.2401
06-Sep-2018,16.2016
05-Sep-2018,16.2063
04-Sep-2018,16.2149
03-Sep-2018,16.2746
31-Aug-2018,16.312
30-Aug-2018,16.3524
29-Aug-2018,16.3686
28-Aug-2018,16.3708
27-Aug-2018,16.3786
24-Aug-2018,16.3791
23-Aug-2018,16.4035
21-Aug-2018,16.4386
20-Aug-2018,16.4237
16-Aug-2018,16.3825
14-Aug-2018,16.4446
13-Aug-2018,16.4293
10-Aug-2018,16.4674
09-Aug-2018,16.471
08-Aug-2018,16.4412
07-Aug-2018,16.4337
06-Aug-2018,16.4511
03-Aug-2018,16.4332
02-Aug-2018,16.4566
01-Aug-2018,16.4556
31-Jul-2018,16.3896
30-Jul-2018,16.3772
27-Jul-2018,16.3741
26-Jul-2018,16.3794
25-Jul-2018,16.3642
24-Jul-2018,16.3639
23-Jul-2018,16.3581
20-Jul-2018,16.3754
19-Jul-2018,16.3911
18-Jul-2018,16.4005
17-Jul-2018,16.385
16-Jul-2018,16.3105
13-Jul-2018,16.3018
12-Jul-2018,16.3181
11-Jul-2018,16.2435
10-Jul-2018,16.2209
09-Jul-2018,16.2249
06-Jul-2018,16.2265
05-Jul-2018,16.2215
04-Jul-2018,16.2515
03-Jul-2018,16.2315
02-Jul-2018,16.2329
29-Jun-2018,16.2194
28-Jun-2018,16.1921
27-Jun-2018,16.2373
26-Jun-2018,16.2584
25-Jun-2018,16.2685
22-Jun-2018,16.286
21-Jun-2018,16.2993
20-Jun-2018,16.2603
19-Jun-2018,16.2319
18-Jun-2018,16.208
15-Jun-2018,16.1726
14-Jun-2018,16.1324
13-Jun-2018,16.1295
12-Jun-2018,16.097
11-Jun-2018,16.0989
08-Jun-2018,16.1257
07-Jun-2018,16.0162
06-Jun-2018,16.1075
05-Jun-2018,16.2128
04-Jun-2018,16.1748
01-Jun-2018,16.1875
31-May-2018,16.1892
30-May-2018,16.2423
29-May-2018,16.2372
28-May-2018,16.2609
25-May-2018,16.1851
24-May-2018,16.1064
23-May-2018,16.1132
23-May-2018,18.6254
22-May-2018,16.1487
21-May-2018,16.1291
18-May-2018,16.1049
17-May-2018,16.0719
16-May-2018,16.0714
15-May-2018,16.0745
14-May-2018,16.1416
11-May-2018,16.2491
10-May-2018,16.2536
09-May-2018,16.2608
08-May-2018,16.3728
07-May-2018,16.2894
04-May-2018,16.204
03-May-2018,16.2054
02-May-2018,16.201
27-Apr-2018,16.1748
26-Apr-2018,16.167
25-Apr-2018,16.2059
24-Apr-2018,16.236
23-Apr-2018,16.1794
20-Apr-2018,16.1994
19-Apr-2018,16.2654
18-Apr-2018,16.4139
17-Apr-2018,16.4521
16-Apr-2018,16.4595
13-Apr-2018,16.4801
12-Apr-2018,16.4325
11-Apr-2018,16.4083
10-Apr-2018,16.5507
09-Apr-2018,16.6876
06-Apr-2018,16.7329
05-Apr-2018,16.7517
04-Apr-2018,16.5336
03-Apr-2018,16.4853
31-Mar-2018,16.3945
28-Mar-2018,16.3879
27-Mar-2018,16.403
26-Mar-2018,16.072
23-Mar-2018,16.1079
22-Mar-2018,16.0842
21-Mar-2018,16.0569
20-Mar-2018,16.0325
19-Mar-2018,16.0269
16-Mar-2018,16.0336
15-Mar-2018,15.9614
14-Mar-2018,15.9202
13-Mar-2018,15.9147
12-Mar-2018,15.9268
09-Mar-2018,15.8935
08-Mar-2018,15.9104
07-Mar-2018,15.8701
06-Mar-2018,15.8084
05-Mar-2018,15.7989
01-Mar-2018,15.8123
28-Feb-2018,15.814
27-Feb-2018,15.8236
26-Feb-2018,15.8067
23-Feb-2018,15.8014
22-Feb-2018,15.7581
21-Feb-2018,15.8106
20-Feb-2018,15.8373
16-Feb-2018,15.9058
15-Feb-2018,15.9025
14-Feb-2018,15.9845
12-Feb-2018,15.9611
09-Feb-2018,15.947
08-Feb-2018,15.9654
07-Feb-2018,15.9085
06-Feb-2018,15.8554
05-Feb-2018,15.8223
02-Feb-2018,15.8563
01-Feb-2018,15.8241
31-Jan-2018,15.9909
30-Jan-2018,15.9914
29-Jan-2018,16.0072
25-Jan-2018,16.104
24-Jan-2018,16.1078
23-Jan-2018,16.1205
22-Jan-2018,16.0625
19-Jan-2018,16.0476
18-Jan-2018,16.0428
17-Jan-2018,16.0947
16-Jan-2018,15.9639
15-Jan-2018,16.0817
12-Jan-2018,16.0864
11-Jan-2018,16.0851
10-Jan-2018,16.0934
09-Jan-2018,16.1723
08-Jan-2018,16.1941
05-Jan-2018,16.2086
04-Jan-2018,16.1036
03-Jan-2018,16.1054
03-Jan-2018,17.7262
02-Jan-2018,16.0832
01-Jan-2018,16.1154
29-Dec-2017,16.0998
28-Dec-2017,16.033
27-Dec-2017,16.1944
26-Dec-2017,16.1799
22-Dec-2017,16.1903
21-Dec-2017,16.2171
20-Dec-2017,16.2344
19-Dec-2017,16.249
18-Dec-2017,16.2356
15-Dec-2017,16.2526
14-Dec-2017,16.2444
13-Dec-2017,16.1934
12-Dec-2017,16.1882
11-Dec-2017,16.2117
08-Dec-2017,16.2554
07-Dec-2017,16.2833
06-Dec-2017,16.2916
05-Dec-2017,16.2598
04-Dec-2017,16.2427
30-Nov-2017,16.2468
29-Nov-2017,16.2579
28-Nov-2017,16.2607
27-Nov-2017,16.2449
24-Nov-2017,16.2551
23-Nov-2017,16.2554
22-Nov-2017,16.2702
21-Nov-2017,16.3381
20-Nov-2017,16.3528
17-Nov-2017,16.2237
16-Nov-2017,16.2059
15-Nov-2017,16.2443
14-Nov-2017,16.2245
13-Nov-2017,16.2847
10-Nov-2017,16.3003
09-Nov-2017,16.3201
08-Nov-2017,16.3067
07-Nov-2017,16.321
06-Nov-2017,16.3439
03-Nov-2017,16.352
02-Nov-2017,16.3446
01-Nov-2017,16.3336
31-Oct-2017,16.3471
30-Oct-2017,16.3197
27-Oct-2017,16.3656
26-Oct-2017,16.3669
25-Oct-2017,16.3489
24-Oct-2017,16.3761
23-Oct-2017,16.3568
18-Oct-2017,16.3802
17-Oct-2017,16.3703
16-Oct-2017,16.3853
13-Oct-2017,16.3756
12-Oct-2017,16.3279
11-Oct-2017,16.3245
10-Oct-2017,16.3225
09-Oct-2017,16.3153
06-Oct-2017,16.3155
05-Oct-2017,16.3366
04-Oct-2017,16.3743
03-Oct-2017,16.414
29-Sep-2017,16.3873
28-Sep-2017,16.3895
27-Sep-2017,16.3691
26-Sep-2017,16.3823
25-Sep-2017,16.417
22-Sep-2017,16.3722
21-Sep-2017,16.3631
20-Sep-2017,16.4534
19-Sep-2017,16.4393
18-Sep-2017,16.434
15-Sep-2017,16.4339
14-Sep-2017,16.4627
13-Sep-2017,16.4637
12-Sep-2017,16.4825
11-Sep-2017,16.4877
08-Sep-2017,16.5003
07-Sep-2017,16.498
06-Sep-2017,16.5004
05-Sep-2017,16.4835
04-Sep-2017,16.4728
01-Sep-2017,16.4865
31-Aug-2017,16.4387
30-Aug-2017,16.4279
29-Aug-2017,16.4329
28-Aug-2017,16.4052
24-Aug-2017,16.411
23-Aug-2017,16.4194
22-Aug-2017,16.4268
21-Aug-2017,16.4395
18-Aug-2017,16.4484
16-Aug-2017,16.412
14-Aug-2017,16.422
11-Aug-2017,16.4184
10-Aug-2017,16.4351
09-Aug-2017,16.4678
08-Aug-2017,16.4682
07-Aug-2017,16.4753
04-Aug-2017,16.4905
03-Aug-2017,16.4927
02-Aug-2017,16.4226
01-Aug-2017,16.4254
31-Jul-2017,16.4067
28-Jul-2017,16.419
27-Jul-2017,16.4444
26-Jul-2017,16.4374
25-Jul-2017,16.4484
24-Jul-2017,16.4793
21-Jul-2017,16.4421
20-Jul-2017,16.3809
19-Jul-2017,16.3845
18-Jul-2017,16.3504
17-Jul-2017,16.3398
14-Jul-2017,16.3323
13-Jul-2017,16.3407
12-Jul-2017,16.3217
11-Jul-2017,16.3121
10-Jul-2017,16.3305
07-Jul-2017,16.2487
06-Jul-2017,16.2299
05-Jul-2017,16.2071
04-Jul-2017,16.1886
03-Jul-2017,16.2012
30-Jun-2017,16.286
29-Jun-2017,16.2877
28-Jun-2017,16.287
27-Jun-2017,16.3528
23-Jun-2017,16.3599
22-Jun-2017,16.3594
21-Jun-2017,16.3785
20-Jun-2017,16.3597
19-Jun-2017,16.3437
16-Jun-2017,16.3144
15-Jun-2017,16.3293
14-Jun-2017,16.3426
13-Jun-2017,16.3239
12-Jun-2017,16.303
09-Jun-2017,16.3072
07-Jun-2017,16.1557
06-Jun-2017,15.966
05-Jun-2017,15.9403
02-Jun-2017,15.9383
01-Jun-2017,15.9471
31-May-2017,15.8645
30-May-2017,15.8453
29-May-2017,15.8291
26-May-2017,15.8493
25-May-2017,15.8292
24-May-2017,15.7939
23-May-2017,15.8024
22-May-2017,15.799
19-May-2017,15.7043
18-May-2017,15.7004
17-May-2017,15.6721
16-May-2017,15.6663
15-May-2017,15.7004
12-May-2017,15.5997
11-May-2017,15.5684
09-May-2017,15.5632
08-May-2017,15.5718
05-May-2017,15.5513
04-May-2017,15.5326
03-May-2017,15.5463
02-May-2017,15.5265
28-Apr-2017,15.5509
27-Apr-2017,15.5635
26-Apr-2017,15.5624
25-Apr-2017,15.6048
24-Apr-2017,15.5638
23-Apr-2017,16.1794
21-Apr-2017,15.5442
20-Apr-2017,15.5941
19-Apr-2017,15.5886
18-Apr-2017,15.5842
17-Apr-2017,15.5892
13-Apr-2017,15.5931
12-Apr-2017,15.5498
11-Apr-2017,15.5084
10-Apr-2017,15.4553
07-Apr-2017,15.4464
06-Apr-2017,15.4584
05-Apr-2017,15.5396
03-Apr-2017,15.5322
31-Mar-2017,15.5362
30-Mar-2017,15.5339
29-Mar-2017,15.5224
27-Mar-2017,15.5532
24-Mar-2017,15.4303
23-Mar-2017,15.4232
22-Mar-2017,15.4123
21-Mar-2017,15.3156
20-Mar-2017,15.2965
17-Mar-2017,15.2974
16-Mar-2017,15.3039
15-Mar-2017,15.2787
14-Mar-2017,15.1998
10-Mar-2017,15.1573
09-Mar-2017,15.2611
08-Mar-2017,15.264
07-Mar-2017,15.271
06-Mar-2017,15.2665
03-Mar-2017,15.3052
02-Mar-2017,15.2757
01-Mar-2017,15.2389
28-Feb-2017,15.295
27-Feb-2017,15.2868
23-Feb-2017,15.2345
22-Feb-2017,15.2169
20-Feb-2017,15.261
17-Feb-2017,15.3117
16-Feb-2017,15.3019
15-Feb-2017,15.2789
14-Feb-2017,15.2636
13-Feb-2017,15.3281
10-Feb-2017,15.3308
09-Feb-2017,15.3012
08-Feb-2017,15.4403
07-Feb-2017,15.6578
06-Feb-2017,15.6688
03-Feb-2017,15.6746
02-Feb-2017,15.6819
01-Feb-2017,15.6658
31-Jan-2017,15.6536
30-Jan-2017,15.6477
27-Jan-2017,15.6556
25-Jan-2017,15.6458
24-Jan-2017,15.6312
23-Jan-2017,15.6235
20-Jan-2017,15.6197
19-Jan-2017,15.6232
18-Jan-2017,15.6356
17-Jan-2017,15.6672
16-Jan-2017,15.6521
13-Jan-2017,15.6675
12-Jan-2017,15.6918
11-Jan-2017,15.6493
10-Jan-2017,15.6773
09-Jan-2017,15.6827
06-Jan-2017,15.6926
05-Jan-2017,15.6984
04-Jan-2017,15.7115
04-Jan-2017,16.1036
03-Jan-2017,15.6521
02-Jan-2017,15.6643
30-Dec-2016,15.4327
29-Dec-2016,15.3191
28-Dec-2016,15.3162
27-Dec-2016,15.3132
26-Dec-2016,15.348
23-Dec-2016,15.406
22-Dec-2016,15.4682
21-Dec-2016,15.5386
20-Dec-2016,15.5232
19-Dec-2016,15.5093
16-Dec-2016,15.5085
15-Dec-2016,15.491
14-Dec-2016,15.6495
13-Dec-2016,15.6683
09-Dec-2016,15.6496
08-Dec-2016,15.7075
07-Dec-2016,15.7577
06-Dec-2016,16.0089
05-Dec-2016,16.0035
02-Dec-2016,16.0009
01-Dec-2016,16.0569
30-Nov-2016,16.0383
29-Nov-2016,15.9349
28-Nov-2016,15.9503
25-Nov-2016,16.0509
24-Nov-2016,16.0929
23-Nov-2016,15.9366
22-Nov-2016,15.8304
21-Nov-2016,15.7971
18-Nov-2016,15.6197
17-Nov-2016,15.6354
16-Nov-2016,15.6131
15-Nov-2016,15.5185
11-Nov-2016,15.2793
10-Nov-2016,15.3353
08-Nov-2016,15.1642
07-Nov-2016,15.1423
04-Nov-2016,15.1365
03-Nov-2016,15.1769
02-Nov-2016,15.1755
01-Nov-2016,15.1805
28-Oct-2016,15.1933
27-Oct-2016,15.1868
26-Oct-2016,15.203
25-Oct-2016,15.1904
24-Oct-2016,15.2096
21-Oct-2016,15.1923
20-Oct-2016,15.185
19-Oct-2016,15.198
18-Oct-2016,15.1979
17-Oct-2016,15.1738
14-Oct-2016,15.17
13-Oct-2016,15.211
10-Oct-2016,15.2323
07-Oct-2016,15.2003
06-Oct-2016,15.2371
05-Oct-2016,15.2628
04-Oct-2016,15.2089
03-Oct-2016,15.1864
30-Sep-2016,15.1225
29-Sep-2016,15.0811
28-Sep-2016,15.1756
27-Sep-2016,15.1648
26-Sep-2016,15.1473
23-Sep-2016,15.0863
22-Sep-2016,15.0596
21-Sep-2016,14.9791
20-Sep-2016,14.955
19-Sep-2016,14.9725
16-Sep-2016,14.973
15-Sep-2016,14.9593
14-Sep-2016,14.9548
12-Sep-2016,14.9617
09-Sep-2016,14.9985
08-Sep-2016,14.9999
07-Sep-2016,14.9984
06-Sep-2016,14.9358
02-Sep-2016,14.9061
01-Sep-2016,14.9139
31-Aug-2016,14.9276
30-Aug-2016,14.9187
29-Aug-2016,14.887
26-Aug-2016,14.8681
24-Aug-2016,14.8471
23-Aug-2016,14.8062
22-Aug-2016,14.7951
19-Aug-2016,14.8513
18-Aug-2016,14.8174
16-Aug-2016,14.8732
12-Aug-2016,14.8801
11-Aug-2016,14.8873
10-Aug-2016,14.8378
09-Aug-2016,14.7691
08-Aug-2016,14.6901
05-Aug-2016,14.6812
04-Aug-2016,14.6485
03-Aug-2016,14.6241
02-Aug-2016,14.6604
01-Aug-2016,14.696
29-Jul-2016,14.6391
28-Jul-2016,14.6043
27-Jul-2016,14.4804
26-Jul-2016,14.4684
25-Jul-2016,14.4485
22-Jul-2016,14.4204
21-Jul-2016,14.4017
20-Jul-2016,14.3717
19-Jul-2016,14.3355
18-Jul-2016,14.3034
15-Jul-2016,14.3118
14-Jul-2016,14.2888
13-Jul-2016,14.2893
12-Jul-2016,14.242
11-Jul-2016,14.188
08-Jul-2016,14.1774
07-Jul-2016,14.1629
05-Jul-2016,14.1407
04-Jul-2016,14.1126
01-Jul-2016,14.1084
30-Jun-2016,14.0797
29-Jun-2016,14.0492
28-Jun-2016,14.0492
27-Jun-2016,14.014
24-Jun-2016,13.9533
23-Jun-2016,13.9308
22-Jun-2016,13.9303
21-Jun-2016,13.9008
20-Jun-2016,13.8904
17-Jun-2016,13.8827
16-Jun-2016,13.8762
15-Jun-2016,13.8662
14-Jun-2016,13.8639
13-Jun-2016,13.8513
10-Jun-2016,13.873
09-Jun-2016,13.8737
08-Jun-2016,13.8695
07-Jun-2016,13.8731
06-Jun-2016,13.8799
03-Jun-2016,13.8519
02-Jun-2016,13.8463
01-Jun-2016,13.8302
31-May-2016,13.8469
30-May-2016,13.8501
27-May-2016,13.8263
26-May-2016,13.8257
25-May-2016,13.8252
24-May-2016,13.8215
23-May-2016,13.8272
20-May-2016,13.811
19-May-2016,13.8077
18-May-2016,13.8015
17-May-2016,13.8163
16-May-2016,13.8188
13-May-2016,13.8149
12-May-2016,13.8266
11-May-2016,13.8137
10-May-2016,13.8094
09-May-2016,13.8082
06-May-2016,13.789
05-May-2016,13.7941
04-May-2016,13.7888
03-May-2016,13.7706
02-May-2016,13.7884
02-May-2016,13.7884
02-May-2016,13.7884
29-Apr-2016,13.7756
28-Apr-2016,13.7512
27-Apr-2016,13.7529
26-Apr-2016,13.7521
25-Apr-2016,13.7561
22-Apr-2016,13.776
21-Apr-2016,13.7567
20-Apr-2016,13.7894
18-Apr-2016,13.7896
13-Apr-2016,13.7693
12-Apr-2016,13.8117
11-Apr-2016,13.7797
07-Apr-2016,13.7401
06-Apr-2016,13.6494
05-Apr-2016,13.6495
04-Apr-2016,13.635
31-Mar-2016,13.591
30-Mar-2016,13.5507
29-Mar-2016,13.5496
28-Mar-2016,13.5815
23-Mar-2016,13.5462
22-Mar-2016,13.5507
21-Mar-2016,13.5664
18-Mar-2016,13.4608
17-Mar-2016,13.4441
16-Mar-2016,13.3697
15-Mar-2016,13.33
14-Mar-2016,13.2997
11-Mar-2016,13.2553
10-Mar-2016,13.2502
09-Mar-2016,13.2408
08-Mar-2016,13.243
04-Mar-2016,13.2296
03-Mar-2016,13.1891
02-Mar-2016,13.2057
01-Mar-2016,13.2061
29-Feb-2016,13.1898
27-Feb-2016,15.2868
26-Feb-2016,13.0146
25-Feb-2016,12.9637
24-Feb-2016,13.0112
23-Feb-2016,13.0257
22-Feb-2016,13.0747
18-Feb-2016,13.0983
17-Feb-2016,13.081
16-Feb-2016,13.1008
15-Feb-2016,13.1305
12-Feb-2016,13.1452
10-Feb-2016,13.1443
09-Feb-2016,13.1462
08-Feb-2016,13.1503
05-Feb-2016,13.1478
04-Feb-2016,13.1262
03-Feb-2016,13.1064
02-Feb-2016,13.115
01-Feb-2016,13.1617
30-Jan-2016,15.6477
29-Jan-2016,13.1622
28-Jan-2016,13.1622
27-Jan-2016,13.1882
25-Jan-2016,13.1784
22-Jan-2016,13.2058
21-Jan-2016,13.2372
20-Jan-2016,13.1846
19-Jan-2016,13.1549
18-Jan-2016,13.1429
15-Jan-2016,13.1452
14-Jan-2016,13.1956
12-Jan-2016,13.2418
11-Jan-2016,13.2479
08-Jan-2016,13.2527
07-Jan-2016,13.2469
06-Jan-2016,13.2381
05-Jan-2016,13.2356
04-Jan-2016,13.2267
01-Jan-2016,13.2183
31-Dec-2015,13.2053
30-Dec-2015,13.2055
29-Dec-2015,13.2007
28-Dec-2015,13.2137
23-Dec-2015,13.2103
22-Dec-2015,13.1827
21-Dec-2015,13.1752
20-Dec-2015,16.2344
18-Dec-2015,13.1967
17-Dec-2015,13.2367
16-Dec-2015,13.2273
15-Dec-2015,13.1868
14-Dec-2015,13.1707
11-Dec-2015,13.208
10-Dec-2015,13.1883
09-Dec-2015,13.1893
08-Dec-2015,13.1882
07-Dec-2015,13.2149
04-Dec-2015,13.2061
03-Dec-2015,13.2581
02-Dec-2015,13.2249
01-Dec-2015,13.2413
30-Nov-2015,13.2038
27-Nov-2015,13.2134
26-Nov-2015,13.2509
24-Nov-2015,13.2577
23-Nov-2015,13.2406
20-Nov-2015,13.2494
19-Nov-2015,13.2822
18-Nov-2015,13.2782
17-Nov-2015,13.2844
16-Nov-2015,13.2972
13-Nov-2015,13.2972
10-Nov-2015,13.2578
09-Nov-2015,13.2334
06-Nov-2015,13.2712
05-Nov-2015,13.276
04-Nov-2015,13.2981
03-Nov-2015,13.3116
02-Nov-2015,13.3134
30-Oct-2015,13.2919
29-Oct-2015,13.3029
28-Oct-2015,13.3231
27-Oct-2015,13.3199
26-Oct-2015,13.316
23-Oct-2015,13.3255
21-Oct-2015,13.3306
20-Oct-2015,13.3241
19-Oct-2015,13.3134
16-Oct-2015,13.3156
15-Oct-2015,13.3171
14-Oct-2015,13.3078
13-Oct-2015,13.304
12-Oct-2015,13.2988
09-Oct-2015,13.3224
08-Oct-2015,13.3105
07-Oct-2015,13.294
06-Oct-2015,13.3027
05-Oct-2015,13.3124
04-Oct-2015,16.2663
01-Oct-2015,13.259
30-Sep-2015,13.2705
29-Sep-2015,13.1917
28-Sep-2015,13.0888
24-Sep-2015,13.0891
23-Sep-2015,13.086
22-Sep-2015,13.0849
21-Sep-2015,13.0974
18-Sep-2015,13.0943
16-Sep-2015,13.0285
15-Sep-2015,13.0106
14-Sep-2015,13.0082
11-Sep-2015,12.9833
10-Sep-2015,12.9752
09-Sep-2015,12.9891
08-Sep-2015,12.9747
07-Sep-2015,12.9564
04-Sep-2015,12.9718
03-Sep-2015,12.9903
02-Sep-2015,12.9851
01-Sep-2015,12.9746
31-Aug-2015,12.9448
28-Aug-2015,12.9434
27-Aug-2015,12.9582
26-Aug-2015,12.9287
25-Aug-2015,12.9033
24-Aug-2015,12.8591
21-Aug-2015,12.923
20-Aug-2015,12.9542
19-Aug-2015,12.9504
17-Aug-2015,12.9368
14-Aug-2015,12.9289
13-Aug-2015,12.9087
12-Aug-2015,12.8635
11-Aug-2015,12.863
10-Aug-2015,12.8644
07-Aug-2015,12.8451
06-Aug-2015,12.8445
05-Aug-2015,12.8193
04-Aug-2015,12.8224
03-Aug-2015,12.8472
31-Jul-2015,12.8294
30-Jul-2015,12.8106
29-Jul-2015,12.8174
28-Jul-2015,12.8103
24-Jul-2015,12.7445
23-Jul-2015,12.7479
22-Jul-2015,12.7279
21-Jul-2015,12.7189
20-Jul-2015,12.7184
17-Jul-2015,12.7139
16-Jul-2015,12.7073
15-Jul-2015,12.7123
14-Jul-2015,12.7167
13-Jul-2015,12.6956
10-Jul-2015,12.7547
09-Jul-2015,12.7571
08-Jul-2015,12.7666
07-Jul-2015,12.7583
06-Jul-2015,12.7619
03-Jul-2015,12.6899
02-Jul-2015,12.6739
01-Jul-2015,12.6543
30-Jun-2015,12.6262
29-Jun-2015,12.5869
26-Jun-2015,12.6139
25-Jun-2015,12.6181
24-Jun-2015,12.6534
23-Jun-2015,12.6807
22-Jun-2015,12.6902
19-Jun-2015,12.6996
18-Jun-2015,12.629
17-Jun-2015,12.55
16-Jun-2015,12.5054
15-Jun-2015,12.5185
12-Jun-2015,12.4963
11-Jun-2015,12.5185
10-Jun-2015,12.5652
09-Jun-2015,12.5965
08-Jun-2015,12.5793
05-Jun-2015,12.5859
04-Jun-2015,12.5866
03-Jun-2015,12.6487
02-Jun-2015,12.6802
01-Jun-2015,12.7659
29-May-2015,12.7694
28-May-2015,12.7502
27-May-2015,12.733
26-May-2015,12.7257
25-May-2015,12.744
22-May-2015,12.7391
21-May-2015,12.722
20-May-2015,12.7264
19-May-2015,12.7151
18-May-2015,12.6606
15-May-2015,12.6273
15-May-2015,16.0745
14-May-2015,12.6524
13-May-2015,12.6436
12-May-2015,12.6446
11-May-2015,12.6848
08-May-2015,12.6294
07-May-2015,12.6517
06-May-2015,12.725
05-May-2015,12.7665
30-Apr-2015,12.7476
29-Apr-2015,12.7744
28-Apr-2015,12.8005
27-Apr-2015,12.7921
24-Apr-2015,12.7821
23-Apr-2015,12.806
22-Apr-2015,12.8072
21-Apr-2015,12.7888
20-Apr-2015,12.7758
17-Apr-2015,12.7657
16-Apr-2015,12.7605
15-Apr-2015,12.7651
13-Apr-2015,12.7541
10-Apr-2015,12.7518
10-Apr-2015,12.7518
09-Apr-2015,12.7626
08-Apr-2015,12.752
07-Apr-2015,12.754
06-Apr-2015,12.8028
31-Mar-2015,12.7618
31-Mar-2015,16.3945
30-Mar-2015,12.6542
27-Mar-2015,12.6912
26-Mar-2015,12.6761
25-Mar-2015,12.6974
24-Mar-2015,12.722
23-Mar-2015,12.7297
20-Mar-2015,12.7245
19-Mar-2015,12.7218
18-Mar-2015,12.6941
17-Mar-2015,12.7077
16-Mar-2015,12.686
13-Mar-2015,12.6841
12-Mar-2015,12.7269
11-Mar-2015,12.7061
10-Mar-2015,12.7068
09-Mar-2015,12.7324
08-Mar-2015,13.243
05-Mar-2015,12.7562
04-Mar-2015,12.7842
03-Mar-2015,12.7387
02-Mar-2015,12.7559
27-Feb-2015,12.7663
26-Feb-2015,12.7476
26-Feb-2015,13.0146
25-Feb-2015,12.7623
24-Feb-2015,12.7549
23-Feb-2015,12.7679
20-Feb-2015,12.7639
18-Feb-2015,12.7479
16-Feb-2015,12.7466
13-Feb-2015,12.7545
12-Feb-2015,12.7068
11-Feb-2015,12.7233
10-Feb-2015,12.7341
09-Feb-2015,12.7299
06-Feb-2015,12.7388
05-Feb-2015,12.7295
04-Feb-2015,12.7134
03-Feb-2015,12.7192
02-Feb-2015,12.7595
30-Jan-2015,12.7043
29-Jan-2015,12.6813
28-Jan-2015,12.6806
27-Jan-2015,12.669
23-Jan-2015,12.6568
22-Jan-2015,12.6437
21-Jan-2015,12.6494
20-Jan-2015,12.5941
19-Jan-2015,12.574
16-Jan-2015,12.5861
15-Jan-2015,12.5442
14-Jan-2015,12.4385
13-Jan-2015,12.439
13-Jan-2015,13.2219
12-Jan-2015,12.3982
09-Jan-2015,12.3553
08-Jan-2015,12.3474
07-Jan-2015,12.3408
06-Jan-2015,12.3052
06-Jan-2015,13.2381
05-Jan-2015,12.3114
02-Jan-2015,12.3219
01-Jan-2015,12.3423
01-Jan-1970,12.8644
31-Dec-2014,12.3655
30-Dec-2014,12.2676
29-Dec-2014,12.2998
26-Dec-2014,12.2592
24-Dec-2014,12.279
23-Dec-2014,12.2955
22-Dec-2014,12.271
19-Dec-2014,12.2789
18-Dec-2014,12.3141
17-Dec-2014,12.2826
16-Dec-2014,12.2741
15-Dec-2014,12.4166
12-Dec-2014,12.4185
11-Dec-2014,12.3791
10-Dec-2014,12.3154
09-Dec-2014,12.3144
08-Dec-2014,12.2781
05-Dec-2014,12.2502
04-Dec-2014,12.2099
03-Dec-2014,12.206
02-Dec-2014,12.1992
01-Dec-2014,12.1046
28-Nov-2014,12.0619
27-Nov-2014,11.9952
26-Nov-2014,11.9915
25-Nov-2014,11.9848
24-Nov-2014,11.9763
21-Nov-2014,11.9593
20-Nov-2014,11.9566
19-Nov-2014,11.9548
18-Nov-2014,11.9568
17-Nov-2014,11.9347
14-Nov-2014,11.8964
13-Nov-2014,11.9105
12-Nov-2014,11.9463
11-Nov-2014,11.9296
10-Nov-2014,11.9362
07-Nov-2014,11.9077
05-Nov-2014,11.9177
03-Nov-2014,11.8412
31-Oct-2014,11.8065
30-Oct-2014,11.7633
29-Oct-2014,11.7254
28-Oct-2014,11.7146
27-Oct-2014,11.6977
22-Oct-2014,11.6435
21-Oct-2014,11.624
20-Oct-2014,11.6064
17-Oct-2014,11.5621
16-Oct-2014,11.5617
14-Oct-2014,11.5437
13-Oct-2014,11.5182
10-Oct-2014,11.4866
09-Oct-2014,11.473
08-Oct-2014,11.5103
07-Oct-2014,11.4724
01-Oct-2014,11.4363
30-Sep-2014,11.4086
29-Sep-2014,11.4222
26-Sep-2014,11.4472
25-Sep-2014,11.4186
24-Sep-2014,11.4204
23-Sep-2014,11.4195
22-Sep-2014,11.4353
19-Sep-2014,11.4159
18-Sep-2014,11.4151
17-Sep-2014,11.3696
16-Sep-2014,11.3582
15-Sep-2014,11.3519
12-Sep-2014,11.3369
11-Sep-2014,11.3307
10-Sep-2014,11.3041
09-Sep-2014,11.316
08-Sep-2014,11.3228
05-Sep-2014,11.3012
03-Sep-2014,11.2931
02-Sep-2014,11.2818
01-Sep-2014,11.2688
28-Aug-2014,11.2633
27-Aug-2014,11.2597
26-Aug-2014,11.2467
25-Aug-2014,11.2449
22-Aug-2014,11.2704
21-Aug-2014,11.268
20-Aug-2014,11.2714
19-Aug-2014,11.2189
14-Aug-2014,11.2009
13-Aug-2014,11.1553
12-Aug-2014,11.1181
11-Aug-2014,11.1284
08-Aug-2014,11.0963
07-Aug-2014,11.0987
06-Aug-2014,11.0915
05-Aug-2014,11.1332
04-Aug-2014,11.2202
01-Aug-2014,11.2136
31-Jul-2014,11.2289
30-Jul-2014,11.217
28-Jul-2014,11.2389
25-Jul-2014,11.256
24-Jul-2014,11.2834
23-Jul-2014,11.2759
22-Jul-2014,11.2505
21-Jul-2014,11.227
18-Jul-2014,11.178
17-Jul-2014,11.1968
16-Jul-2014,11.1791
15-Jul-2014,11.1678
14-Jul-2014,11.1225
11-Jul-2014,11.1343
10-Jul-2014,11.1502
09-Jul-2014,11.167
08-Jul-2014,11.1686
07-Jul-2014,11.19
04-Jul-2014,11.2029
03-Jul-2014,11.1922
02-Jul-2014,11.1806
01-Jul-2014,11.1235
30-Jun-2014,11.1191
27-Jun-2014,11.1074
26-Jun-2014,11.1152
25-Jun-2014,11.1333
24-Jun-2014,11.1337
23-Jun-2014,11.0998
20-Jun-2014,11.1239
19-Jun-2014,11.1557
18-Jun-2014,11.1733
17-Jun-2014,11.2192
16-Jun-2014,11.1938
13-Jun-2014,11.2123
12-Jun-2014,11.2444
11-Jun-2014,11.2562
10-Jun-2014,11.2423
09-Jun-2014,11.2495
06-Jun-2014,11.282
05-Jun-2014,11.2292
04-Jun-2014,11.136
03-Jun-2014,11.1035
02-Jun-2014,11.042
30-May-2014,11.0389
29-May-2014,10.9668
28-May-2014,10.9366
27-May-2014,10.9247
26-May-2014,10.9004
23-May-2014,10.9255
22-May-2014,10.8683
21-May-2014,10.8295
20-May-2014,10.778
19-May-2014,10.7566
16-May-2014,10.7481
15-May-2014,10.7526
13-May-2014,10.738
12-May-2014,10.7641
09-May-2014,10.7542
08-May-2014,10.7401
07-May-2014,10.7228
06-May-2014,10.7381
05-May-2014,10.7479
02-May-2014,10.6838
29-Apr-2014,10.6548
28-Apr-2014,10.6262
25-Apr-2014,10.6112
23-Apr-2014,10.6268
22-Apr-2014,10.6301
21-Apr-2014,10.5991
17-Apr-2014,10.5368
16-Apr-2014,10.4655
15-Apr-2014,10.4602
11-Apr-2014,10.4362
10-Apr-2014,10.392
09-Apr-2014,10.3735
07-Apr-2014,10.3444
04-Apr-2014,10.3394
03-Apr-2014,10.3942
02-Apr-2014,10.4431
28-Mar-2014,10.5531
27-Mar-2014,10.5372
26-Mar-2014,10.5478
25-Mar-2014,10.5408
24-Mar-2014,10.5429
23-Mar-2014,12.7297
21-Mar-2014,10.5264
20-Mar-2014,10.5088
19-Mar-2014,10.5089
18-Mar-2014,10.4948
14-Mar-2014,10.4706
13-Mar-2014,10.4823
12-Mar-2014,10.479
11-Mar-2014,10.4756
10-Mar-2014,10.4326
07-Mar-2014,10.4103
06-Mar-2014,10.4069
05-Mar-2014,10.3826
04-Mar-2014,10.3704
03-Mar-2014,10.3478
28-Feb-2014,10.3579
26-Feb-2014,10.3159
25-Feb-2014,10.3246
24-Feb-2014,10.3226
24-Feb-2014,12.7549
21-Feb-2014,10.3725
20-Feb-2014,10.362
18-Feb-2014,10.3557
17-Feb-2014,10.3435
14-Feb-2014,10.3325
13-Feb-2014,10.3068
12-Feb-2014,10.3355
11-Feb-2014,10.3924
10-Feb-2014,10.4343
07-Feb-2014,10.4061
06-Feb-2014,10.4154
05-Feb-2014,10.4077
04-Feb-2014,10.4126
03-Feb-2014,10.3505
31-Jan-2014,10.3178
30-Jan-2014,10.3241
29-Jan-2014,10.3739
28-Jan-2014,10.404
27-Jan-2014,10.4194
24-Jan-2014,10.4492
23-Jan-2014,10.5172
22-Jan-2014,10.5255
21-Jan-2014,10.5447
20-Jan-2014,10.5717
17-Jan-2014,10.5006
16-Jan-2014,10.5184
15-Jan-2014,10.4737
13-Jan-2014,10.3974
10-Jan-2014,10.3379
09-Jan-2014,10.3029
08-Jan-2014,10.277
07-Jan-2014,10.2793
06-Jan-2014,10.2767
03-Jan-2014,10.2201
02-Jan-2014,10.2174
01-Jan-2014,10.2164
31-Dec-2013,10.2264
30-Dec-2013,10.191
27-Dec-2013,10.145
26-Dec-2013,10.1635
24-Dec-2013,10.1645
23-Dec-2013,10.184
20-Dec-2013,10.1946
19-Dec-2013,10.2236
18-Dec-2013,10.1542
17-Dec-2013,10.0709
16-Dec-2013,10.0862
13-Dec-2013,10.0611
12-Dec-2013,10.1103
11-Dec-2013,10.1161
10-Dec-2013,10.1232
09-Dec-2013,10.1126
06-Dec-2013,10.1518
05-Dec-2013,10.208
04-Dec-2013,10.1997
03-Dec-2013,10.2126
02-Dec-2013,10.2279
29-Nov-2013,10.2155
28-Nov-2013,10.2354
27-Nov-2013,10.2333
26-Nov-2013,10.1989
25-Nov-2013,10.1702
22-Nov-2013,10.1612
21-Nov-2013,10.1747
20-Nov-2013,10.2057
19-Nov-2013,10.2197
18-Nov-2013,10.1443
14-Nov-2013,10.0952
13-Nov-2013,10.1267
12-Nov-2013,10.0273
11-Nov-2013,10.0852
08-Nov-2013,10.0567
07-Nov-2013,10.1642
06-Nov-2013,10.2054
05-Nov-2013,10.2438
01-Nov-2013,10.248
31-Oct-2013,10.2758
30-Oct-2013,10.2929
29-Oct-2013,10.2652
28-Oct-2013,10.202
25-Oct-2013,10.2319
24-Oct-2013,10.226
23-Oct-2013,10.2069
22-Oct-2013,10.2194
21-Oct-2013,10.2224
18-Oct-2013,10.2432
17-Oct-2013,10.2025
15-Oct-2013,10.1384
14-Oct-2013,10.2046
11-Oct-2013,10.2827
10-Oct-2013,10.3003
09-Oct-2013,10.2851
08-Oct-2013,10.2629
07-Oct-2013,10.1564
04-Oct-2013,10.1509
03-Oct-2013,10.1431
01-Oct-2013,10.1194
30-Sep-2013,10.1179
27-Sep-2013,10.1401
26-Sep-2013,10.1449
25-Sep-2013,10.1275
24-Sep-2013,10.1225
23-Sep-2013,10.1318
20-Sep-2013,10.2149
19-Sep-2013,10.3151
18-Sep-2013,10.2102
16-Sep-2013,10.1808
13-Sep-2013,10.1742
12-Sep-2013,10.176
11-Sep-2013,10.1923
10-Sep-2013,10.1892
06-Sep-2013,10.1592
05-Sep-2013,10.0222
04-Sep-2013,10.0205
03-Sep-2013,10.0189
02-Sep-2013,10.0172
30-Aug-2013,10.0094
29-Aug-2013,10.007
28-Aug-2013,10.0059
27-Aug-2013,10.006
26-Aug-2013,10.0059
23-Aug-2013,10.0058
22-Aug-2013,10.0058
21-Aug-2013,10.0037
20-Aug-2013,10.0016
19-Aug-2013,9.9995
16-Aug-2013,9.9997
14-Aug-2013,9.9999
13-Aug-2013,9.9999
12-Aug-2013,10
08-Aug-2013,10
07-Aug-2013,10
06-Aug-2013,10
05-Aug-2013,10
02-Aug-2013,10
01-Aug-2013,10
31-Jul-2013,10
30-Jul-2013,10
29-Jul-2013,10
25-Jul-2013,10
24-Jul-2013,10
23-Jul-2013,10
22-Jul-2013,10
19-Jul-2013,10
18-Jul-2013,10
17-Jul-2013,10
16-Jul-2013,10
15-Jul-2013,10
12-Jul-2013,10
11-Jul-2013,10
10-Jul-2013,10
09-Jul-2013,10
08-Jul-2013,10
05-Jul-2013,10
04-Jul-2013,10
03-Jul-2013,10
02-Jul-2013,10
01-Jul-2013,10
28-Jun-2013,10
27-Jun-2013,10
26-Jun-2013,10
25-Jun-2013,10
24-Jun-2013,10
21-Jun-2013,10
20-Jun-2013,10
19-Jun-2013,10
18-Jun-2013,10
17-Jun-2013,10
14-Jun-2013,10
13-Jun-2013,10
12-Jun-2013,10
11-Jun-2013,10
10-Jun-2013,10
07-Jun-2013,10
06-Jun-2013,
05-Jun-2013,
04-Jun-2013,
03-Jun-2013,
31-May-2013,
30-May-2013,
29-May-2013,
28-May-2013,
27-May-2013,
24-May-2013,
23-May-2013,
22-May-2013,
21-May-2013,
20-May-2013,
17-May-2013,
16-May-2013,
15-May-2013,
14-May-2013,
13-May-2013,
10-May-2013,
09-May-2013,
08-May-2013,
07-May-2013,
06-May-2013,
03-May-2013,
02-May-2013,
30-Apr-2013,
29-Apr-2013,
26-Apr-2013,
25-Apr-2013,
23-Apr-2013,
22-Apr-2013,
18-Apr-2013,
17-Apr-2013,
16-Apr-2013,
15-Apr-2013,
12-Apr-2013,
10-Apr-2013,
09-Apr-2013,
08-Apr-2013,
05-Apr-2013,
04-Apr-2013,
03-Apr-2013,
02-Apr-2013,
28-Mar-2013,
26-Mar-2013,
25-Mar-2013,
22-Mar-2013,
21-Mar-2013,
20-Mar-2013,
19-Mar-2013,
18-Mar-2013,
15-Mar-2013,
14-Mar-2013,
13-Mar-2013,
12-Mar-2013,
11-Mar-2013,
08-Mar-2013,
07-Mar-2013,
06-Mar-2013,
05-Mar-2013,
04-Mar-2013,
01-Mar-2013,
28-Feb-2013,
27-Feb-2013,
26-Feb-2013,
25-Feb-2013,
22-Feb-2013,
21-Feb-2013,
20-Feb-2013,
18-Feb-2013,
15-Feb-2013,
14-Feb-2013,
13-Feb-2013,
12-Feb-2013,
11-Feb-2013,
08-Feb-2013,
07-Feb-2013,
06-Feb-2013,
05-Feb-2013,
04-Feb-2013,
01-Feb-2013,
31-Jan-2013,
30-Jan-2013,
29-Jan-2013,
28-Jan-2013,
24-Jan-2013,
23-Jan-2013,
22-Jan-2013,
21-Jan-2013,
18-Jan-2013,
17-Jan-2013,
16-Jan-2013,
15-Jan-2013,
14-Jan-2013,
11-Jan-2013,
10-Jan-2013,
09-Jan-2013,
08-Jan-2013,
07-Jan-2013,
04-Jan-2013,
03-Jan-2013,
02-Jan-2013,
01-Jan-2013,
31-Dec-2012,
28-Dec-2012,
27-Dec-2012,
26-Dec-2012,
24-Dec-2012,
21-Dec-2012,
20-Dec-2012,
19-Dec-2012,
18-Dec-2012,
17-Dec-2012,
14-Dec-2012,
13-Dec-2012,
12-Dec-2012,
11-Dec-2012,
10-Dec-2012,
07-Dec-2012,
06-Dec-2012,
05-Dec-2012,
04-Dec-2012,
03-Dec-2012,
30-Nov-2012,
29-Nov-2012,
27-Nov-2012,
26-Nov-2012,
23-Nov-2012,
22-Nov-2012,
21-Nov-2012,
20-Nov-2012,
19-Nov-2012,
16-Nov-2012,
15-Nov-2012,
12-Nov-2012,
09-Nov-2012,
08-Nov-2012,
07-Nov-2012,
06-Nov-2012,
05-Nov-2012,
02-Nov-2012,
01-Nov-2012,
31-Oct-2012,
30-Oct-2012,
29-Oct-2012,
25-Oct-2012,
23-Oct-2012,
22-Oct-2012,
19-Oct-2012,
18-Oct-2012,
17-Oct-2012,
16-Oct-2012,
15-Oct-2012,
12-Oct-2012,
11-Oct-2012,
10-Oct-2012,
09-Oct-2012,
08-Oct-2012,
05-Oct-2012,
04-Oct-2012,
03-Oct-2012,
01-Oct-2012,
28-Sep-2012,
27-Sep-2012,
26-Sep-2012,
25-Sep-2012,
24-Sep-2012,
21-Sep-2012,
20-Sep-2012,
18-Sep-2012,
17-Sep-2012,
14-Sep-2012,
13-Sep-2012,
12-Sep-2012,
11-Sep-2012,
10-Sep-2012,
07-Sep-2012,
06-Sep-2012,
05-Sep-2012,
04-Sep-2012,
03-Sep-2012,
31-Aug-2012,
30-Aug-2012,
29-Aug-2012,
28-Aug-2012,
27-Aug-2012,
24-Aug-2012,
23-Aug-2012,
22-Aug-2012,
21-Aug-2012,
17-Aug-2012,
16-Aug-2012,
14-Aug-2012,
13-Aug-2012,
10-Aug-2012,
09-Aug-2012,
08-Aug-2012,
07-Aug-2012,
06-Aug-2012,
03-Aug-2012,
02-Aug-2012,
01-Aug-2012,
31-Jul-2012,
30-Jul-2012,
27-Jul-2012,
26-Jul-2012,
25-Jul-2012,
24-Jul-2012,
23-Jul-2012,
20-Jul-2012,
19-Jul-2012,
18-Jul-2012,
17-Jul-2012,
16-Jul-2012,
13-Jul-2012,
12-Jul-2012,
11-Jul-2012,
10-Jul-2012,
09-Jul-2012,
06-Jul-2012,
05-Jul-2012,
04-Jul-2012,
03-Jul-2012,
02-Jul-2012,
29-Jun-2012,
28-Jun-2012,
27-Jun-2012,
26-Jun-2012,
25-Jun-2012,
22-Jun-2012,
21-Jun-2012,
20-Jun-2012,
19-Jun-2012,
18-Jun-2012,
15-Jun-2012,
14-Jun-2012,
13-Jun-2012,
12-Jun-2012,
11-Jun-2012,
08-Jun-2012,
07-Jun-2012,
06-Jun-2012,
05-Jun-2012,
04-Jun-2012,
01-Jun-2012,
31-May-2012,
30-May-2012,
29-May-2012,
28-May-2012,
25-May-2012,
24-May-2012,
23-May-2012,
22-May-2012,
21-May-2012,
18-May-2012,
17-May-2012,
16-May-2012,
15-May-2012,
14-May-2012,
11-May-2012,
10-May-2012,
09-May-2012,
08-May-2012,
07-May-2012,
04-May-2012,
03-May-2012,
02-May-2012,
30-Apr-2012,
27-Apr-2012,
26-Apr-2012,
25-Apr-2012,
24-Apr-2012,
23-Apr-2012,
20-Apr-2012,
19-Apr-2012,
18-Apr-2012,
17-Apr-2012,
16-Apr-2012,
13-Apr-2012,
12-Apr-2012,
11-Apr-2012,
10-Apr-2012,
09-Apr-2012,
04-Apr-2012,
03-Apr-2012,
02-Apr-2012,
30-Mar-2012,
29-Mar-2012,
28-Mar-2012,
27-Mar-2012,
26-Mar-2012,
22-Mar-2012,
21-Mar-2012,
20-Mar-2012,
19-Mar-2012,
16-Mar-2012,
15-Mar-2012,
14-Mar-2012,
13-Mar-2012,
12-Mar-2012,
09-Mar-2012,
07-Mar-2012,
06-Mar-2012,
05-Mar-2012,
03-Mar-2012,
02-Mar-2012,
01-Mar-2012,
29-Feb-2012,
28-Feb-2012,
27-Feb-2012,
24-Feb-2012,
23-Feb-2012,
22-Feb-2012,
21-Feb-2012,
17-Feb-2012,
16-Feb-2012,
15-Feb-2012,
14-Feb-2012,
13-Feb-2012,
10-Feb-2012,
09-Feb-2012,
08-Feb-2012,
07-Feb-2012,
06-Feb-2012,
03-Feb-2012,
02-Feb-2012,
01-Feb-2012,
31-Jan-2012,
30-Jan-2012,
27-Jan-2012,
25-Jan-2012,
24-Jan-2012,
23-Jan-2012,
20-Jan-2012,
19-Jan-2012,
18-Jan-2012,
17-Jan-2012,
16-Jan-2012,
13-Jan-2012,
12-Jan-2012,
11-Jan-2012,
10-Jan-2012,
09-Jan-2012,
06-Jan-2012,
05-Jan-2012,
04-Jan-2012,
03-Jan-2012,
02-Jan-2012,
30-Dec-2011,
29-Dec-2011,
28-Dec-2011,
27-Dec-2011,
26-Dec-2011,
23-Dec-2011,
22-Dec-2011,
21-Dec-2011,
20-Dec-2011,
19-Dec-2011,
16-Dec-2011,
15-Dec-2011,
14-Dec-2011,
13-Dec-2011,
12-Dec-2011,
09-Dec-2011,
08-Dec-2011,
07-Dec-2011,
05-Dec-2011,
02-Dec-2011,
01-Dec-2011,
30-Nov-2011,
29-Nov-2011,
28-Nov-2011,
25-Nov-2011,
24-Nov-2011,
23-Nov-2011,
22-Nov-2011,
21-Nov-2011,
18-Nov-2011,
17-Nov-2011,
16-Nov-2011,
15-Nov-2011,
14-Nov-2011,
11-Nov-2011,
09-Nov-2011,
08-Nov-2011,
04-Nov-2011,
03-Nov-2011,
02-Nov-2011,
01-Nov-2011,
31-Oct-2011,
28-Oct-2011,
25-Oct-2011,
24-Oct-2011,
21-Oct-2011,
20-Oct-2011,
19-Oct-2011,
18-Oct-2011,
17-Oct-2011,
14-Oct-2011,
13-Oct-2011,
12-Oct-2011,
11-Oct-2011,
10-Oct-2011,
07-Oct-2011,
05-Oct-2011,
04-Oct-2011,
03-Oct-2011,
30-Sep-2011,
29-Sep-2011,
28-Sep-2011,
27-Sep-2011,
26-Sep-2011,
23-Sep-2011,
22-Sep-2011,
21-Sep-2011,
20-Sep-2011,
19-Sep-2011,
16-Sep-2011,
15-Sep-2011,
14-Sep-2011,
13-Sep-2011,
12-Sep-2011,
09-Sep-2011,
08-Sep-2011,
07-Sep-2011,
06-Sep-2011,
05-Sep-2011,
02-Sep-2011,
30-Aug-2011,
29-Aug-2011,
26-Aug-2011,
25-Aug-2011,
24-Aug-2011,
23-Aug-2011,
22-Aug-2011,
18-Aug-2011,
17-Aug-2011,
16-Aug-2011,
12-Aug-2011,
11-Aug-2011,
10-Aug-2011,
09-Aug-2011,
08-Aug-2011,
05-Aug-2011,
04-Aug-2011,
03-Aug-2011,
02-Aug-2011,
01-Aug-2011,
29-Jul-2011,
28-Jul-2011,
27-Jul-2011,
26-Jul-2011,
25-Jul-2011,
22-Jul-2011,
21-Jul-2011,
20-Jul-2011,
19-Jul-2011,
18-Jul-2011,
15-Jul-2011,
14-Jul-2011,
13-Jul-2011,
12-Jul-2011,
11-Jul-2011,
08-Jul-2011,
07-Jul-2011,
06-Jul-2011,
05-Jul-2011,
04-Jul-2011,
01-Jul-2011,
30-Jun-2011,
29-Jun-2011,
28-Jun-2011,
27-Jun-2011,
24-Jun-2011,
23-Jun-2011,
22-Jun-2011,
21-Jun-2011,
20-Jun-2011,
17-Jun-2011,
16-Jun-2011,
15-Jun-2011,
14-Jun-2011,
13-Jun-2011,
10-Jun-2011,
09-Jun-2011,
08-Jun-2011,
07-Jun-2011,
06-Jun-2011,
03-Jun-2011,
02-Jun-2011,
01-Jun-2011,
31-May-2011,
30-May-2011,
27-May-2011,
26-May-2011,
25-May-2011,
24-May-2011,
23-May-2011,
20-May-2011,
19-May-2011,
18-May-2011,
16-May-2011,
13-May-2011,
12-May-2011,
11-May-2011,
10-May-2011,
09-May-2011,
06-May-2011,
05-May-2011,
04-May-2011,
03-May-2011,
02-May-2011,
29-Apr-2011,
28-Apr-2011,
27-Apr-2011,
26-Apr-2011,
25-Apr-2011,
21-Apr-2011,
20-Apr-2011,
19-Apr-2011,
18-Apr-2011,
15-Apr-2011,
13-Apr-2011,
11-Apr-2011,
08-Apr-2011,
07-Apr-2011,
06-Apr-2011,
05-Apr-2011,
31-Mar-2011,
30-Mar-2011,
29-Mar-2011,
28-Mar-2011,
25-Mar-2011,
24-Mar-2011,
23-Mar-2011,
21-Mar-2011,
18-Mar-2011,
17-Mar-2011,
16-Mar-2011,
15-Mar-2011,
14-Mar-2011,
11-Mar-2011,
10-Mar-2011,
09-Mar-2011,
08-Mar-2011,
07-Mar-2011,
04-Mar-2011,
03-Mar-2011,
01-Mar-2011,
28-Feb-2011,
24-Feb-2011,
23-Feb-2011,
22-Feb-2011,
21-Feb-2011,
18-Feb-2011,
17-Feb-2011,
15-Feb-2011,
14-Feb-2011,
11-Feb-2011,
10-Feb-2011,
09-Feb-2011,
08-Feb-2011,
07-Feb-2011,
04-Feb-2011,
03-Feb-2011,
02-Feb-2011,
01-Feb-2011,
31-Jan-2011,
28-Jan-2011,
27-Jan-2011,
25-Jan-2011,
24-Jan-2011,
21-Jan-2011,
20-Jan-2011,
19-Jan-2011,
18-Jan-2011,
17-Jan-2011,
14-Jan-2011,
13-Jan-2011,
12-Jan-2011,
11-Jan-2011,
10-Jan-2011,
07-Jan-2011,
06-Jan-2011,
05-Jan-2011,
04-Jan-2011,
03-Jan-2011,
31-Dec-2010,
30-Dec-2010,
29-Dec-2010,
28-Dec-2010,
27-Dec-2010,
24-Dec-2010,
23-Dec-2010,
22-Dec-2010,
21-Dec-2010,
20-Dec-2010,
16-Dec-2010,
15-Dec-2010,
14-Dec-2010,
13-Dec-2010,
10-Dec-2010,
09-Dec-2010,
08-Dec-2010,
07-Dec-2010,
06-Dec-2010,
03-Dec-2010,
02-Dec-2010,
01-Dec-2010,
30-Nov-2010,
26-Nov-2010,
25-Nov-2010,
24-Nov-2010,
23-Nov-2010,
22-Nov-2010,
19-Nov-2010,
18-Nov-2010,
16-Nov-2010,
15-Nov-2010,
12-Nov-2010,
11-Nov-2010,
10-Nov-2010,
09-Nov-2010,
08-Nov-2010,
04-Nov-2010,
03-Nov-2010,
02-Nov-2010,
01-Nov-2010,
29-Oct-2010,
28-Oct-2010,
27-Oct-2010,
26-Oct-2010,
25-Oct-2010,
22-Oct-2010,
21-Oct-2010,
20-Oct-2010,
19-Oct-2010,
18-Oct-2010,
15-Oct-2010,
14-Oct-2010,
13-Oct-2010,
12-Oct-2010,
11-Oct-2010,
08-Oct-2010,
07-Oct-2010,
06-Oct-2010,
05-Oct-2010,
04-Oct-2010,
01-Oct-2010,
29-Sep-2010,
28-Sep-2010,
27-Sep-2010,
24-Sep-2010,
23-Sep-2010,
22-Sep-2010,
21-Sep-2010,
20-Sep-2010,
16-Sep-2010,
15-Sep-2010,
14-Sep-2010,
13-Sep-2010,
09-Sep-2010,
08-Sep-2010,
07-Sep-2010,
06-Sep-2010,
03-Sep-2010,
02-Sep-2010,
01-Sep-2010,
31-Aug-2010,
30-Aug-2010,
27-Aug-2010,
26-Aug-2010,
25-Aug-2010,
24-Aug-2010,
23-Aug-2010,
20-Aug-2010,
18-Aug-2010,
17-Aug-2010,
16-Aug-2010,
13-Aug-2010,
12-Aug-2010,
11-Aug-2010,
10-Aug-2010,
09-Aug-2010,
06-Aug-2010,
05-Aug-2010,
04-Aug-2010,
03-Aug-2010,
02-Aug-2010,
30-Jul-2010,
29-Jul-2010,
28-Jul-2010,
27-Jul-2010,
26-Jul-2010,
23-Jul-2010,
22-Jul-2010,
21-Jul-2010,
20-Jul-2010,
19-Jul-2010,
16-Jul-2010,
15-Jul-2010,
14-Jul-2010,
13-Jul-2010,
12-Jul-2010,
09-Jul-2010,
08-Jul-2010,
07-Jul-2010,
06-Jul-2010,
05-Jul-2010,
02-Jul-2010,
30-Jun-2010,
29-Jun-2010,
28-Jun-2010,
25-Jun-2010,
24-Jun-2010,
23-Jun-2010,
22-Jun-2010,
21-Jun-2010,
18-Jun-2010,
17-Jun-2010,
16-Jun-2010,
14-Jun-2010,
11-Jun-2010,
09-Jun-2010,
08-Jun-2010,
07-Jun-2010,
04-Jun-2010,
03-Jun-2010,
02-Jun-2010,
01-Jun-2010,
31-May-2010,
28-May-2010,
26-May-2010,
25-May-2010,
24-May-2010,
21-May-2010,
20-May-2010,
19-May-2010,
18-May-2010,
17-May-2010,
14-May-2010,
13-May-2010,
12-May-2010,
11-May-2010,
10-May-2010,
07-May-2010,
06-May-2010,
05-May-2010,
04-May-2010,
03-May-2010,
30-Apr-2010,
29-Apr-2010,
28-Apr-2010,
27-Apr-2010,
26-Apr-2010,
23-Apr-2010,
22-Apr-2010,
21-Apr-2010,
20-Apr-2010,
19-Apr-2010,
16-Apr-2010,
15-Apr-2010,
13-Apr-2010,
12-Apr-2010,
09-Apr-2010,
08-Apr-2010,
07-Apr-2010,
06-Apr-2010,
05-Apr-2010,
31-Mar-2010,
30-Mar-2010,
29-Mar-2010,
26-Mar-2010,
25-Mar-2010,
23-Mar-2010,
22-Mar-2010,
20-Mar-2010,
19-Mar-2010,
18-Mar-2010,
17-Mar-2010,
15-Mar-2010,
13-Mar-2010,
12-Mar-2010,
11-Mar-2010,
10-Mar-2010,
09-Mar-2010,
08-Mar-2010,
06-Mar-2010,
05-Mar-2010,
04-Mar-2010,
03-Mar-2010,
02-Mar-2010,
26-Feb-2010,
25-Feb-2010,
24-Feb-2010,
23-Feb-2010,
22-Feb-2010,
20-Feb-2010,
19-Feb-2010,
18-Feb-2010,
17-Feb-2010,
15-Feb-2010,
13-Feb-2010,
11-Feb-2010,
10-Feb-2010,
09-Feb-2010,
08-Feb-2010,
06-Feb-2010,
05-Feb-2010,
04-Feb-2010,
03-Feb-2010,
02-Feb-2010,
01-Feb-2010,
30-Jan-2010,
29-Jan-2010,
28-Jan-2010,
27-Jan-2010,
25-Jan-2010,
23-Jan-2010,
22-Jan-2010,
21-Jan-2010,
20-Jan-2010,
19-Jan-2010,
18-Jan-2010,
16-Jan-2010,
15-Jan-2010,
14-Jan-2010,
13-Jan-2010,
12-Jan-2010,
11-Jan-2010,
09-Jan-2010,
08-Jan-2010,
07-Jan-2010,
06-Jan-2010,
05-Jan-2010,
04-Jan-2010,
02-Jan-2010,
01-Jan-2010,
31-Dec-2009,
30-Dec-2009,
29-Dec-2009,
26-Dec-2009,
24-Dec-2009,
23-Dec-2009,
22-Dec-2009,
21-Dec-2009,
19-Dec-2009,
18-Dec-2009,
17-Dec-2009,
16-Dec-2009,
15-Dec-2009,
14-Dec-2009,
12-Dec-2009,
11-Dec-2009,
10-Dec-2009,
09-Dec-2009,
08-Dec-2009,
07-Dec-2009,
04-Dec-2009,
03-Dec-2009,
02-Dec-2009,
01-Dec-2009,
