Date,SM001014,SM002014,SM003014,SM005010,SM007010,SM008010,SM010009,SM011008,SM012008,SM013008
01/15/2020,10.1209,,,,,,,,,
01/21/2020,10.1254,,,,,,,,,
08/17/2020,10.0,10.0,10.0,10.0,10.0,10.0,10.0,,,
08/18/2020,10.0,10.0,10.0,10.0,10.0,10.0,10.0,,,
08/19/2020,10.0,10.0,10.0,10.0,10.0,10.0,10.0,,,
08/20/2020,10.0,10.0,10.0,10.0,10.0,10.0,10.0,,,
08/21/2020,10.0,10.0,10.0,10.0,10.0,10.0,10.0,,,
08/22/2020,,10.0,,,,,,,,
08/23/2020,,10.0,,,,,,,,
08/24/2020,10.0,10.0,10.0,10.0,10.0,10.0,10.0,,,
08/25/2020,10.0,10.0,10.0,10.0,10.0,10.0,10.0,,,
08/26/2020,10.0,10.0,10.0,10.0,10.0,10.0,10.0,,,
08/27/2020,10.0,10.0,10.0,10.0,10.0,10.0,10.0,,,
08/28/2020,10.0,10.0,10.0,10.0,10.0,10.0,10.0,,,
08/29/2020,,10.0,,,,,,,,
08/30/2020,,10.0,,,,,,,,
08/31/2020,10.0,10.0,10.0,10.0,10.0,10.0,10.0,,,
09/01/2020,10.0,10.0,10.0,10.0,10.0,10.0,10.0,,,
09/02/2020,10.0,10.0,10.0,10.0,10.0,10.0,10.0,,,
09/03/2020,9.9994,10.0,10.0,10.0,10.0,9.9979,10.0,,,
09/04/2020,10.0003,10.0011,10.0,10.0,9.9997,9.9987,10.0,,,
09/05/2020,,10.0032,,,,,,,,
09/06/2020,,10.004,,,,,,,,
09/07/2020,10.0027,10.0049,10.0,10.0,10.002,10.0009,10.0,,,
09/08/2020,10.0092,10.0056,10.0,10.0003,10.0028,10.0017,10.0,,,
09/09/2020,10.012,10.0061,9.9996,10.0012,10.0036,10.0022,10.0,,,
09/10/2020,10.0146,10.0067,10.0002,10.0015,10.0044,10.0027,10.0,,,
09/11/2020,10.0151,10.0075,9.9996,10.0024,10.0052,10.0034,10.0,,,
09/12/2020,,10.008,,10.0024,,,,,,
09/13/2020,,10.0089,,10.0023,,,,,,
09/14/2020,10.0173,10.0098,10.0015,10.0049,10.0078,10.0054,10.0,,,
09/15/2020,10.0182,10.0108,10.0021,10.0058,10.0086,10.0062,10.0,,,
09/16/2020,10.0192,10.0117,10.0027,10.0066,10.0094,10.007,10.0,,,
09/17/2020,10.0201,10.0126,10.0034,10.0075,10.0102,10.0079,10.0,,,
09/18/2020,10.021,10.0135,10.004,10.0083,10.011,10.0087,10.0,,,
09/19/2020,,10.0143,,10.0083,,,,,,
09/20/2020,,10.0152,,10.0083,,,,,,
09/21/2020,10.0236,10.017,10.0059,10.0108,10.0136,10.0109,10.0,,,
09/22/2020,10.0243,10.0177,10.0063,10.0117,10.014,10.0116,10.0,,,
09/23/2020,10.0251,10.0185,10.0068,10.0126,10.0147,10.0119,10.0,,,
09/24/2020,10.0261,10.0194,10.0072,10.0134,10.0156,10.0127,10.0,,,
09/25/2020,10.0269,10.0204,10.0077,10.0143,10.0165,10.0134,10.0,,,
09/26/2020,,10.0213,,10.0143,,,,,,
09/27/2020,,10.0222,,10.0143,,,,,,
09/28/2020,10.0299,10.0232,10.0091,10.0169,10.019,10.0162,10.0,,,
09/29/2020,10.0308,10.0242,10.0095,10.0178,10.0198,10.0171,10.0,,,
09/30/2020,10.0319,10.0253,10.01,10.0186,10.0207,10.0182,10.0,,,
10/01/2020,10.0338,10.0272,10.0103,10.0195,10.021,10.0199,10.0,,,
10/02/2020,,10.0282,,10.0195,,,,,,
10/03/2020,,10.029,,10.0195,,,,,,
10/04/2020,,10.0299,,10.0195,,,,,,
10/05/2020,10.0374,10.0304,10.0116,10.0229,10.0238,10.0234,9.9901,,,
10/06/2020,10.0383,10.0312,10.0118,10.0238,10.0242,10.0242,9.991,,,
10/07/2020,10.0393,10.0323,10.0116,10.0246,10.0245,10.0252,9.9919,,,
10/08/2020,10.0404,10.0333,10.0125,10.0255,10.0248,10.0262,9.9928,,,
10/09/2020,10.0413,10.0342,10.0131,10.0263,10.0252,10.0271,9.9937,,,
10/10/2020,,10.0369,,10.0263,,,,,,
10/11/2020,,10.0361,,10.0263,,,,,,
10/12/2020,10.044,10.0366,10.0157,10.0289,10.0272,10.0298,9.9964,,,
10/13/2020,10.0448,10.0375,10.0166,10.0298,10.0276,10.0306,9.9973,,,
10/14/2020,10.0459,10.0385,10.0177,10.0306,10.0279,10.0317,9.9983,,,
10/15/2020,10.047,10.0396,10.0187,10.0315,10.0283,10.0327,9.999,,,
10/16/2020,10.048,10.0407,10.0197,10.0323,10.0291,10.0336,10.0001,,,
10/17/2020,,10.0417,,10.0323,,,,,,
10/18/2020,,10.0426,,10.0323,,,,,,
10/19/2020,10.0507,10.0434,10.0224,10.0349,10.0286,10.0362,10.0028,,,
10/20/2020,10.0518,10.0444,10.0233,10.0357,10.0294,10.0373,10.0038,,,
10/21/2020,10.0527,10.0452,10.0244,10.0365,10.0302,10.0382,10.0048,,,
10/22/2020,10.0537,10.0462,10.0254,10.0373,10.031,10.0392,10.0058,,,
10/23/2020,10.0545,10.0471,10.0263,10.0381,10.0317,10.0401,10.0066,,,
10/24/2020,,10.0479,,10.0381,,,,,,
10/25/2020,,10.0487,,10.0381,,,,,,
10/26/2020,10.057,10.0496,10.0286,10.0406,10.0342,10.0425,10.0091,,,
10/27/2020,10.0577,10.05,10.0294,10.0413,10.035,10.0431,10.0099,,,
10/28/2020,10.0582,10.0507,10.03,10.0421,10.0357,10.0438,10.0105,,,
10/29/2020,10.0591,10.0516,10.0309,10.0429,10.0365,10.0446,10.0114,,,
10/30/2020,,10.0524,,10.0429,,,,,,
10/31/2020,,10.0533,,10.0429,,,,,,
11/01/2020,,10.0541,,10.0429,,,,,,
11/02/2020,10.0623,10.055,10.0341,10.0462,10.0398,10.0477,10.0146,,,
11/03/2020,10.0631,10.0557,10.0348,10.047,10.0401,10.0483,10.0153,,,
11/04/2020,10.064,10.0568,10.0358,10.0478,10.0409,10.0493,10.0162,,,
11/05/2020,10.065,10.0578,10.0367,10.0486,10.0418,10.0503,10.0172,,,
11/06/2020,10.0659,10.0585,10.0376,10.0493,10.0426,10.0512,10.0181,,,
11/07/2020,,10.0595,,10.0493,,,,,,
11/08/2020,,10.0603,,10.0493,,,,,,
11/09/2020,10.0685,10.0612,10.0401,10.0517,10.045,10.0538,10.0207,,,
11/10/2020,10.0693,10.062,10.0408,10.0525,10.0458,10.0547,10.0215,,,
11/11/2020,10.07,10.0628,10.0415,10.0533,10.0465,10.0554,10.0222,,,
11/12/2020,10.071,10.0635,10.0425,10.054,10.0472,10.0564,10.0232,,,
11/13/2020,10.0723,10.0649,10.0437,10.0548,10.0479,10.0578,10.0246,,,
11/14/2020,,10.0657,,10.0548,,,,,,
11/15/2020,,10.0665,,10.0547,,,,,,
11/16/2020,,10.0673,,10.0547,,,,,,
11/17/2020,10.0755,10.0681,10.0464,10.0575,10.0507,10.0609,10.0277,,,
11/18/2020,10.0764,10.069,10.0472,10.0583,10.0515,10.0617,10.0286,,,
11/19/2020,10.0777,10.0704,10.0484,10.059,10.0521,10.0631,10.03,,,
11/20/2020,10.0789,10.0716,10.0494,10.0597,10.0528,10.0643,10.0313,,,
11/21/2020,,10.0722,,10.0596,,,,,,
11/22/2020,,10.073,,10.0596,,,,,,
11/23/2020,10.081,10.0737,10.0512,10.0619,10.0549,10.0664,10.0335,,,
11/24/2020,10.0815,10.0743,10.0517,10.0627,10.0557,10.067,10.0341,,,
11/25/2020,10.0822,10.0749,10.0522,10.0634,10.0565,10.0677,10.0347,,,
11/26/2020,10.0833,10.0759,10.053,10.0641,10.0572,10.0688,10.0358,,,
11/27/2020,10.0844,10.077,10.0538,10.0648,10.0578,10.07,10.0369,,,
11/28/2020,,10.0777,,10.0648,,,,,,
11/29/2020,,10.0785,,10.0648,,,,,,
11/30/2020,,10.0793,,10.0648,,,,,,
12/01/2020,10.0875,10.08,10.056,10.0679,10.0604,10.0728,10.0399,,,
12/02/2020,10.0876,10.0802,10.0562,10.0686,10.0611,10.0729,10.0398,,,
12/03/2020,10.0875,10.0801,10.0563,10.0693,10.0619,10.073,10.0396,,,
12/04/2020,10.0883,10.0807,10.0568,10.0701,10.0627,10.0736,10.0404,,,
12/05/2020,,10.0816,,10.0701,,,,,,
12/06/2020,,10.0825,,10.0701,,,,,,
12/07/2020,10.0909,10.0831,10.0585,10.0724,10.065,10.0761,10.0431,,,
12/08/2020,10.0919,10.084,10.059,10.0732,10.0658,10.0768,10.0441,,,
12/09/2020,10.0922,10.0845,10.0593,10.074,10.0667,10.0773,10.0958,,,
12/10/2020,10.0928,10.0851,10.0596,10.0749,10.0675,10.0779,10.1139,,,
12/11/2020,10.094,10.0862,10.0603,10.0757,10.0683,10.0789,10.1103,,,
12/12/2020,,10.087,,10.0757,,,,,,
12/13/2020,,10.0879,,10.0757,,,,,,
12/14/2020,10.0963,10.0887,10.0615,10.0782,10.0708,10.0813,10.1161,,,
12/15/2020,10.0971,10.0895,10.0619,10.079,10.0715,10.082,10.1097,,,
12/16/2020,10.0977,10.0901,10.0622,10.0798,10.0724,10.0826,10.1084,,,
12/17/2020,10.0985,10.0908,10.0625,10.0807,10.0732,10.0832,10.1162,,,
12/18/2020,10.0992,10.0915,10.0627,10.0815,10.0741,10.0841,10.1218,,,
12/19/2020,,10.0923,,10.0815,,,,,,
12/20/2020,,10.0932,,10.0815,,,,,,
12/21/2020,10.1018,10.0941,10.0635,10.0841,10.0766,10.0862,10.054,,,
12/22/2020,10.1025,10.0949,10.0637,10.085,10.0775,10.0869,10.094,,,
12/23/2020,10.1033,10.0957,10.0639,10.0858,10.0784,10.0875,10.1183,,,
12/24/2020,10.1042,10.0967,10.0634,10.0867,10.0793,10.0959,10.1399,,,
12/25/2020,,10.0976,,10.0867,,,,,,
12/26/2020,,10.0984,,10.0867,,,,,,
12/27/2020,,10.0993,,10.0867,,,,,,
12/28/2020,10.1076,10.1001,10.0669,10.0901,10.0826,10.1054,10.1683,,,
12/29/2020,10.1085,10.101,10.068,10.0909,10.0835,10.1056,10.1823,,,
12/30/2020,10.1096,10.1021,10.0689,10.0918,10.0842,10.1102,10.1953,,,
12/31/2020,10.1108,10.1033,10.0699,10.0926,10.0851,10.1158,10.1996,,,
01/01/2021,10.1119,10.1043,10.0709,10.0933,10.0853,10.1186,10.2029,,,
01/02/2021,,10.1052,,10.0933,,,,,,
01/03/2021,,10.1059,,10.0933,,,,,,
01/04/2021,10.1143,10.1067,10.0732,10.0957,10.0874,10.1383,10.225,,,
01/05/2021,10.1152,10.1077,10.0741,10.0964,10.0881,10.1405,10.2236,,,
01/06/2021,10.1159,10.1085,10.0757,10.0972,10.0889,10.131,10.2288,,,
01/07/2021,10.1164,10.1089,10.0767,10.0981,10.0897,10.1316,10.2359,,,
01/08/2021,10.1165,10.1091,10.0776,10.0989,10.0905,10.1312,10.2692,,,
01/09/2021,,10.1099,,10.0989,,,,,,
01/10/2021,,10.1107,,10.0989,,,,,,
01/11/2021,10.1189,10.1116,10.0804,10.1015,10.093,10.1271,10.2837,,,
01/12/2021,10.1182,10.1112,10.084,10.1024,10.0939,10.1213,10.2824,,,
01/13/2021,10.119,10.112,10.0849,10.1032,10.0947,10.1176,10.3011,,,
01/14/2021,10.1201,10.1133,10.0888,10.104,10.0955,10.1223,10.3035,,,
01/15/2021,10.1209,10.114,10.0896,10.1048,10.0963,10.0992,10.2817,,,
01/16/2021,,10.1145,,10.1048,,,,,,
01/17/2021,,10.1153,,10.1048,,,,,,
01/18/2021,10.123,10.1162,10.092,10.1073,10.0988,10.0959,10.2525,,,
01/19/2021,10.1237,10.1168,10.0847,10.1082,10.0996,10.1099,10.2808,,,
01/20/2021,10.1244,10.1177,10.0855,10.1091,10.1005,10.1229,10.292,,,
01/21/2021,10.1254,10.1185,10.0863,10.1099,10.1013,10.119,10.2796,,,
01/22/2021,10.1262,10.1194,10.1043,10.1107,10.1021,10.1121,10.2625,,,
01/23/2021,,10.1202,,10.1107,,,,,,
01/24/2021,,10.1211,,10.1107,,,,,,
01/25/2021,10.1289,10.122,10.0991,10.1133,10.1047,10.1179,10.2584,,,
01/26/2021,,10.1227,,10.1133,,,,,,
01/27/2021,10.1306,10.1236,10.1003,10.115,10.1064,10.1078,10.2316,,,
01/28/2021,10.1316,10.1246,10.1068,10.1159,10.1073,10.1087,10.2105,,,
01/29/2021,10.1325,10.1255,10.1091,10.1168,10.1081,10.0827,10.1887,,,
01/30/2021,,10.1265,,10.1168,,,,,,
01/31/2021,,10.1274,,10.1167,,,,,,
02/01/2021,10.1353,10.1284,10.0755,10.1193,10.1102,10.0197,10.2228,,,
02/02/2021,10.1363,10.1293,10.0451,10.1202,10.1111,9.9958,10.2488,,,
02/03/2021,10.1372,10.1303,10.0633,10.1211,10.1119,10.0366,10.286,,,
02/04/2021,10.1379,10.131,10.0878,10.1219,10.1127,10.0674,10.287,,,
02/05/2021,10.1388,10.1319,10.0795,10.1228,10.1136,10.0367,10.2596,,,
02/06/2021,,10.1329,,10.1228,,,,,,
02/07/2021,,10.1338,,10.1227,,,,,,
02/08/2021,10.1416,10.1347,10.1105,10.1253,10.1161,10.0664,10.2866,,,
02/09/2021,10.1425,10.1356,10.0708,10.1262,10.117,10.0365,10.268,,,
02/10/2021,10.1434,10.1365,10.0815,10.127,10.1178,10.0578,10.273,,,
02/11/2021,10.1444,10.1374,10.1073,10.1279,10.1187,10.0913,10.2957,,,
02/12/2021,10.1453,10.1384,10.1084,10.1287,10.1195,10.0824,10.2825,,,
02/13/2021,,10.1395,,10.1287,,,,,,
02/14/2021,,10.1404,,10.1287,,,,,,
02/15/2021,10.1481,10.1412,10.1034,10.1312,10.122,10.0728,10.2919,,,
02/16/2021,10.1491,10.1423,10.1102,10.132,10.1228,10.0738,10.3053,,,
02/17/2021,10.1502,10.1434,10.1069,10.1328,10.1236,10.0561,10.2854,,,
02/18/2021,10.1517,10.1451,10.1079,10.1333,10.1241,10.0257,10.2631,,,
02/19/2021,,10.1463,,10.1333,,,,,,
02/20/2021,,10.1472,,10.1333,,,,,,
02/21/2021,,10.148,,10.1333,,,,,,
02/22/2021,10.1552,10.1488,10.1021,10.136,10.1265,9.946,10.1671,,,
02/23/2021,10.1558,10.1495,10.0917,10.1368,10.1273,9.9572,10.1831,,,
02/24/2021,10.1567,10.1503,10.089,10.1376,10.128,9.9949,10.2201,,,
02/25/2021,10.1579,10.1516,10.0863,10.1383,10.1288,9.981,10.2388,,,
02/26/2021,10.1589,10.1526,10.0751,10.1392,10.1296,9.8881,10.1423,,,
02/27/2021,,10.1529,,10.1392,,,,,,
02/28/2021,,10.1537,,10.1391,,,,,,
03/01/2021,10.1609,10.1546,10.0882,10.1418,10.1321,9.936,10.1791,,,
03/02/2021,10.1615,10.1552,10.0949,10.1426,10.1324,9.9649,10.2038,,,
03/03/2021,10.1623,10.156,10.1089,10.1434,10.1333,9.9819,10.2445,,,
03/04/2021,10.163,10.1567,10.1033,10.1442,10.1341,9.981,10.2351,,,
03/05/2021,10.1637,10.1574,10.1032,10.1451,10.1349,9.9488,10.1872,,,
03/06/2021,,10.158,,10.145,,,,,,
03/07/2021,,10.1589,,10.145,,,,,,
03/08/2021,10.166,10.1598,10.1052,10.1477,10.1376,9.9458,10.2047,,,
03/09/2021,10.1667,10.1606,10.1142,10.1486,10.1384,9.9337,10.1999,,,
03/10/2021,10.1676,10.1614,10.1246,10.1494,10.1393,9.9364,10.2032,,,
03/11/2021,,10.1625,,10.1494,,,,,,
03/12/2021,10.1696,10.1634,10.118,10.1512,10.141,9.9061,10.199,,,
03/13/2021,,10.1642,,10.1512,,,,,,
03/14/2021,,10.1651,,10.1512,,,,,,
03/15/2021,10.1721,10.166,10.1173,10.2417,10.1437,9.9067,10.1864,,,
03/16/2021,10.1729,10.1667,10.1229,10.2554,10.1445,9.9206,10.2086,,,
03/17/2021,10.1737,10.1676,10.1196,10.2559,10.1454,9.895,10.1785,,,
03/18/2021,10.1748,10.1686,10.1123,10.2493,10.1463,9.8838,10.1674,,,
03/19/2021,10.1758,10.1695,10.1254,10.2799,10.1471,9.9557,10.213,,,
03/20/2021,,10.1706,,10.2815,,,,,,
03/21/2021,,10.1716,,10.2831,,,,,,
03/22/2021,10.179,10.1726,10.1574,10.2998,10.1498,9.9898,10.2324,,,
03/23/2021,10.1802,10.1737,10.1764,10.3309,10.1506,10.0297,10.2521,,,
03/24/2021,10.1815,10.1749,10.1883,10.2922,10.1515,10.014,10.2308,,,
03/25/2021,10.1826,10.176,10.1915,10.2683,10.1523,9.9887,10.2085,,,
03/26/2021,10.1837,10.1769,10.2109,10.2999,10.1532,10.0151,10.2345,,,
03/27/2021,,10.1781,,10.3012,,,,,,
03/28/2021,,10.179,,10.3026,,,,,,
03/29/2021,,10.1799,,10.3039,,,,,,
03/30/2021,10.1876,10.1807,10.2305,10.324,10.1477,10.0381,10.2582,,,
03/31/2021,10.1886,10.1819,10.2264,10.3193,10.1819,10.0319,10.257,,,
04/01/2021,,10.1831,,10.3209,,,,,,
04/02/2021,,10.1839,,10.3226,,,,,,
04/03/2021,,10.1848,,10.3242,,,,,,
04/04/2021,,10.1856,,10.3258,,,,,,
04/05/2021,10.1932,10.1865,10.2386,10.3528,10.2057,10.0558,10.279,,,
04/06/2021,10.1943,10.1877,10.2499,10.3563,10.2187,10.0728,10.2978,,,
04/07/2021,10.1953,10.1889,10.3216,10.3751,10.2336,10.117,10.3228,,,
04/08/2021,10.196,10.1895,10.3391,10.3947,10.2378,10.1503,10.3263,,,
04/09/2021,10.1968,10.1902,10.3425,10.3826,10.2315,10.1375,10.32,,,
04/10/2021,,10.1911,,10.3843,,,,,,
04/11/2021,,10.192,,10.386,,,,,,
04/12/2021,10.1993,10.1928,10.317,10.3364,10.2292,10.0786,10.2726,,,
04/13/2021,,10.1937,,10.3381,,,,,,
04/14/2021,,10.1946,,10.3398,,,,,,
04/15/2021,10.2019,10.1954,10.3351,10.3467,10.2048,10.0621,10.2916,,,
04/16/2021,10.2027,10.1961,10.3438,10.3483,10.2,10.0668,10.2738,,,
04/17/2021,,10.197,,10.35,,,,,,
04/18/2021,,10.1979,,10.3516,,,,,,
04/19/2021,10.2053,10.1988,10.3288,10.3106,10.2073,10.0482,10.2532,,,
04/20/2021,10.2061,10.1997,10.3293,10.3235,10.2062,10.042,10.2517,,,
04/21/2021,,10.2006,,10.3252,,,,,,
04/22/2021,10.208,10.2015,10.3445,10.3456,10.217,10.0733,10.2735,,,
04/23/2021,10.209,10.2026,10.3587,10.3283,10.2243,10.0774,10.27,,,
04/24/2021,,10.2035,,10.33,,,,,,
04/25/2021,,10.2044,,10.3316,,,,,,
04/26/2021,10.2116,10.2053,10.3694,10.3788,10.2441,10.1073,10.3129,,,
04/27/2021,10.2127,10.2063,10.3771,10.3974,10.2534,10.1275,10.3307,,,
04/28/2021,10.2134,10.2071,10.3797,10.4152,10.2744,10.138,10.3414,,,
04/29/2021,10.2142,10.208,10.3832,10.4202,10.2819,10.1454,10.3446,,,
04/30/2021,10.2151,10.2088,10.3744,10.4137,10.2637,10.1294,10.337,,,
05/01/2021,,10.2095,,10.4154,,,,,,
05/02/2021,,10.2104,,10.4171,,,,,,
05/03/2021,10.2175,10.2113,10.3843,10.4249,10.2678,10.138,10.3495,,,
05/04/2021,10.2184,10.2121,10.3788,10.4123,10.2496,10.1277,10.3334,,,
05/05/2021,10.2192,10.2129,10.3857,10.4356,10.2777,10.1477,10.3534,,,
05/06/2021,10.2199,10.2136,10.3976,10.4644,10.2999,10.1752,10.377,,,
05/07/2021,10.2206,10.2143,10.3997,10.4719,10.3088,10.1771,10.3836,,,
05/08/2021,,10.2152,,10.4735,,,,,,
05/09/2021,,10.216,,10.4752,,,,,,
05/10/2021,10.2232,10.2169,10.4086,10.4817,10.324,10.189,10.4003,,,
05/11/2021,10.2238,10.2177,10.4089,10.4799,10.3168,10.1824,10.404,,,
05/12/2021,10.2248,10.2186,10.4019,10.4606,10.3046,10.1761,10.3924,,,
05/13/2021,,10.2195,,10.4622,,,,,,
05/14/2021,10.2265,10.2204,10.4056,10.4524,10.2992,10.1771,10.3822,,,
05/15/2021,,10.2213,,10.454,,,,,,
05/16/2021,,10.2222,,10.4556,,,,,,
05/17/2021,10.2292,10.2231,10.4128,10.4832,10.325,10.1992,10.409,,,
05/18/2021,10.23,10.224,10.421,10.4952,10.3448,10.2136,10.4289,,,
05/19/2021,10.231,10.2249,10.4176,10.496,10.3421,10.2089,10.4279,,,
05/20/2021,10.2318,10.2257,10.4208,10.4894,10.3337,10.2092,10.4258,,,
05/21/2021,10.2327,10.2266,10.4303,10.5222,10.366,10.2361,10.4472,,,
05/22/2021,,10.2275,,10.5238,,,,,,
05/23/2021,,10.2284,,10.5254,,,,,,
05/24/2021,10.2354,10.2293,10.4287,10.5249,10.3744,10.2385,10.4572,,,
05/25/2021,10.2362,10.2302,10.4339,10.5488,10.386,10.2412,10.469,,,
05/26/2021,,10.231,,10.5505,,,,,,
05/27/2021,10.238,10.2319,10.4378,10.5584,10.3903,10.2478,10.4743,,,
05/28/2021,10.239,10.233,10.4384,10.5691,10.3971,10.245,10.4859,,,
05/29/2021,,10.2339,,10.5707,,,,,,
05/30/2021,,10.2348,,10.5707,,,,,,
05/31/2021,10.2418,10.2357,10.4358,10.5744,10.399,10.2412,10.4907,,,
06/01/2021,10.2427,10.2367,10.4335,10.5734,10.3958,10.2353,10.4876,,,
06/02/2021,10.2435,10.2375,10.4408,10.5828,10.4039,10.2403,10.4978,,,
06/03/2021,10.2444,10.2384,10.4471,10.604,10.4181,10.2543,10.5141,,,
06/04/2021,10.2454,10.2394,10.4421,10.5866,10.4156,10.2438,10.5044,,,
06/05/2021,,10.2404,,10.5882,,,,,,
06/06/2021,,10.2413,,10.5898,,,,,,
06/07/2021,10.2481,10.2422,10.4494,10.6081,10.4373,10.2665,10.532,,,
06/08/2021,10.2489,10.243,10.4542,10.6241,10.4549,10.2851,10.5473,,,
06/09/2021,10.2499,10.244,10.4606,10.6127,10.4462,10.2747,10.5418,,,
06/10/2021,10.2509,10.245,10.4721,10.6444,10.4673,10.3,10.5593,,,
06/11/2021,10.2518,10.2459,10.4823,10.6545,10.4846,10.3098,10.567,,,
06/12/2021,,10.2468,,10.656,,,,,,
06/13/2021,,10.2477,,10.6575,,,,,,
06/14/2021,10.2544,10.2486,10.4878,10.6611,10.4867,10.3082,10.576,,,
06/15/2021,10.2553,10.2495,10.4722,10.6516,10.4649,10.2942,10.5666,,,
06/16/2021,10.2561,10.2504,10.4617,10.6179,10.4406,10.2778,10.54,,,
06/17/2021,10.2566,10.2508,10.459,10.615,10.4276,10.2694,10.5278,,,
06/18/2021,10.2573,10.2513,10.4639,10.6157,10.4326,10.2692,10.5274,,,
06/19/2021,,10.2524,,10.6174,,,,,,
06/20/2021,,10.2533,,10.6191,,,,,,
06/21/2021,10.2602,10.2543,10.4732,10.6085,10.432,10.2797,10.5224,,,
06/22/2021,10.2614,10.2556,10.4778,10.6036,10.4289,10.2814,10.521,,,
06/23/2021,10.2625,10.2568,10.4726,10.5945,10.4221,10.2723,10.5145,,,
06/24/2021,10.2634,10.2576,10.4836,10.6076,10.4268,10.2815,10.5164,,,
06/25/2021,10.2645,10.2588,10.4847,10.6084,10.4197,10.278,10.514,,,
06/26/2021,,10.2598,,10.6101,,,,,,
06/27/2021,,10.2607,,10.6117,,,,,,
06/28/2021,10.2673,10.2616,10.4699,10.6067,10.4037,10.2482,10.5104,,,
06/29/2021,10.2682,10.2626,10.4619,10.616,10.4145,10.2418,10.5245,,,
06/30/2021,10.2693,10.2638,10.4598,10.6121,10.4117,10.2546,10.5222,,,
07/01/2021,10.2702,10.2647,10.4667,10.6169,10.4143,10.252,10.529,,,
07/02/2021,10.2715,10.266,10.4596,10.6158,10.4072,10.2478,10.5269,,,
07/03/2021,,10.2666,,10.6175,,,,,,
07/04/2021,,10.2675,,10.6191,,,,,,
07/05/2021,10.2739,10.2684,10.4679,10.6332,10.4231,10.2677,10.5406,,,
07/06/2021,10.2748,10.2692,10.4365,10.6055,10.3802,10.2212,10.5061,,,
07/07/2021,10.2754,10.2699,10.4442,10.6274,10.402,10.2397,10.5292,,,
07/08/2021,10.2765,10.271,10.4541,10.6371,10.4239,10.2551,10.5419,,,
07/09/2021,10.2774,10.272,10.4511,10.6292,10.4135,10.249,10.5298,,,
07/10/2021,,10.2728,,10.6309,,,,,,
07/11/2021,,10.2738,,10.6325,,,,,,
07/12/2021,10.2804,10.2747,10.4434,10.6307,10.4045,10.2456,10.5269,,,
07/13/2021,10.2814,10.2758,10.446,10.652,10.4253,10.259,10.5535,,,
07/14/2021,10.2824,10.2768,10.4482,10.6612,10.4309,10.2616,10.5638,,,
07/15/2021,10.2836,10.278,10.4606,10.6756,10.4395,10.2708,10.5781,,,
07/16/2021,10.2845,10.2788,10.4543,10.6842,10.437,10.2663,10.5871,,,
07/17/2021,,10.2797,,10.6858,,,,,,
07/18/2021,,10.2806,,10.6873,,,,,,
07/19/2021,10.2872,10.2815,10.4523,10.6812,10.4371,10.2601,10.5888,,,
07/20/2021,10.2882,10.2825,10.451,10.6814,10.4392,10.2651,10.5794,,,
07/21/2021,,10.2834,,10.6829,,,,,,
07/22/2021,10.2901,10.2844,10.4582,10.7009,10.4507,10.2763,10.5923,,,
07/23/2021,10.2911,10.2855,10.464,10.7082,10.4499,10.2829,10.5959,,,
07/24/2021,,10.2866,,10.7097,,,,,,
07/25/2021,,10.2875,,10.7113,,,,,,
07/26/2021,10.2941,10.2885,10.46,10.71,10.4532,10.2809,10.5987,,,
07/27/2021,10.2951,10.2894,10.4538,10.7007,10.4396,10.2781,10.5819,,,
07/28/2021,10.296,10.2904,10.45,10.7,10.4294,10.2732,10.5764,,,
07/29/2021,10.2969,10.2913,10.4517,10.7106,10.4287,10.276,10.5751,,,
07/30/2021,10.2978,10.2922,10.4494,10.7011,10.4326,10.2664,10.5846,,,
07/31/2021,,10.2932,,10.7027,,,,,,
08/01/2021,,10.2941,,10.7042,,,,,,
08/02/2021,10.3006,10.295,10.4687,10.7276,10.4603,10.2971,10.607,,,
08/03/2021,10.3034,10.2959,10.4803,10.7591,10.481,10.3279,10.6353,,,
08/04/2021,10.3094,10.2968,10.4918,10.7667,10.4931,10.3422,10.6442,,,
08/05/2021,10.313,10.2976,10.4963,10.7808,10.5008,10.3447,10.6538,,,
08/06/2021,10.2915,10.2985,10.4764,10.7684,10.4682,10.308,10.6364,,,
08/07/2021,,10.2994,,10.7699,,,,,,
08/08/2021,,10.3004,,10.7715,,,,,,
08/09/2021,10.2923,10.3013,10.4797,10.7858,10.4818,10.3187,10.648,,,
08/10/2021,10.2938,10.3024,10.4807,10.7777,10.4752,10.3163,10.648,,,
08/11/2021,10.2954,10.3035,10.4787,10.7839,10.477,10.3143,10.6564,,,
08/12/2021,10.3004,10.3045,10.4899,10.8017,10.491,10.3331,10.6789,,,
08/13/2021,10.3021,10.3058,10.5016,10.8195,10.5131,10.3566,10.7011,,,
08/17/2021,10.3115,10.3096,10.5163,10.8448,10.5349,10.3799,10.7264,,,
08/18/2021,10.3167,10.3107,10.5154,10.8575,10.5463,10.38,10.7431,,,
08/20/2021,10.3339,10.3127,10.5113,10.8444,10.5368,10.3709,10.7197,,,
08/23/2021,10.3274,10.3154,10.5216,10.8407,10.55,10.3871,10.7261,,,
08/24/2021,10.336,10.3164,10.5256,10.8697,10.5635,10.4052,10.7448,,,
08/25/2021,10.3481,10.3172,10.5342,10.8754,10.5695,10.406,10.7457,,,
08/26/2021,10.3496,10.3182,10.5339,10.8776,10.5701,10.4121,10.7431,,,
08/27/2021,10.3616,10.3192,10.5453,10.8926,10.5836,10.4342,10.7668,,,
08/30/2021,10.3613,10.3219,10.5667,10.9413,10.6273,10.4805,10.8109,,,
08/31/2021,10.3699,10.3228,10.5864,10.961,10.6504,10.51,10.8284,,,
09/01/2021,10.382,10.3238,10.6,10.9734,10.6599,10.5208,10.8359,,,
09/02/2021,10.3834,10.3247,10.6318,11.002,10.6873,10.5599,10.8668,,,
09/03/2021,10.3918,10.3256,10.6568,11.0211,10.7113,10.5928,10.8841,,,
09/06/2021,10.403,10.3282,10.6774,11.0307,10.7247,10.6131,10.8937,,,
09/07/2021,10.4115,10.329,10.6724,11.0172,10.7078,10.5984,10.8794,,,
09/08/2021,10.4199,10.3299,10.6744,11.0185,10.7073,10.5942,10.8806,,,
09/09/2021,10.4283,10.3307,10.69,11.024,10.7161,10.6047,10.886,,,
09/13/2021,10.4196,10.3342,10.6902,11.022,10.7132,10.6035,10.8811,,,
09/14/2021,10.4248,10.3351,10.6975,11.0278,10.7194,10.6104,10.8896,,,
09/15/2021,10.4297,10.3359,10.7246,11.0513,10.7546,10.6573,10.9218,,,
09/16/2021,10.4291,10.3368,10.7371,11.0666,10.7685,10.6733,10.9344,,,
09/17/2021,10.4416,10.3376,10.7352,11.0655,10.7667,10.6721,10.9283,,,
09/20/2021,10.4478,10.3403,10.7412,11.0585,10.7705,10.6648,10.9216,,,
09/21/2021,10.461,10.3411,10.7571,11.0769,10.7896,10.6842,10.9408,,,
09/22/2021,10.4668,10.3419,10.7582,11.0818,10.7929,10.6882,10.9474,,,
09/23/2021,10.4483,10.3427,10.7703,11.1174,10.8145,10.7175,10.9829,,,
09/24/2021,10.457,10.3436,10.7547,11.0987,10.79,10.7028,10.9628,,,
09/27/2021,10.4511,10.3462,10.741,11.1007,10.7834,10.6853,10.9624,,,
09/28/2021,10.4413,10.3469,10.7307,11.0832,10.7761,10.6677,10.9582,,,
09/29/2021,10.4496,10.3474,10.7366,11.0921,10.7838,10.6695,10.9621,,,
09/30/2021,10.4482,10.3479,10.7324,11.0813,10.7726,10.6557,10.9481,,,
10/01/2021,10.4402,10.349,10.7216,11.0614,10.7532,10.6368,10.9287,,,
10/04/2021,10.4507,10.3522,10.7377,11.0932,10.771,10.6648,10.9538,,,
10/05/2021,10.4406,10.3532,10.7453,11.1042,10.7736,10.6587,10.9607,,,
10/06/2021,10.4527,10.3541,10.7262,11.0783,10.7532,10.6369,10.9258,,,
10/07/2021,10.4299,10.355,10.7373,11.0981,10.7723,10.6612,10.9563,,,
10/08/2021,10.4442,10.3561,10.7246,11.1072,10.7594,10.6512,10.9574,,,
10/11/2021,10.4374,10.3593,10.7201,11.1133,10.7581,10.6479,10.9752,,,
10/12/2021,10.4303,10.3606,10.7201,11.1205,10.7669,10.6514,10.98,,,
10/13/2021,10.4494,10.3616,10.7527,11.1349,10.8,10.6798,11.0185,,,
10/14/2021,10.4499,10.3626,10.7534,11.1506,10.8136,10.6975,11.0412,,,
10/18/2021,10.4487,10.3661,10.7692,11.1381,10.8043,10.6968,11.0362,,,
10/20/2021,10.4541,10.3672,10.7459,11.1199,10.7899,10.6772,11.0275,,,
10/21/2021,10.4474,10.3679,10.7471,11.121,10.7991,10.6812,11.0247,,,
10/22/2021,10.4385,10.3687,10.7346,11.108,10.7859,10.6624,11.0125,,,
10/25/2021,10.4422,10.3715,10.7388,11.1163,10.7889,10.6704,11.0207,,,
10/26/2021,10.4634,10.3715,10.7626,11.1304,10.8087,10.694,11.0373,,,
10/27/2021,10.4609,10.3722,10.7652,11.1337,10.8119,10.7025,11.0423,,,
10/28/2021,10.4464,10.3729,10.7425,11.0959,10.7738,10.6719,10.9947,,,
10/29/2021,10.4432,10.3738,10.7157,11.0775,10.7438,10.631,10.9711,,,
11/01/2021,10.4402,10.3766,10.745,11.1072,10.7729,10.6704,11.0009,,,
11/02/2021,10.4338,10.3775,10.7478,11.1094,10.7789,10.6711,11.009,,,
11/03/2021,10.4378,10.3785,10.7492,11.1186,10.7828,10.6688,10.9994,,,
11/08/2021,10.462,10.3841,10.7946,11.1546,10.8381,10.7307,11.066,,,
11/09/2021,10.4722,10.3857,10.8174,11.1632,10.8506,10.7478,11.0803,,,
11/10/2021,10.4752,10.3869,10.8094,11.1556,10.8402,10.7415,11.073,,,
11/11/2021,10.4651,10.3879,10.7892,11.1299,10.8132,10.7129,11.0463,,,
11/12/2021,10.4796,10.389,10.808,11.151,10.8566,10.7496,11.0718,,,
11/15/2021,10.4916,10.392,10.8186,11.1605,10.8671,10.7701,11.0919,,,
11/16/2021,10.4794,10.393,10.8075,11.1507,10.8571,10.7451,11.0758,,,
11/17/2021,10.4868,10.3939,10.8031,11.1463,10.8541,10.7256,11.0706,,,
11/18/2021,10.4868,10.395,10.7924,11.1408,10.8488,10.718,11.0612,,,
11/22/2021,10.4872,10.3989,10.7867,11.1025,10.8153,10.6793,11.0177,,,
11/23/2021,10.4814,10.3996,10.7983,11.1132,10.8234,10.6962,11.0302,,,
11/24/2021,10.4813,10.4006,10.7968,11.1019,10.8164,10.6832,11.0196,,,
11/25/2021,10.4969,10.4019,10.8023,11.1246,10.8415,10.6885,11.0393,,,
11/29/2021,10.4826,10.4058,10.7777,11.0923,10.8129,10.6493,10.9988,,,
11/30/2021,10.4877,10.4068,10.778,11.0877,10.8102,10.6469,11.0013,,,
12/01/2021,10.5004,10.4078,10.7919,11.098,10.8276,10.6687,11.0081,,,
12/02/2021,10.5094,10.4087,10.806,11.1187,10.8499,10.6938,11.0363,,,
12/03/2021,10.4992,10.4097,10.7953,11.0979,10.8238,10.6653,11.013,,,
12/06/2021,10.4949,10.4126,10.7792,11.0728,10.7988,10.6307,10.9834,,,
12/07/2021,10.5043,10.4135,10.7928,11.0933,10.8256,10.6571,11.0056,,,
12/08/2021,10.5277,10.4144,10.8212,11.1426,10.8759,10.7122,11.0586,,,
12/09/2021,10.5346,10.4155,10.8225,11.1561,10.8903,10.7203,11.0685,,,
12/10/2021,10.5315,10.4164,10.8224,11.1708,10.8883,10.714,11.0677,,,
12/13/2021,10.5321,10.4192,10.8186,11.1658,10.8755,10.7016,11.0596,,,
12/14/2021,10.5324,10.4202,10.8206,11.1675,10.8771,10.7041,11.0546,,,
12/15/2021,10.5363,10.4209,10.8177,11.1574,10.8619,10.6962,11.0459,,,
12/16/2021,10.5294,10.4219,10.8126,11.1601,10.8542,10.6909,11.0451,,,
12/17/2021,10.5221,10.4226,10.7879,11.1233,10.8168,10.6478,11.0059,,,
12/20/2021,10.5052,10.4258,10.7477,11.0671,10.7615,10.5804,10.9528,,,
12/21/2021,10.4857,10.4268,10.7473,11.0677,10.7689,10.5853,10.9566,,,
12/22/2021,10.4876,10.4274,10.7582,11.091,10.7892,10.6052,10.9814,,,
12/23/2021,10.4935,10.4284,10.7623,11.1029,10.8084,10.6241,11.0011,,,
12/27/2021,10.495,10.4329,10.7668,11.0957,10.7938,10.6204,11.0005,,,
12/28/2021,10.4836,10.4341,10.7623,11.1022,10.8034,10.6216,11.0164,,,
12/29/2021,10.4822,10.4353,10.769,11.1096,10.8017,10.6322,11.0391,,,
12/30/2021,10.4817,10.4366,10.7639,11.1033,10.7932,10.6249,11.0348,,,
12/31/2021,10.4983,10.4376,10.7778,11.1229,10.8249,10.6562,11.0534,,,
01/03/2022,10.5056,10.4408,10.7919,11.1372,10.8625,10.6877,11.0841,,,
01/04/2022,10.4853,10.4422,10.7812,11.1305,10.8625,10.6703,11.091,,,
01/05/2022,10.4991,10.4434,10.7906,11.1416,10.8786,10.6891,11.0986,,,
01/06/2022,10.4818,10.4448,10.781,11.1222,10.8507,10.6611,11.0718,,,
01/07/2022,10.4749,10.4457,10.7841,11.1355,10.8484,10.6755,11.0792,,,
01/10/2022,10.4558,10.4485,10.7781,11.1303,10.8574,10.6703,11.0915,,,
01/11/2022,10.4645,10.4495,10.7814,11.1394,10.8673,10.6801,11.1054,,,
01/12/2022,10.4631,10.4504,10.7934,11.1538,10.8769,10.6932,11.1198,,,
01/13/2022,10.4729,10.4516,10.8071,11.1766,10.8982,10.7039,11.1304,,,
01/14/2022,10.4782,10.4526,10.8045,11.1773,10.9012,10.7048,11.1311,,,
01/17/2022,10.4536,10.4555,10.7941,11.1606,10.8902,10.687,11.1292,,,
01/18/2022,10.4428,10.4564,10.7864,11.1414,10.862,10.6553,11.1097,,,
01/19/2022,10.4519,10.4571,10.7831,11.1325,10.8519,10.6271,11.0938,,,
01/20/2022,10.4516,10.4571,10.7791,11.1224,10.843,10.6154,11.0768,,,
01/21/2022,10.4506,10.4579,10.764,11.1044,10.8202,10.5923,11.0603,,,
01/24/2022,10.4371,10.461,10.7394,11.0574,10.7629,10.5276,11.0131,,,
01/25/2022,10.4415,10.462,10.7554,11.0753,10.7784,10.5459,11.0351,,,
01/27/2022,10.4131,10.4639,10.7215,11.0234,10.7265,10.4988,11.0033,,,
01/28/2022,10.4232,10.4645,10.7286,11.0294,10.7304,10.4999,11.0054,,,
01/31/2022,10.4597,10.4679,10.7811,11.0873,10.7918,10.5648,11.0506,,,
02/01/2022,10.3966,10.469,10.7645,11.0312,10.7595,10.5281,11.0462,,,
02/02/2022,10.3722,10.47,10.7737,11.0208,10.7569,10.5338,11.0542,,,
02/03/2022,10.3658,10.4706,10.7568,10.9993,10.731,10.5071,11.0309,,,
02/04/2022,10.3706,10.4717,10.7785,10.9989,10.7257,10.5111,11.0248,,,
02/08/2022,10.4,10.4757,10.7761,11.0224,10.7382,10.5437,11.0125,,,
02/09/2022,10.4158,10.4783,10.8056,11.057,10.7719,10.5769,11.0406,,,
02/10/2022,10.451,10.4854,10.8775,11.1197,10.8306,10.6233,11.076,,,
02/11/2022,10.4728,10.4687,10.8635,11.1098,10.8276,10.6096,11.0537,,,
02/14/2022,10.4754,10.4317,10.8262,11.0915,10.7891,10.5704,11.0143,,,
02/15/2022,10.4903,10.4811,10.8775,11.1246,10.8389,10.63,11.0642,,,
02/16/2022,10.486,10.4751,10.8793,11.1123,10.8312,10.6248,11.075,,,
02/17/2022,10.4881,10.4687,10.887,11.1181,10.8336,10.6316,11.0703,,,
02/18/2022,10.4972,10.4649,10.8866,11.1203,10.8364,10.6404,11.0662,,,
02/21/2022,10.4931,10.464,10.8715,11.1103,10.8206,10.6312,11.0598,,,
02/22/2022,10.4751,10.4519,10.8455,11.0899,10.7943,10.6031,11.0398,,,
02/23/2022,10.4769,10.45,10.8543,11.092,10.7969,10.606,11.0403,,,
02/24/2022,10.4588,10.38,10.7569,11.0217,10.6974,10.5048,10.9498,,,
02/25/2022,10.4786,10.4183,10.8137,11.0683,10.7594,10.5695,10.9907,,,
02/28/2022,10.4803,10.4364,10.8319,11.0786,10.7817,10.5798,11.0065,,,
03/02/2022,10.4552,10.4184,10.812,11.0353,10.7482,10.5372,10.9701,,,
03/03/2022,10.4451,10.4063,10.7842,11.005,10.7266,10.5042,10.9482,,,
03/04/2022,10.4357,10.3844,10.7557,10.9737,10.6935,10.475,10.9267,,,
03/07/2022,10.4211,10.3426,10.6988,10.8976,10.6226,10.4008,10.8659,,,
03/08/2022,10.4219,10.3642,10.7171,10.9135,10.6355,10.4175,10.8825,,,
03/09/2022,10.4318,10.3983,10.7483,10.9554,10.6819,10.4574,10.9422,,,
03/10/2022,10.45,10.4263,10.7925,11.0087,10.7342,10.5111,10.9827,,,
03/11/2022,10.4343,10.4314,10.7897,11.001,10.7235,10.5014,10.9823,,,
03/14/2022,10.4466,10.4588,10.8159,11.0291,10.7524,10.5311,11.0088,,,
03/15/2022,10.4502,10.4502,10.8132,11.0423,10.7379,10.5188,11.0028,,,
03/16/2022,10.4712,10.482,10.8542,11.0857,10.7887,10.5614,11.0339,,,
03/17/2022,10.4824,10.5076,10.886,11.1246,10.8317,10.6024,11.0659,,,
03/21/2022,10.4783,10.4927,10.8669,11.1101,10.8132,10.5817,11.0522,,,
03/22/2022,10.4774,10.507,10.875,11.1099,10.8292,10.5876,11.0603,,,
03/23/2022,10.4736,10.4996,10.8916,11.115,10.8331,10.5804,11.0589,,,
03/24/2022,10.4759,10.4985,10.8961,11.1097,10.8311,10.5876,11.055,,,
03/25/2022,10.4822,10.4894,10.9014,11.1176,10.8286,10.5906,11.0562,,,
03/28/2022,10.4897,10.5024,10.9088,11.115,10.8357,10.5937,11.0598,,,
03/29/2022,10.4789,10.5145,10.9209,11.1259,10.8488,10.6101,11.0756,,,
03/30/2022,10.5082,10.5338,10.9457,11.1641,10.88,10.6459,11.1032,,,
03/31/2022,10.5054,10.5347,10.9396,11.1513,10.8721,10.6427,11.0995,,,
04/04/2022,10.5356,10.5846,10.977,11.1784,10.9099,10.6791,11.1443,,,
04/05/2022,10.5344,10.5812,10.984,11.1812,10.9104,10.6755,11.1382,,,
04/06/2022,10.5304,10.5703,10.9906,11.1632,10.8939,10.6674,11.1228,,,
04/07/2022,10.5181,10.5605,10.9836,11.1633,10.8792,10.6592,11.1154,,,
04/08/2022,10.4746,10.5714,10.9704,11.0993,10.8322,10.6295,11.0885,,,
04/11/2022,10.4495,10.5626,10.963,11.0615,10.7954,10.6031,11.0732,,,
04/12/2022,10.4369,10.5537,10.9423,11.0302,10.7673,10.5815,11.0556,,,
04/13/2022,10.42,10.5534,10.9333,11.0078,10.7433,10.5592,11.0397,,,
04/18/2022,10.4197,10.5372,10.9295,11.0121,10.7325,10.5489,11.0264,,,
04/19/2022,10.4192,10.5237,10.9152,11.0123,10.7223,10.5347,11.0129,,,
04/20/2022,10.4373,10.5349,10.9382,11.0483,10.7472,10.5691,11.0334,,,
04/21/2022,10.4477,10.5567,10.9536,11.0526,10.7666,10.5869,11.0513,,,
04/22/2022,10.4224,10.5417,10.9331,11.0201,10.7297,10.5582,11.0305,,,
04/25/2022,10.4422,10.5256,10.9277,11.0399,10.7364,10.5661,11.0272,,,
04/26/2022,10.4596,10.5478,10.9471,11.064,10.7665,10.5841,11.0481,,,
04/27/2022,10.4514,10.5287,10.9322,11.039,10.7419,10.5625,11.033,,,
04/28/2022,10.4538,10.549,10.9419,11.0286,10.753,10.5747,11.0436,,,
04/29/2022,10.4455,10.5213,10.9274,11.0193,10.7347,10.561,11.0327,,,
05/02/2022,10.4453,10.5178,10.9292,11.0231,10.7365,10.5563,11.0298,,,
05/04/2022,10.2979,10.4728,10.8504,10.8603,10.5708,10.4381,10.9538,,,
05/05/2022,10.2892,10.4675,10.8428,10.8614,10.5516,10.4237,10.9487,,,
05/06/2022,10.2616,10.4314,10.8103,10.8165,10.5014,10.3722,10.9146,,,
05/09/2022,10.2502,10.4229,10.7943,10.7982,10.4807,10.3597,10.9076,,,
05/10/2022,10.284,10.4181,10.8064,10.8484,10.5153,10.3886,10.9422,,,
05/11/2022,10.2989,10.4107,10.8144,10.8659,10.5344,10.3989,10.9489,,,
05/12/2022,10.2812,10.3762,10.7988,10.8645,10.4967,10.3797,10.9325,,,
05/13/2022,10.2592,10.3691,10.7819,10.8312,10.4683,10.366,10.9151,,,
05/17/2022,10.2969,10.4219,10.8225,10.8678,10.5351,10.4115,10.9562,,,
05/18/2022,10.2983,10.4254,10.8226,10.8743,10.5319,10.4147,10.9627,,,
05/19/2022,10.2739,10.3818,10.7931,10.8441,10.4818,10.3723,10.9301,,,
05/20/2022,10.3029,10.4299,10.8235,10.8709,10.5281,10.4106,10.9615,,,
05/23/2022,10.3056,10.43,10.8057,10.864,10.5196,10.4026,11.005,,,
05/24/2022,10.2985,10.4175,10.8001,10.8662,10.5163,10.4009,11.0266,,,
05/25/2022,10.2987,10.4086,10.7986,10.8755,10.5105,10.4012,11.0224,,,
05/26/2022,10.3169,10.4272,10.8122,10.9031,10.5387,10.4243,11.0396,,,
05/27/2022,10.3212,10.4453,10.8177,10.8978,10.5437,10.4267,11.0374,,,
05/30/2022,10.3372,10.4812,10.8358,10.9159,10.5775,10.4506,11.0657,,,
05/31/2022,10.3127,10.4735,10.8283,10.9031,10.5622,10.4362,11.0576,,,
06/01/2022,10.3089,10.4633,10.8265,10.8952,10.5534,10.4324,11.0517,,,
06/02/2022,10.3121,10.4775,10.8298,10.9014,10.5584,10.4405,11.0525,,,
06/03/2022,10.3053,10.468,10.8193,10.8858,10.5427,10.4245,11.0368,,,
06/06/2022,10.2922,10.4671,10.8163,10.8625,10.528,10.4098,11.0148,,,
06/07/2022,10.2646,10.4485,10.8042,10.8399,10.4988,10.3897,10.9901,,,
06/08/2022,10.274,10.4416,10.8084,10.8597,10.5169,10.3963,11.0108,,,
06/09/2022,10.282,10.4553,10.8183,10.8643,10.527,10.4098,11.0188,,,
06/10/2022,10.2593,10.4337,10.8003,10.8398,10.4929,10.3784,11.001,,,
06/13/2022,10.208,10.3977,10.767,10.7679,10.4082,10.3237,10.9359,,,
06/14/2022,10.2108,10.3984,10.7639,10.7724,10.4138,10.3233,10.9453,,,
06/15/2022,10.2154,10.3987,10.7679,10.7721,10.4126,10.3219,10.9401,,,
06/16/2022,10.1899,10.3677,10.7403,10.7395,10.3702,10.2923,10.9077,,,
06/17/2022,10.1875,10.3565,10.7373,10.7536,10.3718,10.2907,10.9117,,,
06/20/2022,10.2281,10.3671,10.7522,10.8076,10.4148,10.3295,10.9523,,,
06/23/2022,10.2598,10.3957,10.7985,10.8526,10.4576,10.3687,10.9955,,,
06/24/2022,10.2687,10.4112,10.8302,10.8651,10.4751,10.3871,11.0065,,,
06/27/2022,10.2916,10.4314,10.849,10.8949,10.5049,10.4085,11.0276,,,
06/28/2022,10.2794,10.4332,10.8484,10.8821,10.4934,10.4042,11.0139,,,
06/29/2022,10.2756,10.4269,10.8401,10.8779,10.4896,10.3974,11.0152,,,
06/30/2022,10.277,10.4287,10.8421,10.8875,10.4977,10.406,11.0253,,,
07/01/2022,10.2929,10.4346,10.8548,10.8977,10.5104,10.4135,11.0405,,,
07/04/2022,10.3125,10.4518,10.8751,10.9338,10.5412,10.4381,11.0726,,,
07/05/2022,10.3137,10.4486,10.8918,10.9209,10.5387,10.438,11.0693,,,
07/06/2022,10.354,10.4712,10.9238,10.9865,10.5998,10.4886,11.1164,,,
07/07/2022,10.371,10.4859,10.932,10.9835,10.6122,10.5009,11.1158,,,
07/08/2022,10.3674,10.499,10.9325,10.9796,10.6087,10.4938,11.1193,,,
07/11/2022,10.3655,10.4995,10.9302,10.9669,10.6002,10.4788,11.1117,,,
07/12/2022,10.352,10.4865,10.921,10.9616,10.5844,10.4663,11.1042,,,
07/13/2022,10.3556,10.481,10.9251,10.982,10.5955,10.4699,11.117,,,
07/14/2022,10.3553,10.4795,10.9162,10.9656,10.5856,10.4619,11.1118,,,
07/15/2022,10.3582,10.489,10.9222,10.9588,10.5897,10.4661,11.1089,,,
07/18/2022,10.3873,10.5192,10.9506,10.9972,10.6328,10.5023,11.1341,,,
07/19/2022,10.3784,10.529,10.9666,11.0069,10.636,10.5056,11.1441,,,
07/20/2022,10.3955,10.5469,10.9766,11.0246,10.6673,10.5247,11.158,,,
07/21/2022,10.4132,10.5644,10.9928,11.0432,10.686,10.5387,11.1735,,,
07/22/2022,10.4304,10.5792,11.0063,11.0683,10.7075,10.5566,11.1976,,,
07/25/2022,10.4396,10.5729,11.0083,11.0746,10.7103,10.558,11.1952,,,
07/26/2022,10.4261,10.5563,10.991,11.0544,10.6884,10.5433,11.1794,,,
07/27/2022,10.4437,10.5794,11.0063,11.0881,10.7196,10.559,11.1986,,,
07/29/2022,10.5118,10.6313,11.0635,11.1597,10.8108,10.6289,11.2658,,,
08/01/2022,10.5418,10.6502,11.0867,11.2166,10.8592,10.6635,11.2996,,,
08/02/2022,10.5682,10.6521,11.1003,11.2413,10.8858,10.6866,11.318,,,
08/03/2022,10.5635,10.6531,11.0972,11.2273,10.8842,10.6823,11.3132,,,
08/04/2022,10.58,10.6579,11.1057,11.2667,10.9066,10.7011,11.3408,,,
08/05/2022,10.5621,10.6639,11.097,11.2168,10.8738,10.6712,11.3111,,,
08/08/2022,10.5598,10.6792,11.103,11.2232,10.884,10.6836,11.3174,,,
08/10/2022,10.5726,10.6776,11.1121,11.2388,10.9001,10.6951,11.327,,,
08/11/2022,10.6014,10.6933,11.1312,11.2725,10.9412,10.7183,11.356,,,
08/12/2022,10.5983,10.6938,11.1333,11.2678,10.9386,10.719,11.3592,,,
08/17/2022,10.6567,10.721,11.1875,11.3561,11.0195,10.7816,11.4225,,,
08/18/2022,10.6489,10.7252,11.1875,11.3447,11.0072,10.7863,11.4133,,,
08/19/2022,10.6293,10.7098,11.1711,11.3085,10.9722,10.763,11.3898,10.0,,
08/22/2022,10.6142,10.6853,11.1465,11.2728,10.9347,10.7352,11.3673,10.0,,
08/24/2022,10.6167,10.698,11.1573,11.2855,10.9526,10.7506,11.3618,9.9979,,
08/25/2022,10.6069,10.6895,11.1516,11.2784,10.9441,10.7421,11.3625,9.9993,,
08/26/2022,10.6264,10.7,11.1686,11.3241,10.9726,10.764,11.3701,10.0007,,
08/29/2022,10.6104,10.6859,11.1536,11.291,10.9321,10.7473,11.3482,10.0051,,
08/30/2022,10.6585,10.7339,11.1948,11.3622,11.0095,10.8018,11.3961,10.0064,,
09/01/2022,10.6484,10.7163,11.1862,11.3475,10.9912,10.7868,11.386,10.009,,
09/02/2022,10.6433,10.7166,11.1824,11.3361,10.9791,10.7826,11.3656,10.0102,,
09/05/2022,10.6614,10.7342,11.1982,11.364,11.005,10.8035,11.3927,10.0149,,
09/06/2022,10.6684,10.7394,11.2091,11.3706,11.0094,10.8091,11.3958,10.0167,,
09/07/2022,10.669,10.7446,11.2132,11.372,11.0061,10.8129,11.3935,10.0182,,
09/08/2022,10.7039,10.7743,11.2389,11.4191,11.0555,10.8458,11.4219,10.0192,,
09/09/2022,10.6984,10.774,11.2348,11.423,11.0634,10.8512,11.4302,10.0206,,
09/12/2022,10.7147,10.7907,11.2554,11.437,11.0763,10.8653,11.444,10.0247,10.0,
09/13/2022,10.7372,10.812,11.3244,11.4771,11.1112,10.8864,11.4584,10.0258,10.0,
09/14/2022,10.7307,10.8071,11.3272,11.456,11.097,10.8753,11.443,10.027,10.0,
09/15/2022,10.704,10.7913,11.3074,11.4054,11.0453,10.8458,11.4014,10.028,10.0,
09/16/2022,10.6648,10.7523,11.2712,11.349,10.9975,10.8067,11.3611,10.0291,10.0,
09/19/2022,10.6743,10.7641,11.2816,11.3623,11.0079,10.817,11.3716,10.0332,10.0,
09/20/2022,10.6845,10.7841,11.2997,11.3747,11.0257,10.832,11.3823,10.0339,9.9996,
09/21/2022,10.6774,10.7837,11.2933,11.377,11.0176,10.8196,11.3739,10.0347,10.0011,
09/22/2022,10.661,10.7712,11.281,11.3296,10.9812,10.8036,11.3523,10.0358,10.0025,
09/23/2022,10.6214,10.7356,11.2484,11.262,10.9042,10.755,11.3146,10.0373,10.004,
09/26/2022,10.5745,10.6933,11.217,11.2121,10.8432,10.7205,11.277,10.0417,10.0077,
09/27/2022,10.5876,10.7009,11.2301,11.2421,10.8617,10.7423,11.295,10.0424,10.0091,
09/28/2022,10.5814,10.6911,11.2154,11.222,10.8426,10.7259,11.2803,10.0421,10.0106,
09/29/2022,10.5777,10.6896,11.2161,11.229,10.8413,10.7225,11.286,10.043,10.0121,
09/30/2022,10.6058,10.7191,11.2396,11.2602,10.8871,10.7419,11.3151,10.0459,10.0136,
10/03/2022,10.5636,10.6802,11.2082,11.206,10.8305,10.7085,11.2871,10.0525,10.0183,
10/04/2022,10.6087,10.7253,11.2631,11.283,10.9145,10.7722,11.3351,10.0569,10.0198,
10/06/2022,10.6078,10.7299,11.2617,11.2659,10.9039,10.7662,11.3306,10.0603,10.0228,
10/07/2022,10.6022,10.7257,11.2534,11.2449,10.8937,10.7565,11.3154,10.0612,10.0243,
10/10/2022,10.5987,10.7235,11.244,11.223,10.8791,10.7406,11.3043,10.0652,10.0294,
10/11/2022,10.5784,10.7076,11.2538,11.2145,10.8583,10.7209,11.2892,10.0665,10.0294,
10/12/2022,10.5945,10.7235,11.2707,11.2371,10.8832,10.743,11.3106,10.0666,10.0294,
10/13/2022,10.5848,10.7147,11.2611,11.2233,10.8664,10.7285,11.304,10.0678,10.0294,
10/14/2022,10.5957,10.7241,11.2651,11.2266,10.881,10.7357,11.306,10.0692,10.0293,
10/17/2022,10.6187,10.7519,11.2983,11.2872,10.928,10.7854,11.3504,10.0739,10.0293,
10/18/2022,10.6406,10.7712,11.3085,11.3082,10.9591,10.8033,11.3675,10.0756,10.0292,
10/19/2022,10.6358,10.7692,11.3085,11.2879,10.948,10.7912,11.3636,10.0772,10.0292,
10/20/2022,10.6443,10.7718,11.3141,11.2879,10.9461,10.7873,11.3609,10.0788,10.0287,
10/21/2022,10.6425,10.7754,11.3113,11.2798,10.9433,10.7683,11.3565,10.0805,10.0303,10.0
10/25/2022,10.6567,10.8005,11.3365,11.3394,10.9858,10.8161,11.3901,10.0866,10.0367,10.0
10/27/2022,10.6858,10.8229,11.3598,11.3694,11.0228,10.8514,11.4084,10.09,10.0399,10.0
10/28/2022,10.6886,10.8299,11.358,11.3621,11.0164,10.8591,11.4176,10.0918,10.0415,10.0
10/31/2022,10.7045,10.8458,11.3702,11.3767,11.0355,10.8619,11.4297,10.0967,10.0464,9.9999
11/01/2022,10.7175,10.8621,11.3915,11.4065,11.0572,10.888,11.4531,10.0985,10.048,9.9999
11/02/2022,10.7133,10.855,11.3862,11.4017,11.051,10.8839,11.4481,10.1002,10.0495,9.9999
11/03/2022,10.7015,10.8411,11.3735,11.3676,11.0287,10.842,11.4231,10.1021,10.051,9.9999
11/04/2022,10.7072,10.8515,11.381,11.3722,11.0368,10.855,11.4266,10.104,10.0524,9.9999
11/07/2022,10.7191,10.8644,11.393,11.4057,11.0618,10.8799,11.4486,10.109,10.0569,9.9999
11/09/2022,10.7299,10.873,11.3993,11.4231,11.0748,10.9034,11.4635,10.1126,10.0593,9.9999
11/10/2022,10.7296,10.8725,11.3987,11.432,11.0713,10.9271,11.4751,10.1141,10.0605,9.9999
11/11/2022,10.776,10.9179,11.4359,11.4866,11.1362,10.9829,11.5259,10.1159,10.0617,9.9999
11/14/2022,10.7795,10.917,11.4392,11.487,11.1375,10.9769,11.5324,10.1212,10.0653,9.9997
11/15/2022,10.7898,10.9309,11.4524,11.5065,11.1623,10.9951,11.5547,10.1229,10.0663,10.0011
11/16/2022,10.7901,10.9364,11.4489,11.5006,11.1636,11.0049,11.5518,10.1247,10.0673,10.0024
11/17/2022,10.7864,10.9323,11.4481,11.5016,11.1553,11.0004,11.5514,10.1265,10.0682,10.0037
11/18/2022,10.7809,10.9218,11.4417,11.4849,11.1412,10.9857,11.5393,10.1282,10.0692,10.0049
11/21/2022,10.7729,10.9178,11.4429,11.469,11.1266,10.9831,11.528,10.1334,10.0705,10.0085
11/22/2022,10.786,10.9303,11.4507,11.4864,11.148,11.0008,11.5343,10.135,10.072,10.0098
11/23/2022,,,,,,11.0044,,,,
11/24/2022,10.8121,10.9712,11.4789,11.534,11.1892,11.0438,11.5762,10.1383,10.0749,10.0123
11/25/2022,10.8155,10.9669,11.4836,11.5266,11.1852,11.0321,11.5796,10.14,10.0764,10.0136
11/28/2022,10.8279,10.9832,11.501,11.5494,11.2043,11.0577,11.5988,10.1453,10.0807,10.0173
11/29/2022,10.8339,10.9945,11.5029,11.5527,11.2092,11.0583,11.5928,10.1473,10.0822,10.0175
11/30/2022,10.8458,11.0089,11.5159,11.5722,11.2299,11.073,11.6089,10.1492,10.0835,10.019
12/01/2022,10.8627,11.0299,11.533,11.6091,11.2627,11.1117,11.6395,10.1511,10.0849,10.0205
12/02/2022,10.8591,11.0314,11.5299,11.6066,11.2568,11.1091,11.6321,10.1528,10.0862,10.022
12/05/2022,10.872,11.0369,11.5351,11.6066,11.2657,11.1185,11.6324,10.1578,10.0902,10.0264
12/06/2022,10.8657,11.0287,11.5283,11.589,11.2495,11.109,11.6218,10.1595,10.0916,10.0277
12/07/2022,10.858,11.0271,11.5266,11.5712,11.2354,11.1029,11.6072,10.1613,10.0929,10.0292
12/08/2022,10.8619,11.0292,11.5339,11.5839,11.2483,11.1077,11.6114,10.1629,10.0943,10.0307
12/09/2022,10.8452,11.0131,11.5168,11.5659,11.2226,11.0904,11.6011,10.1647,10.0957,10.0322
12/12/2022,10.8479,11.0241,11.5276,11.5753,11.2276,11.1053,11.6047,10.17,10.1001,10.0365
12/13/2022,10.8652,11.0429,11.5447,11.602,11.2561,11.1323,11.6278,10.1719,10.1015,10.0379
12/14/2022,10.879,11.0582,11.5586,11.6272,11.2805,11.1536,11.6428,10.1734,10.103,10.0394
12/15/2022,10.8568,11.0332,11.539,11.5912,11.2402,11.129,11.6198,10.1751,10.1044,10.041
12/16/2022,10.8421,11.0163,11.5243,11.5637,11.2129,11.1126,11.6052,10.1765,10.1059,10.0424
12/19/2022,10.8566,11.0287,11.5398,11.5855,11.2336,11.1351,11.6177,10.1815,10.1106,10.0475
12/20/2022,10.8527,11.0203,11.5284,11.5693,11.221,11.1229,11.6256,10.1833,10.1121,10.0492
12/21/2022,10.8398,11.0109,11.522,11.5568,11.2057,11.1137,11.6188,10.1851,10.1137,10.0509
12/22/2022,10.8335,11.0036,11.5102,11.5414,11.1915,11.1068,11.6097,10.1873,10.1153,10.0526
12/23/2022,10.8089,10.9725,11.4799,11.4952,11.1484,11.0783,11.5806,10.1893,10.1152,10.0543
12/26/2022,10.827,10.995,11.4951,11.528,11.18,11.0947,11.5956,10.1947,10.1202,10.0594
12/27/2022,10.8388,11.013,11.5133,11.5492,11.1993,11.1086,11.6081,10.1963,10.1219,10.0611
12/28/2022,10.838,11.013,11.5104,11.5438,11.1964,11.1088,11.6051,10.1982,10.1235,10.0628
12/29/2022,10.8442,11.025,11.5177,11.5559,11.2094,11.1171,11.6139,10.2002,10.1252,10.0644
12/30/2022,10.8396,11.0148,11.5169,11.548,11.1972,11.1148,11.6048,10.2026,10.1269,10.0661
01/02/2023,10.8497,11.0265,11.529,11.5596,11.2099,11.1253,11.6163,10.2092,10.1321,10.071
01/03/2023,10.8568,11.0401,11.5406,11.5665,11.2222,11.1295,11.6235,10.2119,10.1337,10.0726
01/04/2023,10.8455,11.0283,11.5337,11.5512,11.2054,11.1195,11.6139,10.2139,10.1355,10.0742
01/05/2023,10.8455,11.0183,11.5344,11.5492,11.1981,11.1171,11.6145,10.2156,10.1371,10.0758
01/06/2023,10.8274,10.9997,11.5212,11.5244,11.1695,11.1044,11.5998,10.2175,10.1386,10.0774
01/09/2023,10.855,11.0371,11.55,11.5702,11.2227,11.1346,11.6329,10.2226,10.1433,10.0822
01/10/2023,10.8465,11.0219,11.548,11.5675,11.2092,11.1283,11.6204,10.2244,10.1449,10.0838
01/11/2023,10.8459,11.0261,11.5509,11.5737,11.2148,11.1287,11.6662,10.226,10.1465,10.0854
01/12/2023,10.8468,11.0317,11.5497,11.5794,11.2176,11.1301,11.675,10.2275,10.1481,10.087
01/13/2023,10.857,11.0486,11.5618,11.5953,11.2335,11.1383,11.6894,10.2291,10.1497,10.0885
01/16/2023,10.8574,11.045,11.555,11.5802,11.2227,11.1351,11.6719,10.2338,10.1545,10.0933
01/17/2023,10.8696,11.0618,11.5614,11.5906,11.2386,11.1466,11.6771,10.2354,10.1561,10.0949
01/18/2023,10.8817,11.0743,11.576,11.6074,11.2607,11.1575,11.6923,10.2372,10.1577,10.0965
01/19/2023,10.8819,11.0803,11.5848,11.6153,11.267,11.1588,11.7078,10.2388,10.1593,10.0981
01/20/2023,10.871,11.0654,11.569,11.5857,11.2431,11.138,11.6856,10.2406,10.1606,10.0996
01/23/2023,10.8833,11.0677,11.5768,11.6041,11.2591,11.1501,11.6963,10.246,10.1651,10.1046
01/24/2023,10.8792,11.0634,11.5724,11.6039,11.2565,11.1514,11.6981,10.2475,10.1666,10.1063
01/25/2023,10.8612,11.0423,11.5552,11.5837,11.2261,11.1349,11.6805,10.2491,10.1682,10.1081
01/27/2023,10.8363,11.0109,11.5234,11.5423,11.1769,11.0978,11.6449,10.2526,10.1716,10.1115
01/30/2023,10.8417,11.0147,11.5217,11.5359,11.1718,11.0952,11.6452,10.2581,10.1767,10.1167
01/31/2023,10.8518,11.0268,11.5344,11.5634,11.1956,11.1168,11.6615,10.2597,10.1784,10.1184
02/01/2023,10.8596,11.0512,11.5354,11.5942,11.2229,11.1394,11.6834,10.2614,10.18,10.1201
02/02/2023,10.8728,11.0713,11.5383,11.6059,11.2397,11.1496,11.6858,10.2635,10.1814,10.1218
02/03/2023,10.8927,11.094,11.5539,11.6339,11.2817,11.1717,11.7098,10.2654,10.1829,10.1235
02/06/2023,10.8874,11.0884,11.548,11.6195,11.2613,11.1598,11.6987,10.2712,10.1875,10.1283
02/07/2023,10.8827,11.0782,11.5495,11.6267,11.2565,11.1616,11.7253,10.273,10.1891,10.1299
02/08/2023,10.892,11.086,11.5493,11.6152,11.267,11.1582,11.7013,10.2748,10.1907,10.1315
02/09/2023,10.8951,11.0824,11.5472,11.6148,11.2669,11.159,11.7015,10.2767,10.1924,10.1332
02/10/2023,10.8908,11.0804,11.5431,11.6102,11.2548,11.1538,11.7,10.2783,10.1942,10.135
02/13/2023,10.8852,11.0748,11.5358,11.596,11.2439,11.1463,11.6953,10.284,10.1995,10.1403
02/14/2023,10.8924,11.0815,11.5441,11.6044,11.2613,11.157,11.7063,10.2859,10.2012,10.1419
02/15/2023,10.9039,11.0964,11.5626,11.6221,11.2826,11.1778,11.7192,10.2877,10.2028,10.1436
02/16/2023,10.9142,11.1027,11.5676,11.6354,11.2862,11.186,11.7276,10.2893,10.2037,10.1453
02/17/2023,10.9025,11.0922,11.5527,11.6131,11.2573,11.1675,11.7069,10.2911,10.2054,10.147
02/20/2023,10.9014,11.0952,11.5575,11.6192,11.2621,11.1742,11.7103,10.2964,10.2105,10.1521
02/21/2023,10.9024,11.0903,11.5549,11.6134,11.2532,11.1982,11.7029,10.298,10.2123,10.1539
02/22/2023,10.882,11.0668,11.5264,11.5723,11.2122,11.1612,11.6708,10.2998,10.2141,10.1556
02/23/2023,10.8784,11.0762,11.5319,11.5815,11.2182,11.1723,11.6792,10.3014,10.2158,10.1573
02/24/2023,10.8729,11.0693,11.5263,11.5722,11.2055,11.1652,11.6773,10.303,10.2176,10.1591
02/27/2023,10.8697,11.0516,11.5174,11.5563,11.1942,11.1507,11.6585,10.3084,10.223,10.1645
02/28/2023,10.86,11.0352,11.5124,11.5478,11.1855,11.1446,11.658,10.3099,10.2248,10.166
03/01/2023,10.8715,11.0542,11.5322,11.5666,11.2079,11.1855,11.6741,10.3115,10.2266,10.1676
03/02/2023,10.8624,11.0365,11.5249,11.5616,11.1975,11.1826,11.668,10.3132,10.2283,10.1693
03/03/2023,10.8891,11.0663,11.559,11.5958,11.2384,11.2108,11.6925,10.3149,10.23,10.171
03/06/2023,10.8973,11.0801,11.5656,11.6146,11.2547,11.2206,11.7057,10.3207,10.2351,10.1763
03/08/2023,10.897,11.072,11.5542,11.5994,11.2463,11.2013,11.6966,10.3244,10.2385,10.1799
03/09/2023,10.8859,11.0586,11.5505,11.5957,11.2337,11.199,11.6941,10.3263,10.2402,10.1816
03/10/2023,10.8769,11.0452,11.5492,11.5898,11.2221,11.1985,11.6885,10.3284,10.242,10.1835
03/13/2023,10.8675,11.0428,11.5577,11.6011,11.2173,11.2251,11.7486,10.3355,10.2471,10.1898
03/14/2023,10.8615,11.0437,11.5566,11.5988,11.2133,11.2235,11.7349,10.338,10.2488,10.1917
03/15/2023,10.8567,11.0325,11.5583,11.5907,11.2068,11.2236,11.7393,10.3402,10.25,10.1939
03/16/2023,10.8646,11.0396,11.5674,11.5948,11.2144,11.2346,11.7524,10.3415,10.2513,10.195
03/17/2023,10.8752,11.0496,11.5844,11.608,11.2279,11.2454,11.7638,10.3434,10.2533,10.1967
03/20/2023,10.8762,11.0546,11.591,11.6191,11.2348,11.2524,11.7657,10.3493,10.2591,10.2024
03/21/2023,10.8778,11.0663,11.5959,11.6244,11.2414,11.2509,11.7649,10.3516,10.2615,10.2047
03/23/2023,10.8802,11.0776,11.6018,11.6309,11.2468,11.2633,11.7798,10.3569,10.2666,10.21
03/24/2023,10.8703,11.0675,11.6002,11.6289,11.2424,11.2703,11.7937,10.3593,10.2689,10.2123
03/27/2023,10.8773,11.075,11.6089,11.6411,11.2554,11.2838,11.8047,10.3647,10.274,10.2177
03/28/2023,10.8794,11.0698,11.6029,11.6303,11.2526,11.2826,11.7999,10.3643,10.2741,10.2174
03/29/2023,10.8962,11.0837,11.6239,11.6606,11.2794,11.3029,11.8187,10.3621,10.2724,10.2151
03/31/2023,10.9306,11.12,11.6388,11.6923,11.3155,11.3285,11.8431,10.3723,10.2817,10.2249
04/03/2023,10.9376,11.1291,11.6534,11.6972,11.3238,11.3403,11.865,10.3829,10.2913,10.2349
04/05/2023,10.9517,11.1623,11.6798,11.7355,11.3623,11.3614,11.8967,10.3878,10.2954,10.24
04/06/2023,10.9698,11.193,11.7073,11.7811,11.3941,11.3903,11.9339,10.3893,10.2971,10.2414
04/10/2023,10.9787,11.202,11.7084,11.7816,11.3979,11.3873,11.928,10.3987,10.3059,10.2508
04/11/2023,10.9867,11.2083,11.7133,11.7814,11.4074,11.3924,11.9332,10.401,10.3083,10.253
04/12/2023,10.9954,11.2139,11.7276,11.7989,11.4208,11.4015,11.9515,10.4029,10.3102,10.2549
04/13/2023,10.9959,11.2128,11.7262,11.7917,11.4192,11.4013,11.9262,10.4054,10.3126,10.2572
04/17/2023,10.9953,11.2002,11.7272,11.7817,11.4064,11.3957,11.916,10.4128,10.3199,10.2646
04/18/2023,10.9948,11.2036,11.7401,11.7868,11.4127,11.3999,11.9237,10.4148,10.3219,10.2666
04/19/2023,10.9939,11.202,11.7414,11.782,11.4062,11.3966,11.9199,10.4165,10.3235,10.2682
04/20/2023,10.999,11.2087,11.7467,11.7925,11.4104,11.4009,11.9287,10.4182,10.3253,10.2698
04/21/2023,11.0036,11.2195,11.7585,11.8072,11.4222,11.4155,11.9469,10.4199,10.327,10.2716
04/24/2023,11.0234,11.2584,11.7898,11.8386,11.46,11.4413,11.9777,10.4251,10.3322,10.2766
04/25/2023,11.0345,11.2844,11.8039,11.8465,11.4712,11.4532,11.9843,10.4269,10.334,10.2783
04/26/2023,11.0388,11.2922,11.8094,11.855,11.4784,11.4581,12.0156,10.4284,10.3355,10.2798
04/27/2023,11.0479,11.3084,11.8222,11.8678,11.497,11.4695,12.0312,10.4303,10.3373,10.2815
04/28/2023,11.0586,11.3239,11.8319,11.8776,11.5129,11.4795,12.0388,10.432,10.3391,10.2832
05/02/2023,11.0704,11.3372,11.8454,11.8952,11.5273,11.4915,12.0524,10.4393,10.3464,10.2903
05/03/2023,11.0813,11.367,11.8754,11.93,11.5612,11.5132,12.0907,10.4412,10.3483,10.2922
05/04/2023,11.094,11.3909,11.8918,11.9472,11.5829,11.5304,12.1051,10.4432,10.3502,10.2941
05/08/2023,11.107,11.4079,11.8996,11.9475,11.5837,11.5373,12.105,10.4509,10.3579,10.3017
05/09/2023,11.1096,11.4111,11.9023,11.9495,11.5879,11.5439,12.1052,10.453,10.36,10.3038
05/10/2023,11.1133,11.4127,11.9109,11.9521,11.5997,11.5505,12.1167,10.455,10.3619,10.3057
05/11/2023,11.1159,11.4175,11.9136,11.9606,11.5991,11.5549,12.1227,10.4569,10.3638,10.3075
05/12/2023,11.1229,11.4305,11.9338,11.9758,11.616,11.5658,12.1404,10.4589,10.3657,10.3094
05/15/2023,11.1374,11.4475,11.9417,11.9968,11.6355,11.5793,12.1523,10.4646,10.3713,10.315
05/16/2023,11.1359,11.4551,11.951,12.0071,11.644,11.5863,12.1653,10.4665,10.3732,10.3169
05/17/2023,11.1327,11.4519,11.9514,12.0124,11.6381,11.5872,12.162,10.4689,10.3754,10.3193
05/18/2023,11.1283,11.443,11.9415,12.0047,11.6281,11.5833,12.1559,10.4715,10.3779,10.3219
05/19/2023,11.1355,11.4475,11.9394,12.0049,11.6338,11.5874,12.1534,10.4738,10.38,10.3243
05/22/2023,11.147,11.4699,11.959,12.0351,11.6606,11.6045,12.1812,10.4798,10.3858,10.3305
05/23/2023,11.1504,11.4641,11.9542,12.0217,11.6504,11.5999,12.1671,10.4825,10.3883,10.3335
05/24/2023,11.15,11.4673,11.9598,12.0254,11.6575,11.6029,12.1747,10.4842,10.3901,10.335
05/26/2023,11.1663,11.5016,11.9782,12.0466,11.6848,11.6202,12.1961,10.4878,10.3938,10.3384
05/29/2023,11.1758,11.5027,11.9805,12.0506,11.6936,11.6251,12.1966,10.4936,10.3994,10.344
05/30/2023,11.1769,11.5129,11.9848,12.0566,11.6987,11.6281,12.2014,10.4949,10.4008,10.3453
05/31/2023,11.1773,11.511,11.9963,12.0651,11.7028,11.6347,12.2132,10.4969,10.4028,10.3473
06/01/2023,11.1797,11.5166,11.9968,12.0655,11.7014,11.6366,12.2207,10.4989,10.4047,10.3493
06/02/2023,11.1839,11.5248,12.0019,12.0747,11.713,11.6447,12.2309,10.5011,10.4069,10.3515
06/05/2023,11.1917,11.5358,12.0048,12.0809,11.7257,11.6517,12.2348,10.507,10.4125,10.3572
06/06/2023,11.1974,11.5442,12.0181,12.0935,11.7408,11.6624,12.2516,10.5091,10.4145,10.3593
06/07/2023,11.2072,11.5616,12.0287,12.1054,11.7529,11.6715,12.2583,10.5109,10.4164,10.3611
06/08/2023,11.2,11.5389,12.0092,12.0836,11.7264,11.6543,12.2276,10.5128,10.4182,10.363
06/09/2023,11.1973,11.5256,11.9973,12.0742,11.7169,11.6463,12.2214,10.5144,10.4198,10.3645
06/12/2023,11.2025,11.5358,12.014,12.0896,11.7326,11.6574,12.2384,10.5198,10.4251,10.3697
06/13/2023,11.2087,11.5493,12.0259,12.1107,11.7561,11.6724,12.2583,10.5217,10.4271,10.3716
06/14/2023,11.2084,11.5501,12.0258,12.1061,11.7521,11.6726,12.2556,10.5233,10.4286,10.3732
06/15/2023,11.197,11.5435,12.0185,12.0946,11.7424,11.6645,12.2402,10.5253,10.4306,10.3752
06/16/2023,11.1964,11.552,12.0244,12.1074,11.7607,11.6754,12.2582,10.5274,10.4327,10.3773
06/19/2023,11.1993,11.5486,12.0209,12.1037,11.7532,11.6715,12.2502,10.533,10.4383,10.383
06/20/2023,11.1981,11.5472,12.0258,12.1036,11.7566,11.6725,12.2548,10.5349,10.4401,10.3848
06/21/2023,11.1978,11.5406,12.025,12.1052,11.7576,11.6728,12.2558,10.5362,10.4421,10.3869
06/22/2023,11.1769,11.5285,12.0053,12.087,11.7358,11.6502,12.2361,10.5307,10.4443,10.3891
06/23/2023,11.1773,11.5169,11.9993,12.0806,11.7271,11.6489,12.2327,10.5355,10.446,10.3908
06/26/2023,11.1886,11.5283,12.0127,12.0929,11.7367,11.6581,12.2455,10.5426,10.4515,10.3963
06/27/2023,11.201,11.5423,12.0292,12.1083,11.7546,11.6691,12.2567,10.5457,10.4529,10.3976
06/28/2023,11.2176,11.5594,12.0426,12.1276,11.7812,11.6873,12.2738,10.546,10.4546,10.3993
06/30/2023,11.2024,11.5709,12.0303,12.13,11.7948,11.6774,12.2677,10.5126,10.4585,10.4031
07/03/2023,11.2121,11.5897,12.0411,12.1424,11.814,11.6834,12.2793,10.5176,10.4642,10.409
07/04/2023,11.2161,11.5954,12.0384,12.1487,11.8167,11.6849,12.2811,10.5161,10.467,10.4121
07/05/2023,11.224,11.6085,12.0567,12.1614,11.8271,11.6951,12.2933,10.527,10.4691,10.4141
07/06/2023,11.2152,11.5971,12.0464,12.1541,11.8251,11.6852,12.2815,10.5009,10.4709,10.416
07/11/2023,11.2524,11.6159,12.0783,12.1763,11.8395,11.7196,12.3152,10.5472,10.4801,10.4252
07/12/2023,11.2392,11.608,12.0685,12.1627,11.8288,11.7099,12.3013,10.5381,10.4819,10.427
07/13/2023,11.2658,11.6252,12.0916,12.1921,11.8519,11.7384,12.3294,10.5739,10.4839,10.4291
07/14/2023,11.2712,11.635,12.0959,12.2026,11.8658,11.7453,12.3365,10.5707,10.4859,10.4313
07/17/2023,11.2978,11.6606,12.1172,12.2207,11.8921,11.7626,12.3581,10.5847,10.4914,10.4368
07/18/2023,11.3142,11.6781,12.1272,12.2376,11.9055,11.7788,12.3712,10.6124,10.4932,10.4387
07/19/2023,11.3152,11.6891,12.1284,12.2483,11.9169,11.7839,12.3737,10.616,10.4951,10.4406
07/20/2023,11.3215,11.7033,12.1377,12.2593,11.9337,11.7912,12.3795,10.6283,10.497,10.4426
07/21/2023,11.3067,11.6883,12.1292,12.2393,11.9064,11.7768,12.3599,10.607,10.4988,10.4444
07/24/2023,11.3193,11.6892,12.137,12.2433,11.9158,11.7786,12.3699,10.616,10.5043,10.4499
07/25/2023,11.3031,11.6825,12.1234,12.2349,11.9019,11.7672,12.3605,10.5983,10.5062,10.4517
07/26/2023,11.3155,11.697,12.1388,12.2471,11.919,11.7787,12.3728,10.6263,10.508,10.4535
07/27/2023,11.3004,11.6912,12.1299,12.2381,11.9016,11.7658,12.3597,10.5997,10.5099,10.4555
07/28/2023,11.2739,11.6691,12.1158,12.2165,11.884,11.7435,12.3421,10.5698,10.5117,10.4574
07/31/2023,11.279,11.6718,12.1175,12.2238,11.8923,11.7468,12.3492,10.5812,10.5172,10.4627
08/01/2023,11.2909,11.6771,12.1292,12.2396,11.9038,11.759,12.3566,10.5856,10.5191,10.4646
08/02/2023,11.2754,11.6608,12.1093,12.2114,11.8725,11.7417,12.3402,10.5705,10.521,10.4667
08/03/2023,11.2435,11.6355,12.0849,12.1824,11.8402,11.7135,12.3124,10.5314,10.523,10.4688
08/04/2023,11.2518,11.6461,12.0941,12.1983,11.8607,11.726,12.3292,10.5481,10.525,10.4708
08/07/2023,11.2674,11.6616,12.1086,12.2187,11.8819,11.7387,12.3342,10.5696,10.5304,10.4764
08/08/2023,11.2831,11.6689,12.1196,12.2273,11.8829,11.751,12.3491,10.5901,10.5321,10.478
08/09/2023,11.2866,11.6777,12.1219,12.2357,11.8974,11.7558,12.353,10.6028,10.5338,10.4796
08/10/2023,11.2954,11.6727,12.1247,12.2371,11.8938,11.7605,12.3577,10.6017,10.5356,10.4815
08/11/2023,11.265,11.6513,12.1041,12.2108,11.8713,11.7375,12.3332,10.5748,10.5371,10.4829
08/14/2023,11.2657,11.655,12.1021,12.2131,11.875,11.7363,12.3346,10.5814,10.5427,10.4886
08/17/2023,11.2387,11.6351,12.0741,12.1985,11.8547,11.7125,12.3137,10.5499,10.5483,10.494
08/18/2023,11.2594,11.6424,12.0899,12.2092,11.8619,11.731,12.3273,10.5745,10.5502,10.4957
08/21/2023,11.2786,11.6611,12.1036,12.2243,11.8836,11.7437,12.3439,10.5911,10.5558,10.5015
08/22/2023,11.2892,11.6706,12.1079,12.2285,11.8926,11.7462,12.3495,10.5963,10.5577,10.5033
08/23/2023,11.317,11.6884,12.1367,12.2507,11.9126,11.7684,12.3688,10.6226,10.5595,10.5053
08/24/2023,11.3229,11.7008,12.1408,12.2543,11.9145,11.7698,12.3662,10.6151,10.5614,10.5072
08/25/2023,11.3044,11.6857,12.1262,12.2392,11.8936,11.7583,12.3546,10.5885,10.5634,10.5093
08/28/2023,11.3323,11.706,12.1551,12.2645,11.9174,11.7846,12.377,10.6167,10.5691,10.5151
08/29/2023,11.3395,11.7149,12.1605,12.2685,11.9245,11.7897,12.3828,10.6258,10.5711,10.5172
08/30/2023,11.3365,11.7174,12.156,12.2708,11.9248,11.7887,12.3847,10.6254,10.573,10.519
08/31/2023,11.3377,11.7161,12.1574,12.2691,11.9167,11.7901,12.3846,10.627,10.5749,10.521
09/01/2023,11.3509,11.737,12.1775,12.2906,11.944,11.8062,12.3986,10.6416,10.5769,10.5231
09/04/2023,11.3471,11.7469,12.1819,12.2982,11.9495,11.8024,12.3997,10.6402,10.5827,10.529
09/05/2023,11.3542,11.765,12.1805,12.3015,11.9534,11.8054,12.4086,10.6448,10.5845,10.5309
09/06/2023,11.3535,11.7607,12.1809,12.2983,11.9529,11.8051,12.4098,10.6507,10.5864,10.5329
09/07/2023,11.3819,11.7866,12.2111,12.3217,11.9853,11.8362,12.4376,10.6879,10.5883,10.5348
09/08/2023,11.3831,11.7877,12.2134,12.3273,11.991,11.8304,12.4356,10.6852,10.5901,10.5366
09/11/2023,11.3814,11.7948,12.2145,12.3325,12.0028,11.8211,12.432,10.6841,10.5957,10.5422
09/12/2023,11.3997,11.8023,12.2114,12.322,11.9986,11.822,12.427,10.6797,10.5975,10.544
09/13/2023,11.4264,11.8244,12.2381,12.3533,12.0294,11.851,12.4596,10.6925,10.5992,10.5455
09/14/2023,11.4794,11.8591,12.2786,12.3821,12.0649,11.8943,12.5003,10.7386,10.6011,10.5474
09/15/2023,11.4421,11.8498,12.2536,12.3676,12.0588,11.8758,12.4865,10.7068,10.6033,10.5498
09/18/2023,11.4486,11.8491,12.2659,12.3683,12.0527,11.8753,12.488,10.7197,10.6091,10.5557
09/20/2023,11.4403,11.8378,12.259,12.3547,12.0315,11.8646,12.4731,10.7187,10.6129,10.5595
09/21/2023,11.4377,11.8273,12.2472,12.341,12.0182,11.8598,12.4654,10.7169,10.6149,10.5613
09/22/2023,11.4187,11.8233,12.2496,12.3291,12.0011,11.8486,12.4655,10.7059,10.6169,10.5635
09/25/2023,11.4294,11.8257,12.2555,12.3378,12.0073,11.8496,12.4645,10.6971,10.6227,10.5693
09/26/2023,11.4301,11.8257,12.2598,12.3363,12.0086,11.8508,12.4637,10.7033,10.6246,10.5712
09/27/2023,11.4275,11.8343,12.2607,12.3431,12.0134,11.846,12.4617,10.7085,10.6262,10.5726
09/28/2023,11.3524,11.7877,12.2043,12.291,11.9627,11.7885,12.4198,10.6404,10.6283,10.5749
10/03/2023,11.3722,11.802,12.2266,12.3102,11.9811,11.8081,12.4318,10.6631,10.6387,10.5857
10/04/2023,11.3575,11.7766,12.2061,12.2889,11.9566,11.7894,12.4189,10.6503,10.6407,10.5878
10/05/2023,11.3882,11.7952,12.2363,12.308,11.9783,11.8177,12.4389,10.6772,10.6428,10.5899
10/06/2023,11.3526,11.7525,12.1697,12.2675,11.9413,11.7434,12.3889,10.6015,10.6448,10.5918
10/09/2023,11.3148,11.7248,12.131,12.2322,11.9068,11.7065,12.3547,10.5752,10.6504,10.5972
10/10/2023,11.3445,11.744,12.1652,12.2682,11.9454,11.7374,12.3835,10.6006,10.6523,10.5991
10/11/2023,11.3716,11.7716,12.2059,12.3045,11.9767,11.7786,12.4196,10.6397,10.6541,10.6009
10/12/2023,11.374,11.7736,12.2075,12.3073,11.9788,11.7825,12.4231,10.6424,10.6561,10.6028
10/13/2023,11.3731,11.7687,12.1971,12.2991,11.97,11.7698,12.4162,10.6392,10.658,10.6047
10/16/2023,11.3706,11.7658,12.1928,12.2995,11.9667,11.7655,12.4164,10.6358,10.6638,10.6105
10/17/2023,11.3881,11.7751,12.2116,12.315,11.9833,11.778,12.4318,10.6512,10.6657,10.6125
10/18/2023,11.361,11.7565,12.1905,12.2891,11.9575,11.7568,12.4111,10.636,10.6677,10.6145
10/19/2023,11.3496,11.7488,12.1837,12.2784,11.9471,11.7455,12.4038,10.6244,10.6698,10.6166
10/20/2023,11.3471,11.7372,12.1762,12.2709,11.9358,11.7405,12.4022,10.6138,10.6714,10.6181
10/23/2023,11.3238,11.7054,12.1459,12.2443,11.9028,11.7156,12.3735,10.5817,10.6771,10.6237
10/25/2023,11.3423,11.7112,12.1624,12.2533,11.9007,11.7346,12.3847,10.5908,10.6809,10.6276
10/26/2023,11.3042,11.6834,12.1325,12.219,11.8616,11.7113,12.361,10.5499,10.6828,10.6295
10/27/2023,11.3355,11.713,12.161,12.2526,11.9008,11.7375,12.3906,10.5806,10.6847,10.6315
10/30/2023,11.345,11.7217,12.1683,12.26,11.9097,11.7401,12.3967,10.5849,10.6907,10.6374
10/31/2023,11.3446,11.7125,12.1744,12.2593,11.9082,11.7449,12.4003,10.5979,10.6926,10.6395
11/01/2023,11.3388,11.7081,12.1736,12.2532,11.8997,11.7383,12.3902,10.5757,10.6947,10.6412
11/02/2023,11.3761,11.7386,12.2068,12.2873,11.9381,11.7731,12.4325,10.6313,10.6967,10.6432
11/03/2023,11.392,11.7574,12.2207,12.3063,11.9561,11.7922,12.4523,10.6534,10.6987,10.6453
11/06/2023,11.4156,11.7913,12.2508,12.3367,11.993,11.819,12.4802,10.6811,10.7046,10.6511
11/07/2023,11.4317,11.7975,12.2654,12.3485,12.0078,11.8361,12.4956,10.6954,10.7066,10.6529
11/08/2023,11.4477,11.8121,12.2807,12.3616,12.0252,11.8505,12.5388,10.7147,10.7085,10.6548
11/09/2023,11.4515,11.8137,12.2823,12.3668,12.0283,11.8533,12.5343,10.7295,10.7105,10.6567
11/10/2023,11.4325,11.8001,12.2641,12.3553,12.0211,11.835,12.5187,10.7206,10.7124,10.6584
11/13/2023,11.439,11.8077,12.282,12.3691,12.0308,11.8522,12.5336,10.7591,10.7183,10.6642
11/15/2023,11.5021,11.8515,12.3433,12.4202,12.0867,11.9099,12.5865,10.823,10.7224,10.6681
11/16/2023,11.5087,11.865,12.3511,12.4345,12.0993,11.9164,12.5958,10.8362,10.7244,10.67
11/17/2023,11.5183,11.8658,12.3578,12.4401,12.1002,11.9265,12.6034,10.8564,10.7263,10.6719
11/20/2023,11.4989,11.8498,12.3361,12.4279,12.0836,11.9038,12.5875,10.8387,10.7322,10.6777
11/21/2023,11.4965,11.8509,12.3352,12.4277,12.0881,11.9014,12.5875,10.8331,10.7342,10.6797
11/22/2023,11.511,11.8613,12.3467,12.4376,12.0955,11.914,12.5991,10.8423,10.7362,10.6816
11/23/2023,11.5154,11.8571,12.3509,12.4415,12.0989,11.9191,12.5995,10.8361,10.7381,10.6835
11/24/2023,11.4978,11.8448,12.3336,12.432,12.0903,11.9062,12.588,10.8198,10.7401,10.6855
11/28/2023,11.5112,11.8481,12.3533,12.4503,12.1024,11.9175,12.5985,10.8318,10.7481,10.6932
11/29/2023,11.5395,11.876,12.3797,12.4814,12.1377,11.9414,12.6273,10.8594,10.75,10.6951
11/30/2023,11.53,11.8726,12.3753,12.4836,12.1431,11.9353,12.6259,10.8649,10.752,10.6971
12/01/2023,11.5343,11.8808,12.3818,12.4946,12.1555,11.9405,12.6285,10.8915,10.7539,10.6991
12/04/2023,11.5872,11.9304,12.443,12.5556,12.2243,11.9884,12.6818,10.9655,10.7598,10.7049
12/05/2023,11.6066,11.9494,12.4656,12.5744,12.2442,12.0079,12.7041,11.0008,10.7617,10.7068
