12/14/2009,10
12/15/2009,10
12/16/2009,10
12/17/2009,10
12/18/2009,10
12/19/2009,10
12/20/2009,10
12/21/2009,10
12/22/2009,10
12/23/2009,10
12/24/2009,10
12/25/2009,10
12/26/2009,10
12/27/2009,10
12/28/2009,10
12/29/2009,10
12/30/2009,10
12/31/2009,10
01/01/2010,10
01/02/2010,10
01/03/2010,10
01/04/2010,10
01/05/2010,10
01/06/2010,10
01/07/2010,10.1526
01/08/2010,10.1634
01/09/2010,10.1646
01/10/2010,10.1659
01/11/2010,10.1686
01/12/2010,10.1656
01/13/2010,10.1663
01/14/2010,10.1707
01/15/2010,10.1693
01/16/2010,10.1694
01/17/2010,10.1696
01/18/2010,10.3762
01/19/2010,10.3668
01/20/2010,10.3517
01/21/2010,10.379
01/22/2010,10.3729
01/23/2010,10.3747
01/24/2010,10.3765
01/25/2010,10.3701
01/26/2010,10.3719
01/27/2010,10.3788
01/28/2010,10.382
01/29/2010,10.3602
01/30/2010,10.36
01/31/2010,10.3619
02/01/2010,10.3426
02/02/2010,10.3198
02/03/2010,10.3286
02/04/2010,10.3305
02/05/2010,10.3403
02/06/2010,10.342
02/07/2010,10.3436
02/08/2010,10.3367
02/09/2010,10.3329
02/10/2010,10.2818
02/11/2010,10.2642
02/12/2010,10.2658
02/13/2010,10.2675
02/14/2010,10.2691
02/15/2010,10.2589
02/16/2010,10.2595
02/17/2010,10.26
02/18/2010,10.2637
02/19/2010,10.2566
02/20/2010,10.2577
02/21/2010,10.2589
02/22/2010,10.2711
02/23/2010,10.2807
02/24/2010,10.2917
02/25/2010,10.2862
02/26/2010,10.2781
02/27/2010,10.2792
02/28/2010,10.2803
03/01/2010,10.2837
03/02/2010,10.2844
03/03/2010,10.2851
03/04/2010,10.2862
03/05/2010,10.322
03/06/2010,10.323
03/07/2010,10.3241
03/08/2010,10.3244
03/09/2010,10.3579
03/10/2010,10.3552
03/11/2010,10.35
03/12/2010,10.3596
03/13/2010,10.3615
03/14/2010,10.3635
03/15/2010,10.381
03/16/2010,10.3831
03/17/2010,10.416
03/18/2010,10.4454
03/19/2010,10.4689
03/20/2010,10.4709
03/21/2010,10.473
03/22/2010,10.4636
03/23/2010,10.4572
03/24/2010,10.4591
03/25/2010,10.4572
03/26/2010,10.4789
03/27/2010,10.4808
03/28/2010,10.4827
03/29/2010,10.5744
03/30/2010,10.5854
03/31/2010,10.5649
04/01/2010,10.5669
04/02/2010,10.569
04/03/2010,10.571
04/04/2010,10.5731
04/05/2010,10.5985
04/06/2010,10.5898
04/07/2010,10.6005
04/08/2010,10.571
04/09/2010,10.5218
04/10/2010,10.5234
04/11/2010,10.525
04/12/2010,10.5196
04/13/2010,10.5348
04/14/2010,10.5367
04/15/2010,10.543
04/16/2010,10.5387
04/17/2010,10.5406
04/18/2010,10.5425
04/19/2010,10.5309
04/20/2010,10.5883
04/21/2010,10.5762
04/22/2010,10.5911
04/23/2010,10.5533
04/24/2010,10.5552
04/25/2010,10.557
04/26/2010,10.5529
04/27/2010,10.5494
04/28/2010,10.5662
04/29/2010,10.5763
04/30/2010,10.619
05/01/2010,10.6211
05/02/2010,10.6233
05/03/2010,10.6241
05/04/2010,10.6604
05/05/2010,10.6621
05/06/2010,10.6801
05/07/2010,10.6755
05/08/2010,10.6777
05/09/2010,10.68
05/10/2010,10.6596
05/11/2010,10.6997
05/12/2010,10.7134
05/13/2010,10.7351
05/14/2010,10.8614
05/15/2010,10.8634
05/16/2010,10.8654
05/17/2010,10.8875
05/18/2010,10.8751
05/19/2010,10.9178
05/20/2010,10.9335
05/21/2010,10.9354
05/22/2010,10.9353
05/23/2010,10.9372
05/24/2010,10.9257
05/25/2010,10.938
05/26/2010,10.8979
05/27/2010,10.8997
05/28/2010,10.8887
05/29/2010,10.8904
05/30/2010,10.8903
05/31/2010,10.8831
06/01/2010,10.9104
06/02/2010,10.9179
06/03/2010,10.8841
06/04/2010,10.9055
06/05/2010,10.9071
06/06/2010,10.9087
06/07/2010,10.9286
06/08/2010,10.938
06/09/2010,10.9208
06/10/2010,10.907
06/11/2010,10.8875
06/12/2010,10.889
06/13/2010,10.8904
06/14/2010,10.8586
06/15/2010,10.8722
06/16/2010,10.8972
06/17/2010,10.8804
06/18/2010,11.0034
06/19/2010,11.0047
06/20/2010,11.006
06/21/2010,11.0271
06/22/2010,11.0263
06/23/2010,11.0127
06/24/2010,11.0317
06/25/2010,10.9936
06/26/2010,10.9955
06/27/2010,10.9975
06/28/2010,11.0266
06/29/2010,11.0446
06/30/2010,11.0584
07/01/2010,11.0711
07/02/2010,11.051
07/03/2010,11.0528
07/04/2010,11.0546
07/05/2010,11.0243
07/06/2010,11.0419
07/07/2010,11.0631
07/08/2010,11.0513
07/09/2010,11.0298
07/10/2010,11.0315
07/11/2010,11.0331
07/12/2010,11.0472
07/13/2010,11.0443
07/14/2010,11.041
07/15/2010,11.0399
07/16/2010,11.0411
07/17/2010,11.0426
07/18/2010,11.0442
07/19/2010,11.0532
07/20/2010,11.0371
07/21/2010,11.0796
07/22/2010,11.0886
07/23/2010,11.0885
07/24/2010,11.0907
07/25/2010,11.0929
07/26/2010,11.1032
07/27/2010,11.0707
07/28/2010,11.0546
07/29/2010,11.0731
07/30/2010,11.0559
07/31/2010,11.0581
08/01/2010,11.0603
08/02/2010,10.9913
08/03/2010,11.0237
08/04/2010,11.008
08/05/2010,10.9677
08/06/2010,11.0156
08/07/2010,11.0177
08/08/2010,11.0198
08/09/2010,11.0323
08/10/2010,11.019
08/11/2010,11.0403
08/12/2010,11.0313
08/13/2010,11.0402
08/14/2010,11.0422
08/15/2010,11.0442
08/16/2010,11.0412
08/17/2010,11.0104
08/18/2010,10.9802
08/19/2010,10.9822
08/20/2010,10.9632
08/21/2010,10.9652
08/22/2010,10.9671
08/23/2010,10.9537
08/24/2010,10.9593
08/25/2010,10.9422
08/26/2010,10.9699
08/27/2010,11.0085
08/28/2010,11.0109
08/29/2010,11.0133
08/30/2010,11.0042
08/31/2010,11.0441
09/01/2010,11.0465
09/02/2010,11.0172
09/03/2010,11.0196
09/04/2010,11.022
09/05/2010,11.0244
09/06/2010,11.0172
09/07/2010,11.0494
09/08/2010,11.0596
09/09/2010,11.0791
09/10/2010,11.0813
09/11/2010,11.0835
09/12/2010,11.0857
09/13/2010,11.0492
09/14/2010,11.0666
09/15/2010,11.0694
09/16/2010,11.0603
09/17/2010,11.0534
09/18/2010,11.055
09/19/2010,11.0565
09/20/2010,11.0607
09/21/2010,11.1144
09/22/2010,11.133
09/23/2010,11.1632
09/24/2010,11.1656
09/25/2010,11.1862
09/26/2010,11.1885
09/27/2010,11.2009
09/28/2010,11.2121
09/29/2010,11.2197
09/30/2010,11.2221
10/01/2010,11.1852
10/02/2010,11.1876
10/03/2010,11.19
10/04/2010,11.1684
10/05/2010,11.1697
10/06/2010,11.1858
10/07/2010,11.1747
10/08/2010,11.1505
10/09/2010,11.1529
10/10/2010,11.1553
10/11/2010,11.1466
10/12/2010,11.1401
10/13/2010,11.1459
10/14/2010,11.1441
10/15/2010,11.1139
10/16/2010,11.1164
10/17/2010,11.1188
10/18/2010,11.1044
10/19/2010,11.1176
10/20/2010,11.0776
10/21/2010,11.0928
10/22/2010,11.1052
10/23/2010,11.1074
10/24/2010,11.1096
10/25/2010,11.1059
10/26/2010,11.0961
10/27/2010,11.1274
10/28/2010,11.1292
10/29/2010,11.1447
10/30/2010,11.1449
10/31/2010,11.1474
11/01/2010,11.1504
11/02/2010,11.2274
11/03/2010,11.2582
11/04/2010,11.2674
11/05/2010,11.2441
11/06/2010,11.2465
11/07/2010,11.2489
11/08/2010,11.2455
11/09/2010,11.2356
11/10/2010,11.2143
11/11/2010,11.2081
11/12/2010,11.2091
11/13/2010,11.2117
11/14/2010,11.2141
11/15/2010,11.2233
11/16/2010,11.2223
11/17/2010,11.2249
11/18/2010,11.2527
11/19/2010,11.2516
11/20/2010,11.2543
11/21/2010,11.2567
11/22/2010,11.2632
11/23/2010,11.2816
11/24/2010,11.2694
11/25/2010,11.2847
11/26/2010,11.3074
11/27/2010,11.31
11/28/2010,11.3125
11/29/2010,11.2955
11/30/2010,11.2715
12/01/2010,11.2482
12/02/2010,11.2626
12/03/2010,11.1977
12/04/2010,11.2003
12/05/2010,11.2028
12/06/2010,11.1765
12/07/2010,11.2446
12/08/2010,11.2424
12/09/2010,11.243
12/10/2010,11.2745
12/11/2010,11.2772
12/12/2010,11.2797
12/13/2010,11.267
12/14/2010,11.2977
12/15/2010,11.3086
12/16/2010,11.3898
12/17/2010,11.3924
12/18/2010,11.395
12/19/2010,11.3975
12/20/2010,11.385
12/21/2010,11.4036
12/22/2010,11.4033
12/23/2010,11.4144
12/24/2010,11.4339
12/25/2010,11.4367
12/26/2010,11.4391
12/27/2010,11.4321
12/28/2010,11.4432
12/29/2010,11.4446
12/30/2010,11.435
12/31/2010,11.4428
01/01/2011,11.4455
01/02/2011,11.4478
01/03/2011,11.4622
01/04/2011,11.3596
01/05/2011,11.3711
01/06/2011,11.3315
01/07/2011,11.297
01/08/2011,11.2995
01/09/2011,11.3018
01/10/2011,11.2828
01/11/2011,11.2878
01/12/2011,11.3081
01/13/2011,11.3279
01/14/2011,11.3033
01/15/2011,11.3055
01/16/2011,11.3077
01/17/2011,11.2893
01/18/2011,11.3158
01/19/2011,11.3227
01/20/2011,11.3513
01/21/2011,11.337
01/22/2011,11.3391
01/23/2011,11.3413
01/24/2011,11.3349
01/25/2011,11.358
01/26/2011,11.3606
01/27/2011,11.3706
01/28/2011,11.3772
01/29/2011,11.3798
01/30/2011,11.3798
01/31/2011,11.3765
02/01/2011,11.3711
02/02/2011,11.3773
02/03/2011,11.3718
02/04/2011,11.3506
02/05/2011,11.3532
02/06/2011,11.3556
02/07/2011,11.3515
02/08/2011,11.3692
02/09/2011,11.386
02/10/2011,11.4044
02/11/2011,11.404
02/12/2011,11.4066
02/13/2011,11.4089
02/14/2011,11.4252
02/15/2011,11.4301
02/16/2011,11.4327
02/17/2011,11.4478
02/18/2011,11.4412
02/19/2011,11.4438
02/20/2011,11.446
02/21/2011,11.468
02/22/2011,11.4789
02/23/2011,11.481
02/24/2011,11.4715
02/25/2011,11.468
02/26/2011,11.4702
02/27/2011,11.4723
02/28/2011,11.521
03/01/2011,11.5376
03/02/2011,11.5402
03/03/2011,11.5903
03/04/2011,11.6748
03/05/2011,11.6764
03/06/2011,11.678
03/07/2011,11.6732
03/08/2011,11.7149
03/09/2011,11.7194
03/10/2011,11.7347
03/11/2011,11.7481
03/12/2011,11.7507
03/13/2011,11.7534
03/14/2011,11.7624
03/15/2011,11.7702
03/16/2011,11.7729
03/17/2011,11.7668
03/18/2011,11.7625
03/19/2011,11.7651
03/20/2011,11.7678
03/21/2011,11.7555
03/22/2011,11.7639
03/23/2011,11.7822
03/24/2011,11.7909
03/25/2011,11.8052
03/26/2011,11.8078
03/27/2011,11.8104
03/28/2011,11.8211
03/29/2011,11.8236
03/30/2011,11.8096
03/31/2011,11.8141
04/01/2011,11.8005
04/02/2011,11.8032
04/03/2011,11.8058
04/04/2011,11.8085
04/05/2011,11.8187
04/06/2011,11.817
04/07/2011,11.8179
04/08/2011,11.778
04/09/2011,11.7806
04/10/2011,11.7832
04/11/2011,11.7598
04/12/2011,11.7625
04/13/2011,11.7477
04/14/2011,11.7504
04/15/2011,11.7437
04/16/2011,11.7465
04/17/2011,11.7491
04/18/2011,11.7384
04/19/2011,11.7391
04/20/2011,11.7281
04/21/2011,11.729
04/22/2011,11.7315
04/23/2011,11.734
04/24/2011,11.7366
04/25/2011,11.7218
04/26/2011,11.7358
04/27/2011,11.7443
04/28/2011,11.7409
04/29/2011,11.7317
04/30/2011,11.7343
05/01/2011,11.737
05/02/2011,11.734
05/03/2011,11.67
05/04/2011,11.6394
05/05/2011,11.6408
05/06/2011,11.6645
05/07/2011,11.6671
05/08/2011,11.6697
05/09/2011,11.6483
05/10/2011,11.6282
05/11/2011,11.619
05/12/2011,11.6461
05/13/2011,11.6294
05/14/2011,11.6321
05/15/2011,11.6347
05/16/2011,11.6424
05/17/2011,11.6451
05/18/2011,11.6369
05/19/2011,11.6339
05/20/2011,11.6277
05/21/2011,11.6303
05/22/2011,11.6329
05/23/2011,11.6426
05/24/2011,11.6374
05/25/2011,11.6391
05/26/2011,11.6305
05/27/2011,11.611
05/28/2011,11.6136
05/29/2011,11.6162
05/30/2011,11.6291
05/31/2011,11.65
06/01/2011,11.682
06/02/2011,11.7019
06/03/2011,11.7217
06/04/2011,11.7242
06/05/2011,11.7266
06/06/2011,11.7386
06/07/2011,11.7379
06/08/2011,11.749
06/09/2011,11.7443
06/10/2011,11.7591
06/11/2011,11.7615
06/12/2011,11.764
06/13/2011,11.7656
06/14/2011,11.7316
06/15/2011,11.7018
06/16/2011,11.7462
06/17/2011,11.766
06/18/2011,11.7687
06/19/2011,11.7713
06/20/2011,11.8151
06/21/2011,11.809
06/22/2011,11.802
06/23/2011,11.8101
06/24/2011,11.8148
06/25/2011,11.8175
06/26/2011,11.8201
06/27/2011,11.832
06/28/2011,11.8205
06/29/2011,11.8165
06/30/2011,11.8124
07/01/2011,11.7692
07/02/2011,11.7719
07/03/2011,11.7743
07/04/2011,11.7766
07/05/2011,11.7831
07/06/2011,11.782
07/07/2011,11.7752
07/08/2011,11.7891
07/09/2011,11.7917
07/10/2011,11.7944
07/11/2011,11.8141
07/12/2011,11.8443
07/13/2011,11.8355
07/14/2011,11.8664
07/15/2011,11.8743
07/16/2011,11.877
07/17/2011,11.8796
07/18/2011,11.8913
07/19/2011,11.8978
07/20/2011,11.8894
07/21/2011,11.8994
07/22/2011,11.8721
07/23/2011,11.8748
07/24/2011,11.8775
07/25/2011,11.8816
07/26/2011,11.8068
07/27/2011,11.7974
07/28/2011,11.7974
07/29/2011,11.7945
07/30/2011,11.7946
07/31/2011,11.7972
08/01/2011,11.8002
08/02/2011,11.8091
08/03/2011,11.8187
08/04/2011,11.8264
08/05/2011,11.8826
08/06/2011,11.8853
08/07/2011,11.888
08/08/2011,11.9388
08/09/2011,11.9767
08/10/2011,11.9903
08/11/2011,11.9925
08/12/2011,11.966
08/13/2011,11.9688
08/14/2011,11.9715
08/15/2011,11.9742
08/16/2011,11.9814
08/17/2011,11.9789
08/18/2011,11.9945
08/19/2011,11.9973
08/20/2011,12
08/21/2011,12.0027
08/22/2011,11.9989
08/23/2011,12.0051
08/24/2011,12.0236
08/25/2011,12.0137
08/26/2011,11.9964
08/27/2011,11.9992
08/28/2011,12.0018
08/29/2011,11.997
08/30/2011,11.9902
08/31/2011,11.993
09/01/2011,11.9957
09/02/2011,11.9607
09/03/2011,11.9634
09/04/2011,11.9662
09/05/2011,11.9982
09/06/2011,11.9875
09/07/2011,11.9923
09/08/2011,12.007
09/09/2011,12.0047
09/10/2011,12.0074
09/11/2011,12.0101
09/12/2011,12.0227
09/13/2011,12.0134
09/14/2011,12.0022
09/15/2011,12.0096
09/16/2011,12.0104
09/17/2011,12.0132
09/18/2011,12.0159
09/19/2011,12.0282
09/20/2011,12.0312
09/21/2011,12.0383
09/22/2011,12.0561
09/23/2011,12.0664
09/24/2011,12.0692
09/25/2011,12.0719
09/26/2011,12.0818
09/27/2011,12.0802
09/28/2011,12.0752
09/29/2011,11.9829
09/30/2011,11.9857
10/01/2011,11.9885
10/02/2011,11.9912
10/03/2011,11.9477
10/04/2011,11.929
10/05/2011,11.8985
10/06/2011,11.9013
10/07/2011,11.7856
10/08/2011,11.7884
10/09/2011,11.7911
10/10/2011,11.7588
10/11/2011,11.7932
10/12/2011,11.7905
10/13/2011,11.784
10/14/2011,11.7633
10/15/2011,11.7661
10/16/2011,11.7687
10/17/2011,11.7716
10/18/2011,11.7865
10/19/2011,11.795
10/20/2011,11.7931
10/21/2011,11.7839
10/22/2011,11.7867
10/23/2011,11.7894
10/24/2011,11.7831
10/25/2011,11.8421
10/26/2011,11.8451
10/27/2011,11.8477
10/28/2011,11.78
10/29/2011,11.7827
10/30/2011,11.7827
10/31/2011,11.7748
11/01/2011,11.7693
11/02/2011,11.7925
11/03/2011,11.7889
11/04/2011,11.7653
11/05/2011,11.768
11/06/2011,11.7708
11/07/2011,11.7736
11/08/2011,11.7221
11/09/2011,11.664
11/10/2011,11.6668
11/11/2011,11.6128
11/12/2011,11.6156
11/13/2011,11.6183
11/14/2011,11.6197
11/15/2011,11.6614
11/16/2011,11.6644
11/17/2011,11.7395
11/18/2011,11.7305
11/19/2011,11.7334
11/20/2011,11.7362
11/21/2011,11.7526
11/22/2011,11.7347
11/23/2011,11.747
11/24/2011,11.7597
11/25/2011,11.7083
11/26/2011,11.7111
11/27/2011,11.7139
11/28/2011,11.7205
11/29/2011,11.7225
11/30/2011,11.811
12/01/2011,11.8707
12/02/2011,11.9295
12/03/2011,11.9322
12/04/2011,11.935
12/05/2011,11.9985
12/06/2011,12.0013
12/07/2011,12.043
12/08/2011,12.0843
12/09/2011,12.098
12/10/2011,12.1007
12/11/2011,12.1035
12/12/2011,12.1493
12/13/2011,12.1832
12/14/2011,12.1388
12/15/2011,12.1403
12/16/2011,12.2273
12/17/2011,12.23
12/18/2011,12.2328
12/19/2011,12.2763
12/20/2011,12.3112
12/21/2011,12.3037
12/22/2011,12.3028
12/23/2011,12.2609
12/24/2011,12.2637
12/25/2011,12.2664
12/26/2011,12.2549
12/27/2011,12.2007
12/28/2011,12.2142
12/29/2011,12.1888
12/30/2011,12.1396
12/31/2011,12.1424
01/01/2012,12.145
01/02/2012,12.2455
01/03/2012,12.3225
01/04/2012,12.3247
01/05/2012,12.3565
01/06/2012,12.4254
01/07/2012,12.4282
01/08/2012,12.4309
01/09/2012,12.4671
01/10/2012,12.4628
01/11/2012,12.4514
01/12/2012,12.4458
01/13/2012,12.4777
01/14/2012,12.4806
01/15/2012,12.4833
01/16/2012,12.4785
01/17/2012,12.4833
01/18/2012,12.5005
01/19/2012,12.5076
01/20/2012,12.5229
01/21/2012,12.5257
01/22/2012,12.5285
01/23/2012,12.5254
01/24/2012,12.4498
01/25/2012,12.4388
01/26/2012,12.4417
01/27/2012,12.4205
01/28/2012,12.4233
01/29/2012,12.4262
01/30/2012,12.4521
01/31/2012,12.4621
02/01/2012,12.5451
02/02/2012,12.5616
02/03/2012,12.5424
02/04/2012,12.5452
02/05/2012,12.548
02/06/2012,12.5372
02/07/2012,12.5442
02/08/2012,12.5258
02/09/2012,12.5174
02/10/2012,12.5427
02/11/2012,12.5456
02/12/2012,12.5484
02/13/2012,12.5387
02/14/2012,12.5496
02/15/2012,12.559
02/16/2012,12.5618
02/17/2012,12.5617
02/18/2012,12.5646
02/19/2012,12.5675
02/20/2012,12.5704
02/21/2012,12.5623
02/22/2012,12.5499
02/23/2012,12.5599
02/24/2012,12.5629
02/25/2012,12.556
02/26/2012,12.5588
02/27/2012,12.5619
02/28/2012,12.5719
02/29/2012,12.5741
03/01/2012,12.5684
03/02/2012,12.5757
03/03/2012,12.5785
03/04/2012,12.5814
03/05/2012,12.5765
03/06/2012,12.5772
03/07/2012,12.5766
03/08/2012,12.5794
03/09/2012,12.5618
03/10/2012,12.5647
03/11/2012,12.5676
03/12/2012,12.5832
03/13/2012,12.5736
03/14/2012,12.5898
03/15/2012,12.5602
03/16/2012,12.5259
03/17/2012,12.5288
03/18/2012,12.5316
03/19/2012,12.5378
03/20/2012,12.5585
03/21/2012,12.5656
03/22/2012,12.5744
03/23/2012,12.5772
03/24/2012,12.5801
03/25/2012,12.583
03/26/2012,12.5594
03/27/2012,12.5221
03/28/2012,12.4677
03/29/2012,12.457
03/30/2012,12.4419
03/31/2012,12.4448
04/01/2012,12.4477
04/02/2012,12.4506
04/03/2012,12.282
04/04/2012,12.2843
04/05/2012,12.2872
04/06/2012,12.2901
04/07/2012,12.293
04/08/2012,12.2959
04/09/2012,12.3785
04/10/2012,12.4127
04/11/2012,12.4434
04/12/2012,12.5131
04/13/2012,12.5014
04/14/2012,12.5042
04/15/2012,12.5071
04/16/2012,12.516
04/17/2012,12.5916
04/18/2012,12.6004
04/19/2012,12.5769
04/20/2012,12.508
04/21/2012,12.5109
04/22/2012,12.5137
04/23/2012,12.5111
04/24/2012,12.5163
04/25/2012,12.487
04/26/2012,12.4843
04/27/2012,12.4613
04/28/2012,12.4642
04/29/2012,12.4671
04/30/2012,12.4589
05/01/2012,12.4618
05/02/2012,12.4592
05/03/2012,12.464
05/04/2012,12.4438
05/05/2012,12.4467
05/06/2012,12.4496
05/07/2012,12.4574
05/08/2012,12.5199
05/09/2012,12.5029
05/10/2012,12.464
05/11/2012,12.4607
05/12/2012,12.4636
05/13/2012,12.4665
05/14/2012,12.4833
05/15/2012,12.5064
05/16/2012,12.5153
05/17/2012,12.5282
05/18/2012,12.5303
05/19/2012,12.5332
05/20/2012,12.5361
05/21/2012,12.5337
05/22/2012,12.5495
05/23/2012,12.5595
05/24/2012,12.5683
05/25/2012,12.5595
05/26/2012,12.5624
05/27/2012,12.5653
05/28/2012,12.5806
05/29/2012,12.5835
05/30/2012,12.6171
05/31/2012,12.725
06/01/2012,12.7384
06/02/2012,12.7414
06/03/2012,12.7443
06/04/2012,12.786
06/05/2012,12.84
06/06/2012,12.8485
06/07/2012,12.8668
06/08/2012,12.8519
06/09/2012,12.8548
06/10/2012,12.8577
06/11/2012,12.8656
06/12/2012,12.9163
06/13/2012,12.934
06/14/2012,12.9044
06/15/2012,12.8871
06/16/2012,12.89
06/17/2012,12.8929
06/18/2012,12.816
06/19/2012,12.824
06/20/2012,12.8276
06/21/2012,12.8874
06/22/2012,12.909
06/23/2012,12.9119
06/24/2012,12.9148
06/25/2012,12.9175
06/26/2012,12.92
06/27/2012,12.911
06/28/2012,12.9073
06/29/2012,12.8998
06/30/2012,12.9027
07/01/2012,12.9056
07/02/2012,12.8916
07/03/2012,12.9144
07/04/2012,12.9401
07/05/2012,12.9305
07/06/2012,12.9501
07/07/2012,12.953
07/08/2012,12.9559
07/09/2012,12.9782
07/10/2012,12.9753
07/11/2012,12.9887
07/12/2012,13.0055
07/13/2012,13.0094
07/14/2012,13.0123
07/15/2012,13.0153
07/16/2012,13.0549
07/17/2012,13.0511
07/18/2012,13.0662
07/19/2012,13.0693
07/20/2012,13.0775
07/21/2012,13.0805
07/22/2012,13.0835
07/23/2012,13.1113
07/24/2012,13.1011
07/25/2012,13.0829
07/26/2012,13.0898
07/27/2012,13.0923
07/28/2012,13.0952
07/29/2012,13.0981
07/30/2012,13.0819
07/31/2012,12.9929
08/01/2012,13.0012
08/02/2012,13.0106
08/03/2012,13.0046
08/04/2012,13.0076
08/05/2012,13.0105
08/06/2012,13.0186
08/07/2012,13.0571
08/08/2012,13.0697
08/09/2012,13.0663
08/10/2012,13.0598
08/11/2012,13.0628
08/12/2012,13.0657
08/13/2012,13.0509
08/14/2012,13.0563
08/15/2012,13.0593
08/16/2012,13.0456
08/17/2012,13.0579
08/18/2012,13.0609
08/19/2012,13.0638
08/20/2012,13.0668
08/21/2012,13.0634
08/22/2012,13.0757
08/23/2012,13.075
08/24/2012,13.0872
08/25/2012,13.0901
08/26/2012,13.093
08/27/2012,13.1106
08/28/2012,13.1158
08/29/2012,13.1165
08/30/2012,13.1136
08/31/2012,13.0982
09/01/2012,13.1011
09/02/2012,13.104
09/03/2012,13.1185
09/04/2012,13.1214
09/05/2012,13.1387
09/06/2012,13.1539
09/07/2012,13.1408
09/08/2012,13.1439
09/09/2012,13.1468
09/10/2012,13.1577
09/11/2012,13.1688
09/12/2012,13.158
09/13/2012,13.1749
09/14/2012,13.178
09/15/2012,13.181
09/16/2012,13.1839
09/17/2012,13.1913
09/18/2012,13.1981
09/19/2012,13.2011
09/20/2012,13.2131
09/21/2012,13.2135
09/22/2012,13.2165
09/23/2012,13.2194
09/24/2012,13.23
09/25/2012,13.2182
09/26/2012,13.2133
09/27/2012,13.2242
09/28/2012,13.2974
09/29/2012,13.3004
09/30/2012,13.3035
10/01/2012,13.321
10/02/2012,13.324
10/03/2012,13.3464
10/04/2012,13.3639
10/05/2012,13.354
10/06/2012,13.3571
10/07/2012,13.3601
10/08/2012,13.3733
10/09/2012,13.3808
10/10/2012,13.3767
10/11/2012,13.3746
10/12/2012,13.3842
10/13/2012,13.3872
10/14/2012,13.3902
10/15/2012,13.3984
10/16/2012,13.4214
10/17/2012,13.443
10/18/2012,13.4681
10/19/2012,13.4798
10/20/2012,13.4828
10/21/2012,13.4858
10/22/2012,13.48
10/23/2012,13.4767
10/24/2012,13.4797
10/25/2012,13.49
10/26/2012,13.493
10/27/2012,13.4961
10/28/2012,13.4991
10/29/2012,13.4922
10/30/2012,13.4617
10/31/2012,13.4311
11/01/2012,13.4404
11/02/2012,13.4395
11/03/2012,13.4426
11/04/2012,13.4456
11/05/2012,13.4516
11/06/2012,13.4711
11/07/2012,13.4733
11/08/2012,13.4805
11/09/2012,13.4694
11/10/2012,13.4724
11/11/2012,13.4754
11/12/2012,13.4803
11/13/2012,13.4834
11/14/2012,13.4864
11/15/2012,13.4948
11/16/2012,13.4995
11/17/2012,13.5026
11/18/2012,13.5056
11/19/2012,13.5179
11/20/2012,13.5168
11/21/2012,13.5136
11/22/2012,13.4986
11/23/2012,13.4747
11/24/2012,13.4778
11/25/2012,13.4808
11/26/2012,13.4817
11/27/2012,13.4944
11/28/2012,13.4975
11/29/2012,13.4962
11/30/2012,13.5312
12/01/2012,13.5343
12/02/2012,13.5373
12/03/2012,13.5432
12/04/2012,13.5525
12/05/2012,13.5689
12/06/2012,13.5763
12/07/2012,13.5961
12/08/2012,13.5991
12/09/2012,13.6021
12/10/2012,13.605
12/11/2012,13.6048
12/12/2012,13.6057
12/13/2012,13.6233
12/14/2012,13.6381
12/15/2012,13.6412
12/16/2012,13.6442
12/17/2012,13.6475
12/18/2012,13.6432
12/19/2012,13.643
12/20/2012,13.6457
12/21/2012,13.6531
12/22/2012,13.6561
12/23/2012,13.6591
12/24/2012,13.6665
12/25/2012,13.6695
12/26/2012,13.6858
12/27/2012,13.7029
12/28/2012,13.7252
12/29/2012,13.7282
12/30/2012,13.7282
12/31/2012,13.7693
01/01/2013,13.8583
01/02/2013,13.8719
01/03/2013,13.9142
01/04/2013,13.941
01/05/2013,13.9441
01/06/2013,13.9473
01/07/2013,13.9955
01/08/2013,14.001
01/09/2013,14.0136
01/10/2013,14.0497
01/11/2013,14.0805
01/12/2013,14.0836
01/13/2013,14.0867
01/14/2013,14.1678
01/15/2013,14.1586
01/16/2013,14.0937
01/17/2013,14.1124
01/18/2013,14.1081
01/19/2013,14.1112
01/20/2013,14.1143
01/21/2013,14.1039
01/22/2013,14.0992
01/23/2013,14.0795
01/24/2013,14.0736
01/25/2013,14.0767
01/26/2013,14.0798
01/27/2013,14.0829
01/28/2013,14.1011
01/29/2013,14.1146
01/30/2013,14.0813
01/31/2013,14.0655
02/01/2013,14.0704
02/02/2013,14.0734
02/03/2013,14.0765
02/04/2013,14.0571
02/05/2013,14.0555
02/06/2013,14.0693
02/07/2013,14.1112
02/08/2013,14.145
02/09/2013,14.1481
02/10/2013,14.1512
02/11/2013,14.1428
02/12/2013,14.131
02/13/2013,14.1568
02/14/2013,14.1755
02/15/2013,14.1783
02/16/2013,14.1813
02/17/2013,14.1844
02/18/2013,14.1856
02/19/2013,14.1887
02/20/2013,14.2095
02/21/2013,14.2022
02/22/2013,14.2153
02/23/2013,14.2185
02/24/2013,14.2216
02/25/2013,14.2247
02/26/2013,14.2076
02/27/2013,14.2118
02/28/2013,14.1541
03/01/2013,14.1206
03/02/2013,14.1237
03/03/2013,14.1268
03/04/2013,14.1427
03/05/2013,14.1578
03/06/2013,14.1732
03/07/2013,14.1798
03/08/2013,14.192
03/09/2013,14.1951
03/10/2013,14.1982
03/11/2013,14.1956
03/12/2013,14.1719
03/13/2013,14.1657
03/14/2013,14.1916
03/15/2013,14.1895
03/16/2013,14.1927
03/17/2013,14.1958
03/18/2013,14.174
03/19/2013,14.1523
03/20/2013,14.1233
03/21/2013,14.124
03/22/2013,14.0979
03/23/2013,14.101
03/24/2013,14.104
03/25/2013,14.1094
03/26/2013,14.0986
03/27/2013,14.1017
03/28/2013,14.1147
03/29/2013,14.1177
03/30/2013,14.1176
03/31/2013,14.1207
04/01/2013,14.1236
04/02/2013,14.1097
04/03/2013,14.1419
04/04/2013,14.1499
04/05/2013,14.1683
04/06/2013,14.1713
04/07/2013,14.1743
04/08/2013,14.2031
04/09/2013,14.241
04/10/2013,14.2456
04/11/2013,14.2486
04/12/2013,14.2768
04/13/2013,14.2797
04/14/2013,14.2827
04/15/2013,14.3433
04/16/2013,14.375
04/17/2013,14.4133
04/18/2013,14.4712
04/19/2013,14.4742
04/20/2013,14.4772
04/21/2013,14.4802
04/22/2013,14.5202
04/23/2013,14.544
04/24/2013,14.547
04/25/2013,14.5232
04/26/2013,14.5423
04/27/2013,14.5454
04/28/2013,14.5484
04/29/2013,14.5385
04/30/2013,14.5618
05/01/2013,14.5648
05/02/2013,14.5864
05/03/2013,14.5716
05/04/2013,14.5747
05/05/2013,14.5777
05/06/2013,14.5861
05/07/2013,14.6119
05/08/2013,14.678
05/09/2013,14.8147
05/10/2013,14.8705
05/11/2013,14.8735
05/12/2013,14.8766
05/13/2013,14.884
05/14/2013,15.0028
05/15/2013,15.0781
05/16/2013,15.1639
05/17/2013,15.2045
05/18/2013,15.2076
05/19/2013,15.2106
05/20/2013,15.2289
05/21/2013,15.2525
05/22/2013,15.2476
05/23/2013,15.2494
05/24/2013,15.292
05/25/2013,15.2951
05/26/2013,15.2981
05/27/2013,15.3043
05/28/2013,15.3056
05/29/2013,15.2635
05/30/2013,15.2573
05/31/2013,15.21
06/01/2013,15.213
06/02/2013,15.2161
06/03/2013,15.2071
06/04/2013,15.2676
06/05/2013,15.2518
06/06/2013,15.254
06/07/2013,15.229
06/08/2013,15.2321
06/09/2013,15.2351
06/10/2013,15.1766
06/11/2013,15.1013
06/12/2013,15.0973
06/13/2013,15.0653
06/14/2013,15.0815
06/15/2013,15.0845
06/16/2013,15.0875
06/17/2013,15.1728
06/18/2013,15.1547
06/19/2013,15.153
06/20/2013,14.9813
06/21/2013,14.9816
06/22/2013,14.9847
06/23/2013,14.9878
06/24/2013,14.9002
06/25/2013,14.8811
06/26/2013,14.7925
06/27/2013,14.7827
06/28/2013,14.882
06/29/2013,14.8851
06/30/2013,14.8882
07/01/2013,14.8722
07/02/2013,14.844
07/03/2013,14.7879
07/04/2013,14.8848
07/05/2013,14.8357
07/06/2013,14.8388
07/07/2013,14.8419
07/08/2013,14.7644
07/09/2013,14.7954
07/10/2013,14.8106
07/11/2013,14.8679
07/12/2013,14.7941
07/13/2013,14.7972
07/14/2013,14.8003
07/15/2013,14.7758
07/16/2013,14.1689
07/17/2013,14.1535
07/18/2013,14.2252
07/19/2013,14.1867
07/20/2013,14.1898
07/21/2013,14.1929
07/22/2013,14.0704
07/23/2013,14.0216
07/24/2013,13.8527
07/25/2013,13.9671
07/26/2013,14.0139
07/27/2013,14.017
07/28/2013,14.0201
07/29/2013,14.0076
07/30/2013,13.8813
07/31/2013,13.8402
08/01/2013,13.9483
08/02/2013,13.7968
08/03/2013,13.7999
08/04/2013,13.803
08/05/2013,13.9027
08/06/2013,13.8203
08/07/2013,13.8595
08/08/2013,13.869
08/09/2013,13.872
08/10/2013,13.8751
08/11/2013,13.8782
08/12/2013,13.7255
08/13/2013,13.6053
08/14/2013,13.507
08/15/2013,13.5101
08/16/2013,13.2451
08/17/2013,13.2482
08/18/2013,13.2513
08/19/2013,12.9903
08/20/2013,13.1945
08/21/2013,13.6932
08/22/2013,13.7857
08/23/2013,13.7267
08/24/2013,13.7299
08/25/2013,13.733
08/26/2013,13.7214
08/27/2013,13.4558
08/28/2013,13.2667
08/29/2013,13.3682
08/30/2013,13.3535
08/31/2013,13.3566
09/01/2013,13.3597
09/02/2013,13.5079
09/03/2013,13.498
09/04/2013,13.6131
09/05/2013,13.6609
09/06/2013,13.5774
09/07/2013,13.5806
09/08/2013,13.5837
09/09/2013,13.5868
09/10/2013,13.6486
09/11/2013,13.6569
09/12/2013,13.6041
09/13/2013,13.6099
09/14/2013,13.6131
09/15/2013,13.6162
09/16/2013,13.6442
09/17/2013,13.6901
09/18/2013,13.746
09/19/2013,14.0182
09/20/2013,13.6736
09/21/2013,13.6768
09/22/2013,13.68
09/23/2013,13.3873
09/24/2013,13.363
09/25/2013,13.3674
09/26/2013,13.4252
09/27/2013,13.4269
09/28/2013,13.4302
09/29/2013,13.4334
09/30/2013,13.4127
10/01/2013,13.4515
10/02/2013,13.4546
10/03/2013,13.5311
10/04/2013,13.5734
10/05/2013,13.5766
10/06/2013,13.5797
10/07/2013,13.5696
10/08/2013,13.7862
10/09/2013,13.8369
10/10/2013,13.8534
10/11/2013,13.8139
10/12/2013,13.817
10/13/2013,13.8202
10/14/2013,13.7387
10/15/2013,13.6469
10/16/2013,13.6501
10/17/2013,13.7314
10/18/2013,13.7761
10/19/2013,13.7792
10/20/2013,13.7824
10/21/2013,13.7375
10/22/2013,13.7331
10/23/2013,13.7186
10/24/2013,13.7442
10/25/2013,13.7451
10/26/2013,13.7483
10/27/2013,13.7514
10/28/2013,13.7087
10/29/2013,13.7747
10/30/2013,13.8003
10/31/2013,13.7774
11/01/2013,13.7516
11/02/2013,13.7548
11/03/2013,13.7579
11/04/2013,13.761
11/05/2013,13.7436
11/06/2013,13.6986
11/07/2013,13.6536
11/08/2013,13.5392
11/09/2013,13.5424
11/10/2013,13.5456
11/11/2013,13.5558
11/12/2013,13.4857
11/13/2013,13.6053
11/14/2013,13.5643
11/15/2013,13.5675
11/16/2013,13.5706
11/17/2013,13.5737
11/18/2013,13.6438
11/19/2013,13.7261
11/20/2013,13.7046
11/21/2013,13.6731
11/22/2013,13.6552
11/23/2013,13.6583
11/24/2013,13.6615
11/25/2013,13.666
11/26/2013,13.698
11/27/2013,13.7424
11/28/2013,13.7475
11/29/2013,13.725
11/30/2013,13.7282
12/01/2013,13.7313
12/02/2013,13.7441
12/03/2013,13.7265
12/04/2013,13.7202
12/05/2013,13.7336
12/06/2013,13.6548
12/07/2013,13.658
12/08/2013,13.6612
12/09/2013,13.5982
12/10/2013,13.6205
12/11/2013,13.6155
12/12/2013,13.6097
12/13/2013,13.5534
12/14/2013,13.5566
12/15/2013,13.5598
12/16/2013,13.586
12/17/2013,13.5582
12/18/2013,13.6696
12/19/2013,13.7367
12/20/2013,13.718
12/21/2013,13.7212
12/22/2013,13.7244
12/23/2013,13.7064
12/24/2013,13.6853
12/25/2013,13.6885
12/26/2013,13.6818
12/27/2013,13.6522
12/28/2013,13.6555
12/29/2013,13.6587
12/30/2013,13.7064
12/31/2013,13.7489
01/01/2014,13.7438
01/02/2014,13.7486
01/03/2014,13.7543
01/04/2014,13.7575
01/05/2014,13.7608
01/06/2014,13.8128
01/07/2014,13.8154
01/08/2014,13.8161
01/09/2014,13.8479
01/10/2014,13.8853
01/11/2014,13.8886
01/12/2014,13.8918
01/13/2014,13.9564
01/14/2014,13.9597
01/15/2014,14.0573
01/16/2014,14.1048
01/17/2014,14.0867
01/18/2014,14.09
01/19/2014,14.0932
01/20/2014,14.1732
01/21/2014,14.1498
01/22/2014,14.1153
01/23/2014,14.0977
01/24/2014,14.0158
01/25/2014,14.0191
01/26/2014,14.0223
01/27/2014,13.9813
01/28/2014,13.9656
01/29/2014,13.9286
01/30/2014,13.8678
01/31/2014,13.8689
02/01/2014,13.8721
02/02/2014,13.8753
02/03/2014,13.9064
02/04/2014,13.982
02/05/2014,13.9728
02/06/2014,13.976
02/07/2014,13.9681
02/08/2014,13.9714
02/09/2014,13.9746
02/10/2014,14.0048
02/11/2014,13.9486
02/12/2014,13.8785
02/13/2014,13.8471
02/14/2014,13.8772
02/15/2014,13.8805
02/16/2014,13.8837
02/17/2014,13.8928
02/18/2014,13.9081
02/19/2014,13.9114
02/20/2014,13.9115
02/21/2014,13.9254
02/22/2014,13.9286
02/23/2014,13.9319
02/24/2014,13.8683
02/25/2014,13.8619
02/26/2014,13.8533
02/27/2014,13.8566
02/28/2014,13.9085
03/01/2014,13.9186
03/02/2014,13.9219
03/03/2014,13.9009
03/04/2014,13.9322
03/05/2014,13.9438
03/06/2014,13.9774
03/07/2014,13.9771
03/08/2014,13.9804
03/09/2014,13.9836
03/10/2014,14.0026
03/11/2014,14.0581
03/12/2014,14.0584
03/13/2014,14.0592
03/14/2014,14.048
03/15/2014,14.0513
03/16/2014,14.0546
03/17/2014,14.0579
03/18/2014,14.0755
03/19/2014,14.0938
03/20/2014,14.0974
03/21/2014,14.1205
03/22/2014,14.1238
03/23/2014,14.1271
03/24/2014,14.1474
03/25/2014,14.1479
03/26/2014,14.1557
03/27/2014,14.157
03/28/2014,14.1691
03/29/2014,14.1724
03/30/2014,14.1723
03/31/2014,14.1783
04/01/2014,14.1815
04/02/2014,14.0445
04/03/2014,13.9911
04/04/2014,13.9208
04/05/2014,13.9241
04/06/2014,13.9274
04/07/2014,13.9238
04/08/2014,13.9271
04/09/2014,13.9591
04/10/2014,13.9839
04/11/2014,14.0325
04/12/2014,14.0358
04/13/2014,14.0391
04/14/2014,14.0423
04/15/2014,14.0633
04/16/2014,14.0746
04/17/2014,14.1653
04/18/2014,14.1686
04/19/2014,14.1719
04/20/2014,14.1752
04/21/2014,14.2232
04/22/2014,14.2667
04/23/2014,14.261
04/24/2014,14.2643
04/25/2014,14.2479
04/26/2014,14.2512
04/27/2014,14.2545
04/28/2014,14.2648
04/30/2014,14.302
05/01/2014,14.3053
05/02/2014,14.3313
05/03/2014,14.3346
05/04/2014,14.3379
05/05/2014,14.4019
05/06/2014,14.3865
05/07/2014,14.3752
05/08/2014,14.3934
05/09/2014,14.4142
05/10/2014,14.4175
05/11/2014,14.4208
05/12/2014,14.437
05/13/2014,14.4104
05/14/2014,14.4137
05/15/2014,14.4249
05/16/2014,14.4181
05/17/2014,14.4215
05/18/2014,14.4248
05/19/2014,14.4373
05/20/2014,14.4588
05/22/2014,14.5546
05/23/2014,14.6289
05/24/2014,14.6322
05/25/2014,14.6356
05/26/2014,14.603
05/27/2014,14.6329
05/30/2014,14.7394
05/31/2014,14.7427
06/01/2014,14.746
06/02/2014,14.7616
06/03/2014,14.8321
06/05/2014,14.962
06/06/2014,15.0261
06/07/2014,15.0294
06/08/2014,15.0327
06/09/2014,15.0073
06/10/2014,14.9997
06/11/2014,15.0111
06/12/2014,14.9997
06/13/2014,14.9572
06/14/2014,14.9605
06/15/2014,14.9639
06/16/2014,14.9432
06/17/2014,14.9741
06/18/2014,14.9257
06/20/2014,14.8564
06/21/2014,14.8598
06/22/2014,14.8631
06/23/2014,14.8193
06/25/2014,14.8731
06/26/2014,14.8562
06/28/2014,14.8393
06/29/2014,14.8426
07/03/2014,14.9391
07/05/2014,14.9556
07/06/2014,14.959
07/12/2014,14.8851
07/13/2014,14.8885
07/19/2014,14.9402
07/20/2014,14.9436
07/26/2014,15.0275
07/27/2014,15.0309
07/29/2014,15.0057
08/02/2014,14.9759
08/03/2014,14.9793
08/09/2014,14.8319
08/10/2014,14.8354
08/14/2014,14.9636
08/15/2014,14.9671
08/16/2014,14.9706
08/17/2014,14.974
08/18/2014,14.9775
08/23/2014,15.0578
08/24/2014,15.0613
08/29/2014,15.0432
08/30/2014,15.0432
08/31/2014,15.0467
09/06/2014,15.0947
09/07/2014,15.0982
09/13/2014,15.1399
09/14/2014,15.1433
09/20/2014,15.2526
09/21/2014,15.2562
09/27/2014,15.2983
09/28/2014,15.3019
10/02/2014,15.285
10/03/2014,15.2886
10/04/2014,15.2922
10/05/2014,15.2958
10/06/2014,15.2994
10/11/2014,15.3472
10/12/2014,15.3508
10/15/2014,15.4218
10/17/2014,15.4652
10/18/2014,15.4688
10/19/2014,15.4724
10/23/2014,15.5635
10/24/2014,15.5671
10/25/2014,15.5707
10/26/2014,15.5742
11/01/2014,15.8032
11/02/2014,15.8068
11/04/2014,15.8621
11/06/2014,15.9582
11/08/2014,15.9406
11/09/2014,15.9442
11/15/2014,15.935
11/16/2014,15.9386
11/22/2014,16.0178
11/23/2014,16.0214
11/29/2014,16.1539
11/30/2014,16.1574
12/06/2014,16.3976
12/07/2014,16.4011
12/13/2014,16.6441
12/14/2014,16.6477
12/16/2014,16.4461
12/20/2014,16.4571
12/21/2014,16.4608
12/25/2014,16.4507
12/27/2014,16.4201
12/28/2014,16.4237
01/03/2015,16.5045
01/04/2015,16.5082
01/10/2015,16.5416
01/11/2015,16.5452
01/17/2015,16.8523
01/18/2015,16.856
01/24/2015,16.9535
01/25/2015,16.9572
01/26/2015,16.9608
01/30/2015,17.0141
01/31/2015,17.0178
02/01/2015,17.0215
02/07/2015,17.0711
02/08/2015,17.0747
02/14/2015,17.0893
02/15/2015,17.093
02/17/2015,17.0819
02/19/2015,17.0873
02/21/2015,17.1037
02/22/2015,17.1074
02/28/2015,17.1134
03/01/2015,17.1246
03/06/2015,17.0895
03/07/2015,17.0931
03/08/2015,17.0968
03/14/2015,17.0093
03/15/2015,17.013
03/21/2015,17.0438
03/22/2015,17.0475
03/28/2015,16.9907
03/29/2015,16.9944
04/01/2015,17.0877
04/02/2015,17.0914
04/03/2015,17.0951
04/04/2015,17.0988
04/05/2015,17.1025
04/06/2015,17.139
04/11/2015,17.0616
04/12/2015,17.0653
04/14/2015,17.0624
04/18/2015,17.0797
04/19/2015,17.0834
04/25/2015,17.1039
04/26/2015,17.1076
05/01/2015,17.0682
05/02/2015,17.0719
05/03/2015,17.0755
05/04/2015,17.0792
05/09/2015,16.9259
05/10/2015,16.9293
05/16/2015,16.9294
05/17/2015,16.933
05/23/2015,17.0556
05/24/2015,17.0593
05/30/2015,17.0951
05/31/2015,17.0988
06/06/2015,16.8901
06/07/2015,16.8938
06/13/2015,16.7833
06/14/2015,16.7871
06/19/2015,17.0311
06/20/2015,17.0348
06/21/2015,17.0385
06/27/2015,16.9221
06/28/2015,16.9259
07/04/2015,17.0244
07/05/2015,17.0282
07/11/2015,17.1089
07/12/2015,17.1127
07/18/2015,17.0556
07/19/2015,17.0594
07/25/2015,17.0921
07/26/2015,17.0959
08/01/2015,17.1962
08/02/2015,17.2
08/08/2015,17.2221
08/09/2015,17.2259
08/15/2015,17.3347
08/16/2015,17.3385
08/18/2015,17.3468
08/21/2015,17.3316
08/22/2015,17.3355
08/23/2015,17.3393
08/29/2015,17.354
08/30/2015,17.3539
09/05/2015,17.3885
09/06/2015,17.3924
09/12/2015,17.4036
09/13/2015,17.4075
09/17/2015,17.4625
09/19/2015,17.5456
09/20/2015,17.5495
09/25/2015,17.5382
09/26/2015,17.542
09/27/2015,17.5458
10/02/2015,17.766
10/03/2015,17.7699
10/04/2015,17.7737
10/10/2015,17.8526
10/11/2015,17.8564
10/17/2015,17.8418
10/18/2015,17.8456
10/22/2015,17.8559
10/24/2015,17.8551
10/25/2015,17.8589
10/31/2015,17.8131
11/01/2015,17.8169
11/07/2015,17.7992
11/08/2015,17.803
11/11/2015,17.7818
11/12/2015,17.7856
11/14/2015,17.8292
11/15/2015,17.8331
11/22/2015,17.781
11/25/2015,17.7816
11/28/2015,17.7325
11/29/2015,17.7363
12/05/2015,17.7273
12/06/2015,17.7311
12/12/2015,17.7356
12/13/2015,17.7394
12/19/2015,17.7286
12/20/2015,17.7325
12/23/2015,17.7289
12/24/2015,17.7328
12/25/2015,17.7368
12/26/2015,17.7407
12/27/2015,17.7446
01/02/2016,17.7427
01/03/2016,17.7466
01/06/2016,17.7647
01/09/2016,17.7885
01/10/2016,17.7924
01/16/2016,17.6659
01/17/2016,17.6698
01/23/2016,17.7426
01/24/2016,17.7465
01/26/2016,17.7115
01/30/2016,17.6733
01/31/2016,17.6772
02/06/2016,17.6581
02/07/2016,17.662
02/13/2016,17.6574
02/14/2016,17.6613
02/19/2016,17.6014
02/20/2016,17.6053
02/21/2016,17.6093
02/27/2016,17.4967
02/28/2016,17.5007
03/05/2016,17.7957
03/06/2016,17.7997
03/07/2016,17.8037
03/12/2016,17.8188
03/13/2016,17.8228
03/15/2016,17.9279
03/19/2016,18.1312
03/20/2016,18.1351
03/24/2016,18.2499
03/25/2016,18.2539
03/26/2016,18.2578
03/27/2016,18.2618
04/01/2016,18.3321
04/02/2016,18.3361
04/03/2016,18.34
04/08/2016,18.5054
04/09/2016,18.5094
04/10/2016,18.5133
04/13/2016,18.5402
04/14/2016,18.5441
04/15/2016,18.5481
04/16/2016,18.552
04/17/2016,18.556
04/18/2016,18.5732
04/19/2016,18.5771
04/23/2016,18.5671
04/24/2016,18.5711
04/25/2016,18.5391
04/30/2016,18.5677
05/01/2016,18.5717
05/07/2016,18.5913
05/08/2016,18.5953
05/14/2016,18.6246
05/15/2016,18.6285
05/21/2016,18.6192
05/22/2016,18.6232
05/28/2016,18.649
05/29/2016,18.653
06/04/2016,18.6808
06/05/2016,18.6848
06/11/2016,18.7117
06/12/2016,18.7157
06/19/2016,18.7337
06/25/2016,18.8127
06/26/2016,18.8167
07/02/2016,19.021
07/03/2016,19.025
07/06/2016,19.0634
07/09/2016,19.1139
07/10/2016,19.1179
07/16/2016,19.2827
07/17/2016,19.2868
07/23/2016,19.423
07/24/2016,19.4271
07/30/2016,19.699
07/31/2016,19.7031
08/06/2016,19.7667
08/07/2016,19.7707
08/13/2016,20.0303
08/14/2016,20.0343
08/15/2016,20.0382
08/17/2016,20.0239
08/20/2016,19.9909
08/21/2016,19.995
08/27/2016,20.006
08/28/2016,20.0101
09/03/2016,20.0639
09/04/2016,20.068
09/05/2016,20.0721
09/10/2016,20.1836
09/11/2016,20.1876
09/13/2016,20.1409
09/17/2016,20.1585
09/18/2016,20.1625
09/24/2016,20.3069
09/25/2016,20.311
10/01/2016,20.3595
10/02/2016,20.3636
10/08/2016,20.4744
10/09/2016,20.4785
10/11/2016,20.5186
10/12/2016,20.5227
10/15/2016,20.4483
10/16/2016,20.4524
10/22/2016,20.4722
10/23/2016,20.4763
10/29/2016,20.472
10/30/2016,20.472
10/31/2016,20.4761
11/04/2016,20.405
11/05/2016,20.4091
11/06/2016,20.4132
11/09/2016,20.6206
11/12/2016,20.5984
11/13/2016,20.6025
11/14/2016,20.6065
11/19/2016,21.011
11/20/2016,21.0151
11/26/2016,21.5447
11/27/2016,21.5488
12/03/2016,21.4663
12/04/2016,21.4703
12/10/2016,21.0653
12/11/2016,21.0694
12/12/2016,21.0736
12/17/2016,20.8834
12/18/2016,20.8876
12/24/2016,20.7658
12/25/2016,20.77
12/31/2016,20.804
01/01/2017,20.8082
01/07/2017,21.0487
01/08/2017,21.0528
01/14/2017,21.0198
01/15/2017,21.0239
01/21/2017,20.9474
01/22/2017,20.9516
01/26/2017,20.9808
01/28/2017,20.9893
01/29/2017,20.9935
02/04/2017,21.0084
02/05/2017,21.0126
02/11/2017,20.3794
02/12/2017,20.3836
02/18/2017,20.3675
02/19/2017,20.3717
02/21/2017,20.3173
02/24/2017,20.2778
02/25/2017,20.2821
02/26/2017,20.2863
03/04/2017,20.3103
03/05/2017,20.3145
03/11/2017,20.1489
03/12/2017,20.1531
03/13/2017,20.1573
03/18/2017,20.3138
03/19/2017,20.318
03/25/2017,20.4874
03/26/2017,20.4917
03/28/2017,20.6421
04/01/2017,20.6327
04/02/2017,20.6368
04/04/2017,20.6289
04/08/2017,20.4515
04/09/2017,20.4557
04/14/2017,20.614
04/15/2017,20.6182
04/16/2017,20.6225
04/22/2017,20.5851
04/23/2017,20.5893
04/29/2017,20.5928
04/30/2017,20.5971
05/01/2017,20.6014
05/06/2017,20.61
05/07/2017,20.6142
05/10/2017,20.6231
05/13/2017,20.6663
05/14/2017,20.6706
05/15/2017,20.7728
05/20/2017,20.7545
05/21/2017,20.7587
05/27/2017,20.9464
05/28/2017,20.9506
05/30/2017,20.9381
06/03/2017,21.0667
06/04/2017,21.071
06/10/2017,21.4294
06/11/2017,21.4337
06/17/2017,21.4655
06/18/2017,21.4699
06/24/2017,21.506
06/25/2017,21.5103
06/26/2017,21.5146
06/28/2017,21.4275
07/01/2017,21.4375
07/02/2017,21.4419
07/08/2017,21.4133
07/09/2017,21.4176
07/15/2017,21.5128
07/16/2017,21.5172
07/22/2017,21.6258
07/23/2017,21.6301
07/29/2017,21.6212
07/30/2017,21.6212
08/05/2017,21.7088
08/06/2017,21.7132
08/12/2017,21.6492
08/13/2017,21.6535
08/15/2017,21.6545
08/17/2017,21.6452
08/19/2017,21.6838
08/20/2017,21.6882
08/25/2017,21.668
08/26/2017,21.6723
08/27/2017,21.6765
08/29/2017,21.6945
09/02/2017,21.7477
09/03/2017,21.7519
09/09/2017,21.7574
09/10/2017,21.7616
09/16/2017,21.6947
09/17/2017,21.699
09/23/2017,21.6409
09/24/2017,21.6452
09/30/2017,21.6545
10/01/2017,21.6588
10/02/2017,21.6632
10/07/2017,21.5717
10/08/2017,21.576
10/14/2017,21.6192
10/15/2017,21.6236
10/19/2017,21.63
10/20/2017,21.6344
10/21/2017,21.6387
10/22/2017,21.643
10/28/2017,21.6158
10/29/2017,21.6202
11/04/2017,21.6093
11/05/2017,21.6137
11/11/2017,21.5475
11/12/2017,21.5518
11/18/2017,21.4479
11/19/2017,21.4523
11/25/2017,21.5114
11/26/2017,21.5158
12/01/2017,21.503
12/02/2017,21.5075
12/03/2017,21.5119
12/09/2017,21.5121
12/10/2017,21.5164
12/16/2017,21.5152
12/17/2017,21.5196
12/23/2017,21.4131
12/24/2017,21.4176
12/25/2017,21.422
12/30/2017,21.3285
12/31/2017,21.333
01/06/2018,21.4491
01/07/2018,21.4535
01/13/2018,21.3247
01/14/2018,21.3291
01/20/2018,21.2976
01/21/2018,21.3021
01/26/2018,21.3334
01/27/2018,21.3379
01/28/2018,21.3424
02/03/2018,21.0675
02/04/2018,21.0719
02/10/2018,21.1586
02/11/2018,21.163
02/13/2018,21.1772
02/17/2018,21.1166
02/18/2018,21.1209
02/19/2018,21.1253
02/24/2018,21.0135
02/25/2018,21.0178
03/02/2018,20.9996
03/03/2018,21.004
03/04/2018,21.0085
03/10/2018,21.0867
03/11/2018,21.0911
03/13/2018,21.1219
03/17/2018,21.2446
03/18/2018,21.2491
03/24/2018,21.3377
03/25/2018,21.3423
03/29/2018,21.6114
03/30/2018,21.6114
04/01/2018,21.6205
04/02/2018,21.625
04/07/2018,21.9599
04/08/2018,21.9644
04/14/2018,21.6572
04/15/2018,21.6617
04/20/2018,21.3426
04/21/2018,21.3471
04/22/2018,21.3517
04/28/2018,21.3166
04/29/2018,21.3211
04/30/2018,21.3256
05/01/2018,21.3301
05/05/2018,21.3541
05/06/2018,21.3586
05/12/2018,21.3832
05/13/2018,21.3877
05/19/2018,21.2417
05/20/2018,21.2463
05/26/2018,21.3057
05/27/2018,21.3103
06/02/2018,21.2968
06/03/2018,21.3014
06/09/2018,21.217
06/10/2018,21.2216
06/16/2018,21.2753
06/17/2018,21.28
06/23/2018,21.4043
06/24/2018,21.4089
06/30/2018,21.3328
07/01/2018,21.3375
07/07/2018,21.3303
07/08/2018,21.335
07/14/2018,21.4258
07/15/2018,21.4305
07/21/2018,21.5042
07/22/2018,21.5089
07/28/2018,21.5138
07/29/2018,21.5184
08/04/2018,21.5917
08/05/2018,21.5963
08/11/2018,21.6253
08/12/2018,21.6299
08/15/2018,21.6059
08/17/2018,21.5537
08/18/2018,21.5583
08/19/2018,21.5629
08/22/2018,21.6096
08/25/2018,21.5613
08/26/2018,21.566
09/01/2018,21.5103
09/02/2018,21.5149
09/08/2018,21.4136
09/09/2018,21.4182
09/13/2018,21.3224
09/15/2018,21.3711
09/16/2018,21.3757
09/20/2018,21.4493
09/22/2018,21.4645
09/23/2018,21.4692
09/29/2018,21.568
09/30/2018,21.5727
10/02/2018,21.6306
10/06/2018,21.591
10/07/2018,21.5957
10/13/2018,21.6821
10/14/2018,21.6867
10/18/2018,21.7627
10/20/2018,21.7764
10/21/2018,21.781
10/27/2018,21.8609
10/28/2018,21.8656
11/03/2018,22.1163
11/04/2018,22.1211
11/07/2018,22.1178
11/08/2018,22.1226
11/10/2018,22.1634
11/11/2018,22.1681
11/17/2018,22.2248
11/18/2018,22.2295
11/21/2018,22.2777
11/23/2018,22.3527
11/24/2018,22.3574
11/25/2018,22.3622
12/01/2018,22.5927
12/02/2018,22.5974
12/08/2018,22.8411
12/09/2018,22.8459
12/15/2018,22.9192
12/16/2018,22.9239
12/22/2018,23.1382
12/23/2018,23.143
12/25/2018,23.1409
12/29/2018,23.1176
12/30/2018,23.1176
01/05/2019,23.0068
01/06/2019,23.0116
01/12/2019,23.0777
01/13/2019,23.0825
01/19/2019,22.9886
01/20/2019,22.9933
01/26/2019,23.0677
01/27/2019,23.0725
02/02/2019,23.0363
02/03/2019,23.0411
02/09/2019,23.1506
02/10/2019,23.1554
02/16/2019,23.1301
02/17/2019,23.1349
02/19/2019,23.1373
02/23/2019,23.1319
02/24/2019,23.1368
03/02/2019,23.151
03/03/2019,23.1559
03/04/2019,23.1607
03/09/2019,23.2365
03/10/2019,23.2413
03/16/2019,23.3161
03/17/2019,23.321
03/21/2019,23.3613
03/23/2019,23.4291
03/24/2019,23.434
04/01/2019,23.5561
04/06/2019,23.518
04/07/2019,23.5228
04/13/2019,23.4737
04/14/2019,23.4785
04/17/2019,23.4928
04/19/2019,23.4682
04/20/2019,23.473
04/21/2019,23.4778
04/27/2019,23.5171
04/28/2019,23.5219
04/29/2019,23.5266
05/01/2019,23.5273
05/04/2019,23.6038
05/05/2019,23.6086
05/11/2019,23.6757
05/12/2019,23.6805
05/18/2019,23.7916
05/19/2019,23.7963
05/25/2019,24.0181
05/26/2019,24.0229
06/01/2019,24.3468
06/02/2019,24.3516
06/05/2019,24.3762
06/08/2019,24.5221
06/09/2019,24.527
06/15/2019,24.673
06/16/2019,24.6779
06/22/2019,24.8933
06/23/2019,24.8981
06/29/2019,24.9054
06/30/2019,24.9102
07/06/2019,25.2108
07/07/2019,25.2156
07/13/2019,25.5375
07/14/2019,25.5423
07/20/2019,25.6413
07/21/2019,25.6462
07/22/2019,25.5694
07/27/2019,25.3906
07/28/2019,25.3955
08/03/2019,25.6011
08/04/2019,25.606
08/10/2019,25.5662
08/11/2019,25.571
08/12/2019,25.5758
08/15/2019,25.3793
08/17/2019,25.5008
08/18/2019,25.5056
11/30/2019,25.8507
06/26/2020,28.1985
