Date (DD-MM-YYYY),NAV
10-08-2021,27.0952
09-08-2021,27.0838
06-08-2021,27.0605
05-08-2021,27.1681
04-08-2021,27.117
03-08-2021,26.9517
02-08-2021,26.5655
30-07-2021,26.3794
29-07-2021,26.4164
28-07-2021,26.2631
27-07-2021,26.3084
26-07-2021,26.42
23-07-2021,26.4521
22-07-2021,26.3802
20-07-2021,26.0632
19-07-2021,26.2657
16-07-2021,26.5089
15-07-2021,26.5149
14-07-2021,26.3742
13-07-2021,26.2694
12-07-2021,26.0962
09-07-2021,26.0821
08-07-2021,26.1266
07-07-2021,26.3623
06-07-2021,26.2516
05-07-2021,26.2761
02-07-2021,26.0849
01-07-2021,26.0348
30-06-2021,26.0727
29-06-2021,26.1157
29-06-2021,26.1157
28-06-2021,26.2232
25-06-2021,26.2668
24-06-2021,26.1023
23-06-2021,25.9257
22-06-2021,26.0415
21-06-2021,25.9871
18-06-2021,25.9027
17-06-2021,25.9544
16-06-2021,26.0621
15-06-2021,26.2258
14-06-2021,26.1301
11-06-2021,26.0791
10-06-2021,25.9779
09-06-2021,25.772
08-06-2021,25.9417
07-06-2021,25.9583
04-06-2021,25.8288
03-06-2021,25.8676
02-06-2021,25.6766
01-06-2021,25.6602
31-05-2021,25.6952
28-05-2021,25.4257
27-05-2021,25.3068
25-05-2021,25.0743
24-05-2021,25.0532
21-05-2021,24.9891
20-05-2021,24.5901
19-05-2021,24.7625
18-05-2021,24.8442
17-05-2021,24.5845
12-05-2021,24.2832
11-05-2021,24.4841
10-05-2021,24.579
07-05-2021,24.3682
06-05-2021,24.224
05-05-2021,24.0512
04-05-2021,23.8193
03-05-2021,24.0145
30-04-2021,23.9969
29-04-2021,24.349
28-04-2021,24.3035
27-04-2021,24.0132
26-04-2021,23.7557
23-04-2021,23.5451
22-04-2021,23.6569
20-04-2021,23.5061
19-04-2021,23.5821
19-04-2021,23.5821
19-04-2021,23.5821
16-04-2021,23.957
15-04-2021,23.8897
09-04-2021,24.3084
08-04-2021,24.3636
07-04-2021,24.2678
06-04-2021,24.0392
05-04-2021,24.0033
31-03-2021,24.0674
30-03-2021,24.2363
26-03-2021,23.7248
25-03-2021,23.4481
24-03-2021,23.7884
23-03-2021,24.1968
22-03-2021,24.0692
19-03-2021,24.0372
18-03-2021,23.7582
17-03-2021,24.0367
16-03-2021,24.3543
15-03-2021,24.374
12-03-2021,24.5141
10-03-2021,24.7493
09-03-2021,24.6112
08-03-2021,24.4548
05-03-2021,24.3873
04-03-2021,24.636
03-03-2021,24.8591
02-03-2021,24.3725
01-03-2021,24.1019
26-02-2021,23.7491
25-02-2021,24.6031
24-02-2021,24.4082
23-02-2021,23.9985
22-02-2021,23.9111
18-02-2021,24.6408
17-02-2021,24.7249
16-02-2021,24.8282
15-02-2021,24.8356
12-02-2021,24.604
11-02-2021,24.635
10-02-2021,24.5442
09-02-2021,24.5522
08-02-2021,24.5593
05-02-2021,24.2452
04-02-2021,24.208
03-02-2021,24.0038
02-02-2021,23.7867
01-02-2021,23.223
29-01-2021,22.1963
28-01-2021,22.5011
27-01-2021,22.7102
25-01-2021,23.1137
22-01-2021,23.2585
21-01-2021,23.5669
20-01-2021,23.7184
19-01-2021,23.5278
18-01-2021,23.1704
15-01-2021,23.4442
14-01-2021,23.7251
13-01-2021,23.6644
12-01-2021,23.6052
11-01-2021,23.4623
08-01-2021,23.2624
07-01-2021,22.9177
06-01-2021,22.8832
05-01-2021,22.9312
04-01-2021,22.8421
01-01-2021,22.5931
31-12-2020,22.5039
30-12-2020,22.5194
29-12-2020,22.4465
28-12-2020,22.3679
24-12-2020,22.1797
23-12-2020,21.9696
22-12-2020,21.7127
21-12-2020,21.4622
18-12-2020,22.2051
17-12-2020,22.1455
16-12-2020,22.1084
15-12-2020,21.957
14-12-2020,21.9767
11-12-2020,21.8668
10-12-2020,21.806
09-12-2020,21.8745
08-12-2020,21.6903
07-12-2020,21.618
04-12-2020,21.4621
03-12-2020,21.2582
02-12-2020,21.172
01-12-2020,21.1326
27-11-2020,20.8848
26-11-2020,20.9143
25-11-2020,20.7117
25-11-2020,20.7117
24-11-2020,21.0062
24-11-2020,21.0062
23-11-2020,20.8082
20-11-2020,20.6814
19-11-2020,20.5486
18-11-2020,20.7764
17-11-2020,20.6595
13-11-2020,20.4392
12-11-2020,20.3817
11-11-2020,20.4614
10-11-2020,20.2298
09-11-2020,20.0278
06-11-2020,19.7332
05-11-2020,19.5609
03-11-2020,19.0586
02-11-2020,18.8292
29-10-2020,18.8077
28-10-2020,18.8983
27-10-2020,19.1231
26-10-2020,18.9533
23-10-2020,19.2289
22-10-2020,19.1571
21-10-2020,19.2171
20-10-2020,19.1532
19-10-2020,19.1201
16-10-2020,18.9509
15-10-2020,18.7902
14-10-2020,19.2227
13-10-2020,19.181
12-10-2020,19.1942
09-10-2020,19.1913
08-10-2020,19.0446
07-10-2020,18.8763
06-10-2020,18.8032
05-10-2020,18.6197
01-10-2020,18.4543
30-09-2020,18.2067
29-09-2020,18.1834
28-09-2020,18.217
25-09-2020,17.9013
24-09-2020,17.461
23-09-2020,17.9992
22-09-2020,18.0475
21-09-2020,18.1875
18-09-2020,18.6158
17-09-2020,18.6297
16-09-2020,18.758
15-09-2020,18.6255
15-09-2020,18.6255
14-09-2020,18.4937
11-09-2020,18.4957
10-09-2020,18.4509
09-09-2020,18.2194
08-09-2020,18.3012
07-09-2020,16.3612
04-09-2020,18.3623
03-09-2020,18.6739
02-09-2020,18.6841
01-09-2020,18.5854
31-08-2020,18.4703
28-08-2020,18.9355
27-08-2020,18.7561
26-08-2020,18.7318
25-08-2020,18.6223
24-08-2020,18.602
21-08-2020,18.49
20-08-2020,18.4079
19-08-2020,18.5254
18-08-2020,18.485
17-08-2020,18.2886
14-08-2020,18.1649
12-08-2020,18.323
11-08-2020,18.3216
10-08-2020,18.2467
07-08-2020,18.1072
06-08-2020,18.0983
05-08-2020,17.9356
04-08-2020,17.9124
03-08-2020,17.671
31-07-2020,17.9021
30-07-2020,17.8856
29-07-2020,18.029
28-07-2020,18.104
27-07-2020,17.853
24-07-2020,17.9761
21-07-2020,17.9869
20-07-2020,17.7908
17-07-2020,17.6104
16-07-2020,17.3698
15-07-2020,17.1648
14-07-2020,17.1106
13-07-2020,17.4239
10-07-2020,17.3676
09-07-2020,17.4661
08-07-2020,17.3218
07-07-2020,17.4275
06-07-2020,17.3755
03-07-2020,17.1326
02-07-2020,17.0524
01-07-2020,16.8534
30-06-2020,16.6666
29-06-2020,16.6723
26-06-2020,16.8298
25-06-2020,16.6638
24-06-2020,16.6755
23-06-2020,16.9429
22-06-2020,16.6665
18-06-2020,16.3202
17-06-2020,16.0197
15-06-2020,15.9244
12-06-2020,16.1755
11-06-2020,16.053
10-06-2020,16.3896
09-06-2020,16.3042
08-06-2020,16.4721
05-06-2020,16.4015
04-06-2020,16.1879
03-06-2020,16.2211
02-06-2020,16.094
01-06-2020,15.9054
29-05-2020,15.5579
28-05-2020,15.3596
27-05-2020,15.079
26-05-2020,14.664
22-05-2020,14.643
21-05-2020,14.7261
20-05-2020,14.6256
19-05-2020,14.335
18-05-2020,14.2842
16-05-2020,17.3698
15-05-2020,14.791
14-05-2020,14.8468
13-05-2020,15.1493
12-05-2020,14.8247
11-05-2020,14.8533
08-05-2020,14.8182
06-05-2020,14.8938
05-05-2020,14.807
04-05-2020,14.9591
30-04-2020,15.8416
29-04-2020,15.3666
28-04-2020,15.0941
27-04-2020,14.9657
24-04-2020,14.7617
23-04-2020,15.0153
22-04-2020,14.8236
21-04-2020,14.5381
20-04-2020,14.9969
17-04-2020,15.032
16-04-2020,14.6137
15-04-2020,14.4805
13-04-2020,14.5409
09-04-2020,14.6889
08-04-2020,14.1088
07-04-2020,14.134
03-04-2020,13.0937
31-03-2020,13.805
30-03-2020,13.3083
27-03-2020,13.8005
26-03-2020,13.7531
24-03-2020,12.5371
23-03-2020,12.2837
20-03-2020,14.0728
19-03-2020,13.3768
18-03-2020,13.7793
17-03-2020,14.477
16-03-2020,14.814
13-03-2020,15.988
12-03-2020,15.3794
11-03-2020,16.8452
09-03-2020,16.895
06-03-2020,17.7862
05-03-2020,18.2331
04-03-2020,18.2226
03-03-2020,18.3211
02-03-2020,17.973
28-02-2020,18.1229
27-02-2020,18.8065
26-02-2020,18.9048
25-02-2020,19.1215
24-02-2020,19.1909
20-02-2020,19.5912
18-02-2020,19.4147
17-02-2020,19.4785
14-02-2020,19.6256
13-02-2020,19.7822
12-02-2020,19.8386
11-02-2020,19.7422
10-02-2020,19.6227
07-02-2020,19.8034
06-02-2020,19.8265
05-02-2020,19.7182
04-02-2020,19.5632
03-02-2020,19.153
31-01-2020,19.6734
30-01-2020,19.7927
29-01-2020,19.9755
28-01-2020,19.8665
27-01-2020,19.9768
24-01-2020,20.1896
23-01-2020,20.0842
22-01-2020,19.9311
21-01-2020,20.0233
20-01-2020,20.1128
17-01-2020,20.2937
16-01-2020,20.3082
15-01-2020,20.3272
14-01-2020,20.3343
13-01-2020,20.2509
10-01-2020,20.1035
09-01-2020,20.0178
08-01-2020,19.7204
07-01-2020,19.7867
06-01-2020,19.6942
03-01-2020,20.0861
02-01-2020,20.1837
01-01-2020,19.9831
31-12-2019,19.9558
30-12-2019,20.0729
27-12-2019,20.0604
26-12-2019,19.8585
24-12-2019,19.9967
23-12-2019,20.0621
20-12-2019,20.0825
19-12-2019,20.0465
18-12-2019,19.9995
17-12-2019,19.9405
16-12-2019,19.7639
13-12-2019,19.8239
12-12-2019,19.5883
11-12-2019,19.481
10-12-2019,19.3918
09-12-2019,19.5456
06-12-2019,19.5388
05-12-2019,19.7272
04-12-2019,19.7842
03-12-2019,19.6793
02-12-2019,19.803
29-11-2019,19.8168
28-11-2019,19.981
27-11-2019,19.8623
26-11-2019,19.7414
25-11-2019,19.81
22-11-2019,19.5682
21-11-2019,19.6522
20-11-2019,19.7314
19-11-2019,19.6298
18-11-2019,19.5587
15-11-2019,19.5523
14-11-2019,19.5039
13-11-2019,19.4641
11-11-2019,19.6369
08-11-2019,19.6171
07-11-2019,19.7911
06-11-2019,19.7429
05-11-2019,19.6609
04-11-2019,19.7178
01-11-2019,19.6583
31-10-2019,19.6242
30-10-2019,19.5253
29-10-2019,19.4171
25-10-2019,19.0659
24-10-2019,19.0189
23-10-2019,19.0922
22-10-2019,19.0404
18-10-2019,19.1381
17-10-2019,18.9909
16-10-2019,18.7911
15-10-2019,18.7389
14-10-2019,18.5779
11-10-2019,18.4971
10-10-2019,18.3845
09-10-2019,18.5438
07-10-2019,18.2265
04-10-2019,18.3403
03-10-2019,18.5686
01-10-2019,18.6532
30-09-2019,18.8598
27-09-2019,18.9612
26-09-2019,19.0733
25-09-2019,18.8092
24-09-2019,19.1102
23-09-2019,19.1524
20-09-2019,18.5123
19-09-2019,17.6871
18-09-2019,17.925
17-09-2019,17.8736
16-09-2019,18.2169
13-09-2019,18.3111
12-09-2019,18.1633
11-09-2019,18.217
09-09-2019,18.1649
06-09-2019,18.0835
05-09-2019,17.9211
04-09-2019,17.8937
03-09-2019,17.841
30-08-2019,18.1809
29-08-2019,18.0605
28-08-2019,18.2089
27-08-2019,18.2963
26-08-2019,18.1782
23-08-2019,17.8334
22-08-2019,17.6764
21-08-2019,17.9578
20-08-2019,18.1306
19-08-2019,18.206
16-08-2019,18.2022
14-08-2019,18.1709
13-08-2019,17.9913
10-08-2019,18.3393
09-08-2019,18.3394
08-08-2019,18.2394
07-08-2019,17.9468
06-08-2019,18.0989
05-08-2019,17.9466
02-08-2019,18.1421
01-08-2019,18.145
31-07-2019,18.3612
30-07-2019,18.2517
29-07-2019,18.4687
26-07-2019,18.6596
25-07-2019,18.5876
24-07-2019,18.5952
23-07-2019,18.7164
22-07-2019,18.7615
19-07-2019,18.8121
18-07-2019,19.1039
17-07-2019,19.3098
16-07-2019,19.2718
15-07-2019,19.1535
12-07-2019,19.119
11-07-2019,19.1522
10-07-2019,19.0004
09-07-2019,19.0941
08-07-2019,19.0662
05-07-2019,19.4694
04-07-2019,19.7394
03-07-2019,19.6876
02-07-2019,19.6577
01-07-2019,19.5892
28-06-2019,19.5035
27-06-2019,19.5961
26-06-2019,19.5875
25-06-2019,19.4902
24-06-2019,19.3509
21-06-2019,19.4081
20-06-2019,19.5597
19-06-2019,19.2831
18-06-2019,19.2944
17-06-2019,19.2453
14-06-2019,19.5008
13-06-2019,19.6532
12-06-2019,19.6552
11-06-2019,19.7522
10-06-2019,19.6553
07-06-2019,19.571
06-06-2019,19.549
04-06-2019,19.8661
03-06-2019,19.9556
31-05-2019,19.7074
30-05-2019,19.7448
29-05-2019,19.6562
28-05-2019,19.7822
27-05-2019,19.7777
24-05-2019,19.6314
23-05-2019,19.2668
22-05-2019,19.3272
21-05-2019,19.2614
20-05-2019,19.4806
17-05-2019,18.8167
16-05-2019,18.5783
15-05-2019,18.405
14-05-2019,18.5602
13-05-2019,18.4512
10-05-2019,18.7098
09-05-2019,18.7653
08-05-2019,18.8343
07-05-2019,19.0473
06-05-2019,19.2039
03-05-2019,19.3348
02-05-2019,19.3865
30-04-2019,19.4698
26-04-2019,19.4952
25-04-2019,19.3343
24-04-2019,19.4404
23-04-2019,19.2444
22-04-2019,19.2872
18-04-2019,19.5384
16-04-2019,19.6279
15-04-2019,19.4881
12-04-2019,19.3843
11-04-2019,19.2888
10-04-2019,19.2737
09-04-2019,19.4132
08-04-2019,19.2836
05-04-2019,19.3558
04-04-2019,19.2554
03-04-2019,19.3044
02-04-2019,19.4388
31-03-2019,19.3005
30-03-2019,19.3001
29-03-2019,19.2996
28-03-2019,19.176
27-03-2019,18.9761
26-03-2019,19.0385
25-03-2019,18.8628
22-03-2019,19.0109
20-03-2019,19.1151
19-03-2019,19.1961
18-03-2019,19.0914
15-03-2019,19.0886
14-03-2019,18.9453
13-03-2019,18.9379
12-03-2019,18.9393
11-03-2019,18.754
08-03-2019,18.4861
07-03-2019,18.5329
06-03-2019,18.5318
05-03-2019,18.4578
01-03-2019,18.2194
28-02-2019,18.0584
27-02-2019,18.0488
26-02-2019,18.0322
25-02-2019,18.0695
22-02-2019,17.9296
21-02-2019,17.8804
20-02-2019,17.7889
18-02-2019,17.5788
15-02-2019,17.7056
14-02-2019,17.8032
13-02-2019,17.8611
12-02-2019,17.9845
11-02-2019,18.0667
08-02-2019,18.1759
07-02-2019,18.415
06-02-2019,18.3318
05-02-2019,18.1247
04-02-2019,18.1306
01-02-2019,18.166
31-01-2019,18.0682
30-01-2019,17.8158
29-01-2019,17.7743
28-01-2019,17.7679
25-01-2019,17.9208
24-01-2019,18.1113
23-01-2019,18.1027
22-01-2019,18.2381
21-01-2019,18.3092
18-01-2019,18.2894
17-01-2019,18.3346
16-01-2019,18.3036
15-01-2019,18.3013
14-01-2019,18.1025
11-01-2019,18.2044
10-01-2019,18.2588
09-01-2019,18.2916
09-01-2019,20.0178
08-01-2019,18.2447
07-01-2019,18.1834
04-01-2019,18.1384
03-01-2019,18.0522
01-01-2019,18.4887
31-12-2018,18.4436
28-12-2018,18.4256
27-12-2018,18.2796
26-12-2018,18.2313
24-12-2018,18.1334
21-12-2018,18.27
20-12-2018,18.5711
19-12-2018,18.6055
18-12-2018,18.4858
17-12-2018,18.4337
14-12-2018,18.2791
13-12-2018,18.2575
12-12-2018,18.1338
11-12-2018,17.7807
10-12-2018,17.6661
07-12-2018,17.9813
06-12-2018,17.8602
05-12-2018,18.1552
04-12-2018,18.3744
03-12-2018,18.398
30-11-2018,18.4059
29-11-2018,18.3601
28-11-2018,18.1772
27-11-2018,18.1699
26-11-2018,18.1006
22-11-2018,17.949
20-11-2018,18.1375
19-11-2018,18.3195
16-11-2018,18.1719
15-11-2018,18.0944
14-11-2018,18.0255
13-11-2018,18.0245
12-11-2018,17.8743
09-11-2018,18.0654
06-11-2018,17.9432
05-11-2018,17.9372
02-11-2018,17.9708
01-11-2018,17.6478
31-10-2018,17.6272
30-10-2018,17.3541
29-10-2018,17.4059
26-10-2018,17.013
25-10-2018,17.1412
24-10-2018,17.2952
23-10-2018,17.1921
22-10-2018,17.342
19-10-2018,17.4483
17-10-2018,17.6558
16-10-2018,17.8598
15-10-2018,17.7032
12-10-2018,17.6427
11-10-2018,17.2484
10-10-2018,17.5924
09-10-2018,17.319
08-10-2018,17.4145
05-10-2018,17.4062
04-10-2018,17.9329
03-10-2018,18.2913
01-10-2018,18.5321
28-09-2018,18.4422
27-09-2018,18.5672
26-09-2018,18.7088
25-09-2018,18.7396
24-09-2018,18.5714
21-09-2018,18.9153
19-09-2018,19.0125
18-09-2018,19.0553
17-09-2018,19.2758
14-09-2018,19.4597
12-09-2018,19.2258
11-09-2018,19.1221
10-09-2018,19.3843
07-09-2018,19.6102
06-09-2018,19.4715
05-09-2018,19.3559
04-09-2018,19.4081
03-09-2018,19.5949
31-08-2018,19.7406
30-08-2018,19.6867
29-08-2018,19.6691
28-08-2018,19.6944
27-08-2018,19.6351
24-08-2018,19.439
23-08-2018,19.4535
21-08-2018,19.4415
20-08-2018,19.3795
16-08-2018,19.0506
14-08-2018,19.1124
13-08-2018,19.0125
10-08-2018,19.1273
09-08-2018,19.2253
08-08-2018,19.1607
07-08-2018,19.0873
06-08-2018,19.0936
03-08-2018,19.0123
02-08-2018,18.8678
01-08-2018,19.0034
31-07-2018,19.003
30-07-2018,18.9392
27-07-2018,18.8061
26-07-2018,18.5998
25-07-2018,18.5013
24-07-2018,18.4949
23-07-2018,18.3473
20-07-2018,18.1772
19-07-2018,18.1284
18-07-2018,18.1622
17-07-2018,18.2599
16-07-2018,18.1027
13-07-2018,18.3037
12-07-2018,18.3596
11-07-2018,18.2893
10-07-2018,18.3429
09-07-2018,18.1825
06-07-2018,18.0635
05-07-2018,17.9929
04-07-2018,17.9889
03-07-2018,17.8991
02-07-2018,17.8379
29-06-2018,17.9138
28-06-2018,17.7128
27-06-2018,17.8868
26-06-2018,18.0593
25-06-2018,18.0703
22-06-2018,18.2091
21-06-2018,18.1246
20-06-2018,18.1853
19-06-2018,18.1325
18-06-2018,18.2821
15-06-2018,18.3144
14-06-2018,18.3663
13-06-2018,18.4277
12-06-2018,18.4093
11-06-2018,18.3259
08-06-2018,18.3167
07-06-2018,18.3136
06-06-2018,18.1464
05-06-2018,18.003
04-06-2018,18.0759
01-06-2018,18.1779
31-05-2018,18.2252
30-05-2018,18.0923
29-05-2018,18.1478
28-05-2018,18.2108
25-05-2018,18.0352
24-05-2018,17.8539
23-05-2018,17.7912
23-05-2018,19.2668
22-05-2018,17.928
21-05-2018,17.8997
18-05-2018,18.0415
17-05-2018,18.2263
16-05-2018,18.315
15-05-2018,18.419
14-05-2018,18.4785
11-05-2018,18.4782
10-05-2018,18.3671
09-05-2018,18.4437
08-05-2018,18.4254
07-05-2018,18.4003
04-05-2018,18.2454
03-05-2018,18.3629
02-05-2018,18.4483
27-04-2018,18.4279
26-04-2018,18.2931
25-04-2018,18.2678
24-04-2018,18.3429
23-04-2018,18.3215
20-04-2018,18.2886
19-04-2018,18.3037
18-04-2018,18.2222
17-04-2018,18.2495
16-04-2018,18.2081
13-04-2018,18.1472
12-04-2018,18.1175
11-04-2018,18.0904
10-04-2018,18.0673
09-04-2018,18.0066
06-04-2018,17.9293
05-04-2018,17.8745
04-04-2018,17.5972
03-04-2018,17.7511
31-03-2018,17.5057
28-03-2018,17.5156
27-03-2018,17.6148
26-03-2018,17.4827
23-03-2018,17.2895
22-03-2018,17.4793
21-03-2018,17.5433
20-03-2018,17.5036
19-03-2018,17.4783
16-03-2018,17.6642
15-03-2018,17.898
14-03-2018,17.9765
13-03-2018,17.9785
12-03-2018,17.9096
09-03-2018,17.6423
08-03-2018,17.6722
07-03-2018,17.5837
06-03-2018,17.7437
05-03-2018,17.927
01-03-2018,18.1129
28-02-2018,18.1777
27-02-2018,18.2523
26-02-2018,18.29
23-02-2018,18.0965
22-02-2018,17.9117
21-02-2018,17.9704
20-02-2018,17.9288
16-02-2018,18.1278
15-02-2018,18.2914
14-02-2018,18.2611
12-02-2018,18.3077
09-02-2018,18.18
08-02-2018,18.3084
07-02-2018,18.1328
06-02-2018,18.1357
05-02-2018,18.4309
02-02-2018,18.5634
01-02-2018,18.9763
31-01-2018,19.0159
30-01-2018,19.096
29-01-2018,19.1923
25-01-2018,19.1561
24-01-2018,19.2126
23-01-2018,19.2127
22-01-2018,19.0027
19-01-2018,18.8747
18-01-2018,18.7875
17-01-2018,18.7799
16-01-2018,18.6528
15-01-2018,18.7956
12-01-2018,18.7355
11-01-2018,18.6934
10-01-2018,18.6965
09-01-2018,18.72
08-01-2018,18.6578
05-01-2018,18.534
04-01-2018,18.4537
03-01-2018,18.3336
03-01-2018,18.0522
02-01-2018,18.327
01-01-2018,18.3069
29-12-2017,18.4121
28-12-2017,18.3348
27-12-2017,18.3688
26-12-2017,18.4364
22-12-2017,18.3732
21-12-2017,18.3016
20-12-2017,18.2993
19-12-2017,18.2847
18-12-2017,18.1291
15-12-2017,18.0123
14-12-2017,17.903
13-12-2017,17.8392
12-12-2017,17.9333
11-12-2017,18.0544
08-12-2017,17.9556
07-12-2017,17.7792
06-12-2017,17.6054
05-12-2017,17.7199
04-12-2017,17.7493
30-11-2017,17.9577
29-11-2017,18.1668
28-11-2017,18.1737
27-11-2017,18.2212
24-11-2017,18.1909
23-11-2017,18.1383
22-11-2017,18.1029
21-11-2017,18.068
20-11-2017,18.0433
17-11-2017,17.9943
16-11-2017,17.8637
15-11-2017,17.7561
14-11-2017,17.8704
13-11-2017,17.948
10-11-2017,18.0739
09-11-2017,18.0205
08-11-2017,18.0349
07-11-2017,18.1292
06-11-2017,18.2839
03-11-2017,18.2591
02-11-2017,18.2088
01-11-2017,18.2067
31-10-2017,18.0757
30-10-2017,18.0798
27-10-2017,18.0322
26-10-2017,18.0446
25-10-2017,17.935
24-10-2017,17.6363
23-10-2017,17.5991
18-10-2017,17.6251
17-10-2017,17.651
16-10-2017,17.6325
13-10-2017,17.5445
12-10-2017,17.4411
11-10-2017,17.3091
10-10-2017,17.3551
09-10-2017,17.3165
06-10-2017,17.2888
05-10-2017,17.1521
04-10-2017,17.1621
03-10-2017,17.0655
29-09-2017,16.9478
28-09-2017,16.8886
27-09-2017,16.8856
26-09-2017,17.0846
25-09-2017,17.1117
22-09-2017,17.306
21-09-2017,17.5557
20-09-2017,17.6262
19-09-2017,17.6392
18-09-2017,17.6208
15-09-2017,17.5378
14-09-2017,17.5427
13-09-2017,17.5476
12-09-2017,17.544
11-09-2017,17.3804
08-09-2017,17.2745
07-09-2017,17.2634
06-09-2017,17.2528
05-09-2017,17.2989
04-09-2017,17.2625
01-09-2017,17.3082
31-08-2017,17.1907
30-08-2017,17.1172
29-08-2017,17.0208
28-08-2017,17.1357
24-08-2017,17.0725
23-08-2017,17.0278
22-08-2017,16.9098
21-08-2017,16.9295
18-08-2017,17.055
16-08-2017,17.0741
14-08-2017,16.8972
11-08-2017,16.7827
10-08-2017,16.9787
09-08-2017,17.1837
08-08-2017,17.3377
07-08-2017,17.4453
04-08-2017,17.3793
03-08-2017,17.3145
02-08-2017,17.3977
01-08-2017,17.4329
31-07-2017,17.3634
28-07-2017,17.2548
27-07-2017,17.286
26-07-2017,17.3274
25-07-2017,17.2572
24-07-2017,17.251
21-07-2017,17.1889
20-07-2017,17.1483
19-07-2017,17.1653
18-07-2017,17.0558
17-07-2017,17.1727
14-07-2017,17.1201
13-07-2017,17.0949
12-07-2017,16.9691
11-07-2017,16.9032
10-07-2017,16.8797
07-07-2017,16.7405
06-07-2017,16.7417
05-07-2017,16.6741
04-07-2017,16.6066
03-07-2017,16.5915
30-06-2017,16.4407
29-06-2017,16.3928
28-06-2017,16.3641
27-06-2017,16.3977
23-06-2017,16.5047
22-06-2017,16.6006
21-06-2017,16.6215
20-06-2017,16.6554
19-06-2017,16.6156
16-06-2017,16.5085
15-06-2017,16.4951
14-06-2017,16.5429
13-06-2017,16.515
12-06-2017,16.5397
09-06-2017,16.6215
07-06-2017,16.6368
06-06-2017,16.5877
05-06-2017,16.6555
02-06-2017,16.6085
01-06-2017,16.5897
31-05-2017,16.579
30-05-2017,16.5627
29-05-2017,16.5228
26-05-2017,16.5194
25-05-2017,16.3273
24-05-2017,16.1503
23-05-2017,16.2563
22-05-2017,16.3784
19-05-2017,16.4344
18-05-2017,16.465
17-05-2017,16.6241
16-05-2017,16.5685
15-05-2017,16.4784
12-05-2017,16.415
11-05-2017,16.466
09-05-2017,16.3179
08-05-2017,16.2992
05-05-2017,16.2648
04-05-2017,16.3879
03-05-2017,16.2909
02-05-2017,16.31
28-04-2017,16.3206
27-04-2017,16.3069
26-04-2017,16.337
25-04-2017,16.2762
24-04-2017,16.1346
23-04-2017,18.3215
21-04-2017,16.0148
20-04-2017,16.0447
19-04-2017,16.0093
18-04-2017,16.0132
17-04-2017,16.0784
13-04-2017,16.1182
12-04-2017,16.1803
11-04-2017,16.2162
10-04-2017,16.1179
07-04-2017,16.1261
06-04-2017,16.2399
05-04-2017,16.2372
03-04-2017,16.1651
31-03-2017,16.0524
30-03-2017,16.0288
29-03-2017,16.0113
27-03-2017,15.8872
24-03-2017,15.9703
23-03-2017,15.8968
22-03-2017,15.8389
21-03-2017,15.9589
20-03-2017,15.9962
17-03-2017,16.0506
16-03-2017,16.0511
15-03-2017,15.9369
14-03-2017,15.8675
10-03-2017,15.6618
09-03-2017,15.6704
08-03-2017,15.6897
07-03-2017,15.7436
06-03-2017,15.7597
03-03-2017,15.6664
02-03-2017,15.6745
01-03-2017,15.7551
28-02-2017,15.6732
27-02-2017,15.6951
23-02-2017,15.7607
22-02-2017,15.7529
20-02-2017,15.6607
17-02-2017,15.5729
16-02-2017,15.4685
15-02-2017,15.3929
14-02-2017,15.5174
13-02-2017,15.5449
10-02-2017,15.5619
09-02-2017,15.5525
08-02-2017,15.5508
07-02-2017,15.5425
06-02-2017,15.5869
03-02-2017,15.5088
02-02-2017,15.4532
01-02-2017,15.3316
31-01-2017,15.1538
30-01-2017,15.2714
27-01-2017,15.267
25-01-2017,15.1487
24-01-2017,14.961
23-01-2017,14.8183
20-01-2017,14.7939
19-01-2017,14.9307
18-01-2017,14.8938
17-01-2017,14.8627
16-01-2017,14.8819
13-01-2017,14.8663
12-01-2017,14.8554
11-01-2017,14.7854
10-01-2017,14.6254
09-01-2017,14.5676
06-01-2017,14.595
05-01-2017,14.6108
04-01-2017,14.4961
04-01-2017,18.4537
03-01-2017,14.487
02-01-2017,14.4439
30-12-2016,14.4277
29-12-2016,14.2016
28-12-2016,14.1975
27-12-2016,13.9825
26-12-2016,14.0176
23-12-2016,14.1464
22-12-2016,14.1674
21-12-2016,14.2869
20-12-2016,14.3182
19-12-2016,14.3734
16-12-2016,14.4116
15-12-2016,14.4542
14-12-2016,14.5007
13-12-2016,14.5624
09-12-2016,14.6469
08-12-2016,14.565
07-12-2016,14.3786
06-12-2016,14.4601
05-12-2016,14.4268
02-12-2016,14.4017
01-12-2016,14.5536
30-11-2016,14.5737
29-11-2016,14.4467
28-11-2016,14.4253
25-11-2016,14.3664
24-11-2016,14.1871
23-11-2016,14.255
22-11-2016,14.1654
21-11-2016,14.1256
18-11-2016,14.3423
17-11-2016,14.3442
16-11-2016,14.3633
15-11-2016,14.4826
11-11-2016,14.7945
10-11-2016,15.0441
08-11-2016,15.0209
07-11-2016,14.9474
04-11-2016,14.8745
03-11-2016,14.9924
02-11-2016,15.09
01-11-2016,15.2515
28-10-2016,15.245
27-10-2016,15.2212
26-10-2016,15.2519
25-10-2016,15.359
24-10-2016,15.3886
21-10-2016,15.3386
20-10-2016,15.3356
19-10-2016,15.2876
18-10-2016,15.2457
17-10-2016,15.0615
14-10-2016,15.109
13-10-2016,15.1165
10-10-2016,15.3026
07-10-2016,15.2918
06-10-2016,15.312
05-10-2016,15.3757
04-10-2016,15.4009
03-10-2016,15.2868
30-09-2016,15.0864
29-09-2016,15.1095
28-09-2016,15.327
27-09-2016,15.2857
26-09-2016,15.3374
23-09-2016,15.4878
22-09-2016,15.4978
21-09-2016,15.3871
20-09-2016,15.414
19-09-2016,15.439
16-09-2016,15.3789
15-09-2016,15.3251
14-09-2016,15.3032
12-09-2016,15.3434
09-09-2016,15.5791
08-09-2016,15.6627
07-09-2016,15.6059
06-09-2016,15.5584
02-09-2016,15.3811
01-09-2016,15.3441
31-08-2016,15.3273
30-08-2016,15.235
29-08-2016,15.048
26-08-2016,15.0126
24-08-2016,15.1192
23-08-2016,15.1
22-08-2016,15.1138
19-08-2016,15.1738
18-08-2016,15.145
16-08-2016,15.0703
12-08-2016,15.0863
11-08-2016,14.9777
10-08-2016,15.0024
09-08-2016,15.1606
08-08-2016,15.1755
05-08-2016,15.0884
04-08-2016,14.9173
03-08-2016,14.9334
02-08-2016,15.0236
01-08-2016,15.0326
29-07-2016,15.0387
28-07-2016,15.0573
27-07-2016,14.9815
26-07-2016,14.9642
25-07-2016,15.0018
22-07-2016,14.8632
21-07-2016,14.8285
20-07-2016,14.8845
19-07-2016,14.8131
18-07-2016,14.7934
15-07-2016,14.8527
14-07-2016,14.8579
13-07-2016,14.8025
12-07-2016,14.7913
11-07-2016,14.6916
08-07-2016,14.5031
07-07-2016,14.5348
05-07-2016,14.5378
04-07-2016,14.566
01-07-2016,14.4756
30-06-2016,14.3794
29-06-2016,14.1426
28-06-2016,14.1426
27-06-2016,14.0866
24-06-2016,14.1046
23-06-2016,14.3252
22-06-2016,14.2422
21-06-2016,14.2574
20-06-2016,14.2693
17-06-2016,14.1678
16-06-2016,14.1558
15-06-2016,14.208
14-06-2016,14.0611
13-06-2016,14.0679
10-06-2016,14.1638
09-06-2016,14.2249
08-06-2016,14.2778
07-06-2016,14.2319
06-06-2016,14.1352
03-06-2016,14.1568
02-06-2016,14.1384
01-06-2016,14.0824
31-05-2016,14.0808
30-05-2016,14.0873
27-05-2016,13.9983
26-05-2016,13.8542
25-05-2016,13.5928
24-05-2016,13.3419
23-05-2016,13.3208
20-05-2016,13.3619
19-05-2016,13.4463
18-05-2016,13.587
17-05-2016,13.5919
16-05-2016,13.5307
13-05-2016,13.5103
12-05-2016,13.6098
11-05-2016,13.5426
10-05-2016,13.5965
09-05-2016,13.5231
06-05-2016,13.348
05-05-2016,13.3417
04-05-2016,13.2998
03-05-2016,13.3701
02-05-2016,13.455
02-05-2016,13.455
02-05-2016,13.455
29-04-2016,13.5047
28-04-2016,13.5322
27-04-2016,13.7084
26-04-2016,13.6653
25-04-2016,13.5235
22-04-2016,13.5859
21-04-2016,13.5831
20-04-2016,13.5702
18-04-2016,13.5343
13-04-2016,13.432
12-04-2016,13.2121
11-04-2016,13.1389
07-04-2016,12.9688
06-04-2016,13.0511
05-04-2016,13.0569
04-04-2016,13.2694
31-03-2016,13.242
30-03-2016,13.2177
29-03-2016,13.0074
28-03-2016,13.051
23-03-2016,13.2065
22-03-2016,13.2129
21-03-2016,13.1909
18-03-2016,13.0195
17-03-2016,12.8725
16-03-2016,12.8305
15-03-2016,12.7742
14-03-2016,12.8746
11-03-2016,12.8052
10-03-2016,12.7791
09-03-2016,12.8591
08-03-2016,12.7767
04-03-2016,12.7956
03-03-2016,12.7611
02-03-2016,12.5865
01-03-2016,12.3168
29-02-2016,11.9475
27-02-2016,15.6951
26-02-2016,12.0193
25-02-2016,11.9201
24-02-2016,12.0133
23-02-2016,12.1603
22-02-2016,12.3817
18-02-2016,12.296
17-02-2016,12.1623
16-02-2016,12.0722
15-02-2016,12.2945
12-02-2016,11.923
10-02-2016,12.3067
09-02-2016,12.4637
08-02-2016,12.6232
05-02-2016,12.7525
04-02-2016,12.5914
03-02-2016,12.5276
02-02-2016,12.6868
01-02-2016,12.8522
30-01-2016,15.2714
29-01-2016,12.8662
28-01-2016,12.6502
27-01-2016,12.6787
25-01-2016,12.6825
22-01-2016,12.6639
21-01-2016,12.401
20-01-2016,12.4413
19-01-2016,12.653
18-01-2016,12.5163
15-01-2016,12.6604
14-01-2016,12.8477
12-01-2016,12.8294
11-01-2016,12.9341
08-01-2016,13.0044
07-01-2016,12.9578
06-01-2016,13.2604
05-01-2016,13.3336
04-01-2016,13.3498
01-01-2016,13.6459
31-12-2015,13.6071
30-12-2015,13.5331
29-12-2015,13.5931
28-12-2015,13.5857
23-12-2015,13.4943
22-12-2015,13.3618
21-12-2015,13.4409
20-12-2015,18.2993
18-12-2015,13.3204
17-12-2015,13.456
16-12-2015,13.305
15-12-2015,13.2169
14-12-2015,13.1339
11-12-2015,13.0717
10-12-2015,13.1985
09-12-2015,13.0866
08-12-2015,13.2385
07-12-2015,13.3508
04-12-2015,13.3739
03-12-2015,13.508
02-12-2015,13.6202
01-12-2015,13.6606
30-11-2015,13.6268
27-11-2015,13.6399
26-11-2015,13.5406
24-11-2015,13.4574
23-11-2015,13.4834
20-11-2015,13.4986
19-11-2015,13.4734
18-11-2015,13.2956
17-11-2015,13.4673
16-11-2015,13.4155
13-11-2015,13.346
10-11-2015,13.3788
09-11-2015,13.5902
06-11-2015,13.6533
05-11-2015,13.6596
04-11-2015,13.7965
03-11-2015,13.8289
02-11-2015,13.8098
30-10-2015,13.8341
29-10-2015,13.906
28-10-2015,14.0059
27-10-2015,14.1002
26-10-2015,14.1428
23-10-2015,14.2024
21-10-2015,14.1266
20-10-2015,14.1339
19-10-2015,14.1539
16-10-2015,14.0875
15-10-2015,13.9874
14-10-2015,13.8716
13-10-2015,13.9114
12-10-2015,13.9291
09-10-2015,14.0023
08-10-2015,13.9048
07-10-2015,13.9856
06-10-2015,13.9438
05-10-2015,13.8861
04-10-2015,17.9329
01-10-2015,13.6122
30-09-2015,13.6111
29-09-2015,13.4297
28-09-2015,13.3451
24-09-2015,13.4707
23-09-2015,13.4339
22-09-2015,13.3773
21-09-2015,13.6569
18-09-2015,13.6633
16-09-2015,13.5232
15-09-2015,13.405
14-09-2015,13.4769
11-09-2015,13.3367
10-09-2015,13.3344
09-09-2015,13.387
08-09-2015,13.167
07-09-2015,12.9488
04-09-2015,13.1073
03-09-2015,13.3864
02-09-2015,13.2041
01-09-2015,13.3212
31-08-2015,13.6284
28-08-2015,13.6801
27-08-2015,13.587
26-08-2015,13.3186
25-08-2015,13.4685
24-08-2015,13.3462
21-08-2015,14.1835
20-08-2015,14.3066
19-08-2015,14.514
17-08-2015,14.4837
14-08-2015,14.5538
13-08-2015,14.2764
12-08-2015,14.2639
11-08-2015,14.455
10-08-2015,14.5603
07-08-2015,14.6248
06-08-2015,14.6627
05-08-2015,14.628
04-08-2015,14.5426
03-08-2015,14.5863
31-07-2015,14.5691
30-07-2015,14.381
29-07-2015,14.3024
28-07-2015,14.2382
24-07-2015,14.5459
23-07-2015,14.6588
22-07-2015,14.7256
21-07-2015,14.5553
20-07-2015,14.6802
17-07-2015,14.6866
16-07-2015,14.6835
15-07-2015,14.5393
14-07-2015,14.4123
13-07-2015,14.4205
10-07-2015,14.2543
09-07-2015,14.1998
08-07-2015,14.2495
07-07-2015,14.4907
06-07-2015,14.5089
03-07-2015,14.4464
02-07-2015,14.381
01-07-2015,14.3868
30-06-2015,14.2502
29-06-2015,14.1692
26-06-2015,14.2646
25-06-2015,14.2925
24-06-2015,14.2309
23-06-2015,14.2642
22-06-2015,14.2171
19-06-2015,14.0037
18-06-2015,13.9171
17-06-2015,13.7774
16-06-2015,13.7028
15-06-2015,13.6453
12-06-2015,13.579
11-06-2015,13.5493
10-06-2015,13.8155
09-06-2015,13.6449
08-06-2015,13.6808
05-06-2015,13.8006
04-06-2015,13.8221
03-06-2015,13.8151
02-06-2015,13.9676
01-06-2015,14.2939
29-05-2015,14.292
28-05-2015,14.1037
27-05-2015,14.1226
26-05-2015,14.1287
25-05-2015,14.1801
22-05-2015,14.3265
21-05-2015,14.2649
20-05-2015,14.2686
19-05-2015,14.1746
18-05-2015,14.1884
15-05-2015,14.006
15-05-2015,18.419
14-05-2015,13.9416
13-05-2015,13.9591
12-05-2015,13.7776
11-05-2015,14.1022
08-05-2015,13.8881
07-05-2015,13.6568
06-05-2015,13.7219
05-05-2015,14.1014
30-04-2015,13.8655
29-04-2015,13.963
28-04-2015,14.0402
27-04-2015,13.9185
24-04-2015,14.0691
23-04-2015,14.2185
22-04-2015,14.2696
21-04-2015,14.1838
20-04-2015,14.2994
17-04-2015,14.557
16-04-2015,14.721
15-04-2015,14.7863
13-04-2015,14.9165
10-04-2015,14.8305
10-04-2015,14.8305
09-04-2015,14.8272
08-04-2015,14.7264
07-04-2015,14.6503
06-04-2015,14.6496
31-03-2015,14.3782
31-03-2015,17.5057
30-03-2015,14.3815
27-03-2015,14.113
26-03-2015,14.1093
25-03-2015,14.4528
24-03-2015,14.4598
23-03-2015,14.4831
20-03-2015,14.5022
19-03-2015,14.603
18-03-2015,14.676
17-03-2015,14.7407
16-03-2015,14.5721
13-03-2015,14.6184
12-03-2015,14.8325
11-03-2015,14.6885
10-03-2015,14.7208
09-03-2015,14.8068
08-03-2015,12.7767
05-03-2015,15.1151
04-03-2015,15.0767
03-03-2015,15.1799
02-03-2015,15.0925
27-02-2015,14.9487
26-02-2015,14.7023
26-02-2015,12.0193
25-02-2015,14.8479
24-02-2015,14.8429
23-02-2015,14.8333
20-02-2015,14.9601
18-02-2015,15.011
16-02-2015,14.907
13-02-2015,14.883
12-02-2015,14.7263
11-02-2015,14.5846
10-02-2015,14.5017
09-02-2015,14.435
06-02-2015,14.6913
05-02-2015,14.7701
04-02-2015,14.7962
03-02-2015,14.8513
02-02-2015,14.9134
30-01-2015,14.9367
29-01-2015,15.2175
28-01-2015,15.1411
27-01-2015,15.1496
23-01-2015,14.9953
22-01-2015,14.8474
21-01-2015,14.7897
20-01-2015,14.7374
19-01-2015,14.4718
16-01-2015,14.4043
15-01-2015,14.3726
14-01-2015,14.0077
13-01-2015,14.0556
13-01-2015,12.9034
12-01-2015,14.1257
09-01-2015,14.0728
08-01-2015,13.9752
07-01-2015,13.7812
06-01-2015,13.8258
06-01-2015,13.2604
05-01-2015,14.2417
02-01-2015,14.2666
01-01-2015,14.0751
01-01-1970,14.5603
31-12-2014,14.0736
30-12-2014,14.0156
29-12-2014,14.016
26-12-2014,13.9415
24-12-2014,13.8997
23-12-2014,14.0652
22-12-2014,14.1629
19-12-2014,14.0014
18-12-2014,13.8829
17-12-2014,13.6707
16-12-2014,13.713
15-12-2014,13.9676
12-12-2014,13.9864
11-12-2014,14.1104
10-12-2014,14.2287
09-12-2014,14.2082
08-12-2014,14.3649
05-12-2014,14.5395
04-12-2014,14.5995
03-12-2014,14.5433
02-12-2014,14.537
01-12-2014,14.5939
28-11-2014,14.6555
27-11-2014,14.5439
26-11-2014,14.5131
25-11-2014,14.4917
24-11-2014,14.5694
21-11-2014,14.4864
20-11-2014,14.3616
19-11-2014,14.3332
18-11-2014,14.4032
17-11-2014,14.4169
14-11-2014,14.3434
13-11-2014,14.3002
12-11-2014,14.3311
11-11-2014,14.297
10-11-2014,14.2788
07-11-2014,14.2718
05-11-2014,14.2991
03-11-2014,14.2839
31-10-2014,14.2761
30-10-2014,14.0125
29-10-2014,13.8943
28-10-2014,13.7707
27-10-2014,13.7024
22-10-2014,13.7193
21-10-2014,13.6023
20-10-2014,13.5016
17-10-2014,13.3257
16-10-2014,13.3006
14-10-2014,13.3833
13-10-2014,13.4076
10-10-2014,13.3717
09-10-2014,13.532
08-10-2014,13.3332
07-10-2014,13.3601
01-10-2014,13.5238
30-09-2014,13.5524
29-09-2014,13.5337
26-09-2014,13.5382
25-09-2014,13.4598
24-09-2014,13.5819
23-09-2014,13.5902
22-09-2014,13.8193
19-09-2014,13.7642
18-09-2014,13.7658
17-09-2014,13.5353
16-09-2014,13.4659
15-09-2014,13.6312
12-09-2014,13.7404
11-09-2014,13.6929
10-09-2014,13.7159
09-09-2014,13.816
08-09-2014,13.8417
05-09-2014,13.6951
03-09-2014,13.7467
02-09-2014,13.6821
01-09-2014,13.5941
28-08-2014,13.4908
27-08-2014,13.4575
26-08-2014,13.3984
25-08-2014,13.3875
22-08-2014,13.3827
21-08-2014,13.3505
20-08-2014,13.3237
19-08-2014,13.3653
14-08-2014,13.2183
13-08-2014,13.132
12-08-2014,13.0827
11-08-2014,12.8994
08-08-2014,12.7969
07-08-2014,12.9125
06-08-2014,12.9605
05-08-2014,13.0914
04-08-2014,12.9884
01-08-2014,12.8691
31-07-2014,13.0849
30-07-2014,13.181
28-07-2014,13.1308
25-07-2014,13.1854
24-07-2014,13.2486
23-07-2014,13.1943
22-07-2014,13.1281
21-07-2014,12.9624
18-07-2014,12.9304
17-07-2014,12.8828
16-07-2014,12.8706
15-07-2014,12.6669
14-07-2014,12.6165
11-07-2014,12.6181
10-07-2014,12.7726
09-07-2014,12.8203
08-07-2014,12.8825
07-07-2014,13.132
04-07-2014,13.0554
03-07-2014,12.9669
02-07-2014,12.9598
01-07-2014,12.7999
30-06-2014,12.758
27-06-2014,12.5943
26-06-2014,12.5571
25-06-2014,12.6773
24-06-2014,12.7067
23-06-2014,12.5559
20-06-2014,12.5904
19-06-2014,12.6344
18-06-2014,12.6415
17-06-2014,12.7665
16-06-2014,12.6126
13-06-2014,12.631
12-06-2014,12.7992
11-06-2014,12.7496
10-06-2014,12.7824
09-06-2014,12.7647
06-06-2014,12.6823
05-06-2014,12.5058
04-06-2014,12.3865
03-06-2014,12.4194
02-06-2014,12.3318
30-05-2014,12.1128
29-05-2014,12.1137
28-05-2014,12.2558
27-05-2014,12.249
26-05-2014,12.3225
23-05-2014,12.3062
22-05-2014,12.1717
21-05-2014,12.1399
20-05-2014,12.1771
19-05-2014,12.1462
16-05-2014,12.0684
15-05-2014,11.9811
13-05-2014,11.9615
12-05-2014,11.8274
09-05-2014,11.5802
08-05-2014,11.2908
07-05-2014,11.2768
06-05-2014,11.3741
05-05-2014,11.3458
02-05-2014,11.3388
29-04-2014,11.3633
28-04-2014,11.4426
25-04-2014,11.4682
23-04-2014,11.549
22-04-2014,11.4973
21-04-2014,11.5026
17-04-2014,11.4396
16-04-2014,11.28
15-04-2014,11.3719
11-04-2014,11.4414
10-04-2014,11.4717
09-04-2014,11.4724
07-04-2014,11.3021
04-04-2014,11.3033
03-04-2014,11.3668
02-04-2014,11.3842
28-03-2014,11.2762
27-03-2014,11.212
26-03-2014,11.1515
25-03-2014,11.1282
24-03-2014,11.121
23-03-2014,14.4831
21-03-2014,10.9864
20-03-2014,10.9702
19-03-2014,11.0136
18-03-2014,11.0095
14-03-2014,10.9974
13-03-2014,10.9764
12-03-2014,11.0095
11-03-2014,10.9977
10-03-2014,11.0456
07-03-2014,11.0393
06-03-2014,10.8654
05-03-2014,10.7666
04-03-2014,10.7286
03-03-2014,10.6028
28-02-2014,10.6821
26-02-2014,10.6187
25-02-2014,10.568
24-02-2014,10.5419
24-02-2014,14.8429
21-02-2014,10.504
20-02-2014,10.436
18-02-2014,10.4986
17-02-2014,10.4414
14-02-2014,10.4114
13-02-2014,10.3582
12-02-2014,10.5015
11-02-2014,10.4856
10-02-2014,10.4787
07-02-2014,10.5133
06-02-2014,10.4617
05-02-2014,10.4218
04-02-2014,10.3513
03-02-2014,10.3586
31-01-2014,10.5139
30-01-2014,10.4738
29-01-2014,10.5458
28-01-2014,10.5451
27-01-2014,10.586
24-01-2014,10.7986
23-01-2014,10.9027
22-01-2014,10.9175
21-01-2014,10.852
20-01-2014,10.8284
17-01-2014,10.7469
16-01-2014,10.8491
15-01-2014,10.853
13-01-2014,10.7891
10-01-2014,10.6464
09-01-2014,10.66
08-01-2014,10.7011
07-01-2014,10.6879
06-01-2014,10.7387
03-01-2014,10.7492
02-01-2014,10.7842
01-01-2014,10.8965
31-12-2013,10.9083
30-12-2013,10.8874
27-12-2013,10.9325
26-12-2013,10.876
24-12-2013,10.854
23-12-2013,10.9077
20-12-2013,10.8833
19-12-2013,10.677
18-12-2013,10.7152
17-12-2013,10.574
16-12-2013,10.5747
13-12-2013,10.5996
12-12-2013,10.6655
11-12-2013,10.8049
10-12-2013,10.8435
09-12-2013,10.8487
06-12-2013,10.6798
05-12-2013,10.6542
04-12-2013,10.5545
03-12-2013,10.6087
02-12-2013,10.6291
29-11-2013,10.5898
28-11-2013,10.4853
27-11-2013,10.4175
26-11-2013,10.4313
25-11-2013,10.4821
22-11-2013,10.3334
21-11-2013,10.3284
20-11-2013,10.4997
19-11-2013,10.6198
18-11-2013,10.6044
14-11-2013,10.4058
13-11-2013,10.2889
12-11-2013,10.3233
11-11-2013,10.3792
08-11-2013,10.4675
07-11-2013,10.5542
06-11-2013,10.5298
05-11-2013,10.5633
01-11-2013,10.658
31-10-2013,10.6556
30-10-2013,10.6023
29-10-2013,10.573
28-10-2013,10.3858
25-10-2013,10.412
24-10-2013,10.4611
23-10-2013,10.5181
22-10-2013,10.5701
21-10-2013,10.5627
18-10-2013,10.4874
17-10-2013,10.2678
15-10-2013,10.3481
14-10-2013,10.3328
11-10-2013,10.3233
10-10-2013,10.2153
09-10-2013,10.2135
08-10-2013,10.1496
07-10-2013,10.1501
04-10-2013,10.1245
03-10-2013,10.1018
01-10-2013,9.9944
30-09-2013,10.0277
27-09-2013,10.0705
26-09-2013,10.0682
25-09-2013,10.0658
24-09-2013,10.0634
23-09-2013,10.0612
20-09-2013,10.0542
19-09-2013,10.0518
18-09-2013,10.0494
16-09-2013,10.045
13-09-2013,10.0386
12-09-2013,10.0365
11-09-2013,10.0344
10-09-2013,10.0321
06-09-2013,10.0239
05-09-2013,10.0218
04-09-2013,10.0191
03-09-2013,10.017
02-09-2013,10.0151
30-08-2013,10.0089
29-08-2013,10.0065
28-08-2013,10.0058
27-08-2013,10.0058
26-08-2013,10.0058
23-08-2013,10.0057
22-08-2013,10.0057
21-08-2013,10.0036
20-08-2013,10.0015
19-08-2013,9.9994
16-08-2013,9.9997
14-08-2013,9.9998
13-08-2013,9.9999
12-08-2013,10
08-08-2013,10
07-08-2013,10
06-08-2013,10
05-08-2013,10
02-08-2013,10
01-08-2013,10
31-07-2013,10
30-07-2013,10
29-07-2013,10
25-07-2013,10
24-07-2013,10
23-07-2013,10
22-07-2013,10
19-07-2013,10
18-07-2013,10
17-07-2013,10
16-07-2013,10
15-07-2013,10
12-07-2013,10
11-07-2013,10
10-07-2013,10
09-07-2013,10
08-07-2013,10
05-07-2013,10
04-07-2013,10
03-07-2013,10
02-07-2013,10
01-07-2013,10
28-06-2013,10
27-06-2013,10
26-06-2013,10
25-06-2013,10
24-06-2013,10
21-06-2013,10
20-06-2013,10
19-06-2013,10
18-06-2013,10
17-06-2013,10
14-06-2013,10
13-06-2013,10
12-06-2013,10
11-06-2013,10
10-06-2013,10
07-06-2013,10
